Price,Open,High,Low,Close,Volume
Ticker,LSX.AX,LSX.AX,LSX.AX,LSX.AX,LSX.AX
Date,,,,,
2022-11-09 19:00:00-05:00,0.4021828229435852,0.40655437111854553,0.3978112747686249,0.40655437111854553,147049
2022-11-10 19:00:00-05:00,0.4109259247779846,0.4109259247779846,0.3978112800780673,0.4109259247779846,643949
2022-11-13 19:00:00-05:00,0.42447293287579874,0.42447293287579874,0.4154416024684906,0.4154416024684906,179090
2022-11-14 19:00:00-05:00,0.4154415853392078,0.4199572503566742,0.4154415853392078,0.4199572503566742,249953
2022-11-15 19:00:00-05:00,0.4244728982448578,0.4244728982448578,0.4199572334096176,0.4244728982448578,79303
2022-11-16 19:00:00-05:00,0.4244728982448578,0.4244728982448578,0.4244728982448578,0.4244728982448578,103855
2022-11-17 19:00:00-05:00,0.4289885630800979,0.4289885630800979,0.4244728982448578,0.4244728982448578,70000
2022-11-20 19:00:00-05:00,0.4244728982448578,0.4289885630800979,0.4199572334096176,0.4244728982448578,570934
2022-11-21 19:00:00-05:00,0.4380199327919673,0.4380199327919673,0.42447291096480516,0.42898857593536377,113018
2022-11-22 19:00:00-05:00,0.4335042409059224,0.4335042409059224,0.42447291096480516,0.42898857593536377,160007
2022-11-23 19:00:00-05:00,0.4335042409059224,0.4335042409059224,0.42447291096480516,0.42898857593536377,156317
2022-11-24 19:00:00-05:00,0.43350422382354736,0.43350422382354736,0.42898855903093,0.43350422382354736,100208
2022-11-27 19:00:00-05:00,0.4335042279153381,0.4335042279153381,0.4244728982448578,0.4244728982448578,121527
2022-11-28 19:00:00-05:00,0.4199572503566742,0.42447291537414056,0.4199572503566742,0.4199572503566742,172705
2022-11-29 19:00:00-05:00,0.4244728982448578,0.4244728982448578,0.4244728982448578,0.4244728982448578,98810
2022-11-30 19:00:00-05:00,0.4289885630800979,0.4335042279153381,0.4244728982448578,0.4244728982448578,172213
2022-12-01 19:00:00-05:00,0.42898857593536377,0.4335042409059224,0.41995724599424655,0.42898857593536377,236799
2022-12-04 19:00:00-05:00,0.43350422382354736,0.43350422382354736,0.43350422382354736,0.43350422382354736,98184
2022-12-05 19:00:00-05:00,0.43350422382354736,0.43350422382354736,0.42898855903093,0.43350422382354736,155308
2022-12-06 19:00:00-05:00,0.43350422382354736,0.43350422382354736,0.42898855903093,0.43350422382354736,103079
2022-12-07 19:00:00-05:00,0.43350422382354736,0.43350422382354736,0.43350422382354736,0.43350422382354736,101042
2022-12-08 19:00:00-05:00,0.43350422382354736,0.43350422382354736,0.42898855903093,0.43350422382354736,121811
2022-12-11 19:00:00-05:00,0.4289885630800979,0.4289885630800979,0.4217635047268108,0.4244728982448578,208048
2022-12-12 19:00:00-05:00,0.42447291096480516,0.4335042409059224,0.42447291096480516,0.42898857593536377,171276
2022-12-13 19:00:00-05:00,0.43350422382354736,0.43350422382354736,0.43350422382354736,0.43350422382354736,122883
2022-12-14 19:00:00-05:00,0.42898857593536377,0.42898857593536377,0.42898857593536377,0.42898857593536377,94500
2022-12-15 19:00:00-05:00,0.42447291096480516,0.42898857593536377,0.42447291096480516,0.42898857593536377,136863
2022-12-18 19:00:00-05:00,0.4244728982448578,0.4289885630800979,0.4244728982448578,0.4244728982448578,164551
2022-12-19 19:00:00-05:00,0.42447291096480516,0.42898857593536377,0.41995724599424655,0.42898857593536377,110053
2022-12-20 19:00:00-05:00,0.42898855903093,0.43350422382354736,0.42898855903093,0.43350422382354736,53248
2022-12-21 19:00:00-05:00,0.43350422382354736,0.43350422382354736,0.43350422382354736,0.43350422382354736,86122
2022-12-22 19:00:00-05:00,0.43350422382354736,0.43350422382354736,0.42898855903093,0.43350422382354736,143728
2022-12-27 19:00:00-05:00,0.43350422382354736,0.43350422382354736,0.42898855903093,0.43350422382354736,133558
2022-12-28 19:00:00-05:00,0.4425356090068817,0.4425356090068817,0.4380199439215849,0.4425356090068817,96773
2022-12-29 19:00:00-05:00,0.4425356090068817,0.4425356090068817,0.4425356090068817,0.4425356090068817,80021
2023-01-02 19:00:00-05:00,0.4515669261824148,0.4515669261824148,0.43350423944554317,0.43801993131637573,339910
2023-01-03 19:00:00-05:00,0.44253559627172206,0.44253559627172206,0.43801993131637573,0.43801993131637573,218542
2023-01-04 19:00:00-05:00,0.43801993131637573,0.43801993131637573,0.43350423944554317,0.43801993131637573,151365
2023-01-05 19:00:00-05:00,0.4425356090068817,0.4425356090068817,0.4380199439215849,0.4425356090068817,117685
2023-01-08 19:00:00-05:00,0.4425356090068817,0.4425356090068817,0.4380199439215849,0.4425356090068817,183723
2023-01-09 19:00:00-05:00,0.4470512568950653,0.4470512568950653,0.4470512568950653,0.4470512568950653,150000
2023-01-10 19:00:00-05:00,0.4470512568950653,0.4470512568950653,0.4470512568950653,0.4470512568950653,70021
2023-01-11 19:00:00-05:00,0.4515669345855713,0.4515669345855713,0.4425356045068156,0.4515669345855713,146360
2023-01-12 19:00:00-05:00,0.4515669218066541,0.4515669218066541,0.44253559198347653,0.4470512568950653,162489
2023-01-15 19:00:00-05:00,0.4515669218066541,0.4515669218066541,0.44253559198347653,0.4470512568950653,129452
2023-01-16 19:00:00-05:00,0.4515669218066541,0.4515669218066541,0.44253559198347653,0.4470512568950653,135243
2023-01-17 19:00:00-05:00,0.44705127409217854,0.44705127409217854,0.4425356090068817,0.4425356090068817,266071
2023-01-18 19:00:00-05:00,0.4470512654499745,0.4470512654499745,0.44434187183427065,0.4447934329509735,70234
2023-01-19 19:00:00-05:00,0.4470512568950653,0.4515669218066541,0.4470512568950653,0.4470512568950653,189829
2023-01-22 19:00:00-05:00,0.4515669218066541,0.4515669218066541,0.4470512568950653,0.4470512568950653,85923
2023-01-23 19:00:00-05:00,0.44705126954619345,0.4515669345855713,0.44705126954619345,0.4515669345855713,94324
2023-01-24 19:00:00-05:00,0.45156693917747537,0.45156693917747537,0.4425356090068817,0.4425356090068817,232000
2023-01-26 19:00:00-05:00,0.44705126954619345,0.4515669345855713,0.44705126954619345,0.4515669345855713,114851
2023-01-29 19:00:00-05:00,0.4470512568950653,0.4470512568950653,0.44434186333120923,0.4470512568950653,179463
2023-01-30 19:00:00-05:00,0.4515669345855713,0.4560825996249491,0.44705126954619345,0.4515669345855713,413680
2023-01-31 19:00:00-05:00,0.45156694711144085,0.4605982774407137,0.45156694711144085,0.45608261227607727,155626
2023-02-01 19:00:00-05:00,0.4605982774407137,0.4605982774407137,0.45608261227607727,0.45608261227607727,188545
2023-02-02 19:00:00-05:00,0.4560825951690013,0.46059826016426086,0.4560825951690013,0.46059826016426086,266630
2023-02-05 19:00:00-05:00,0.4651139251595205,0.4651139251595205,0.4560825951690013,0.46059826016426086,532575
2023-02-06 19:00:00-05:00,0.45608261227607727,0.45608261227607727,0.4533731916449054,0.45608261227607727,163449
2023-02-07 19:00:00-05:00,0.4560825996249491,0.4560825996249491,0.4515669345855713,0.4515669345855713,273728
2023-02-08 19:00:00-05:00,0.45156694711144085,0.4605982774407137,0.45156694711144085,0.45608261227607727,142808
2023-02-09 19:00:00-05:00,0.46059826016426086,0.46059826016426086,0.46059826016426086,0.46059826016426086,197828
2023-02-12 19:00:00-05:00,0.45608261227607727,0.45608261227607727,0.45608261227607727,0.45608261227607727,169848
2023-02-13 19:00:00-05:00,0.45608261227607727,0.45608261227607727,0.45156694711144085,0.45608261227607727,210387
2023-02-14 19:00:00-05:00,0.4515669345855713,0.4515669345855713,0.4515669345855713,0.4515669345855713,110090
2023-02-15 19:00:00-05:00,0.4515669345855713,0.4515669345855713,0.4515669345855713,0.4515669345855713,5236
2023-02-16 19:00:00-05:00,0.4515669345855713,0.4515669345855713,0.4515669345855713,0.4515669345855713,54000
2023-02-19 19:00:00-05:00,0.45156694711144085,0.45608261227607727,0.44705128194680444,0.45608261227607727,389821
2023-02-20 19:00:00-05:00,0.4515669345855713,0.4515669345855713,0.4515669345855713,0.4515669345855713,19101
2023-02-21 19:00:00-05:00,0.44705127409217854,0.44705127409217854,0.43350425192080105,0.4425356090068817,123499
2023-02-23 19:00:00-05:00,0.43801993131637573,0.44253559627172206,0.43801993131637573,0.43801993131637573,50028
2023-02-27 19:00:00-05:00,0.43801991553165004,0.4425355803242674,0.43350422382354736,0.43350422382354736,100791
2023-02-28 19:00:00-05:00,0.44253559627172206,0.44253559627172206,0.43801993131637573,0.43801993131637573,95750
2023-03-01 19:00:00-05:00,0.4380199327919673,0.4380199327919673,0.42447291096480516,0.42898857593536377,265071
2023-03-02 19:00:00-05:00,0.4380199327919673,0.4380199327919673,0.42898857593536377,0.42898857593536377,36251
2023-03-05 19:00:00-05:00,0.42898855903093,0.43350422382354736,0.42898855903093,0.43350422382354736,87001
2023-03-06 19:00:00-05:00,0.43350422382354736,0.43350422382354736,0.43350422382354736,0.43350422382354736,96546
2023-03-07 19:00:00-05:00,0.43350422382354736,0.4425355803242674,0.43350422382354736,0.43350422382354736,62002
2023-03-08 19:00:00-05:00,0.4476402699947357,0.4476402699947357,0.4476402699947357,0.4476402699947357,19000
2023-03-09 19:00:00-05:00,0.45235225558280945,0.45235225558280945,0.4382162607610303,0.45235225558280945,81079
2023-03-12 20:00:00-04:00,0.4335042663537511,0.4335042663537511,0.428792268037796,0.428792268037796,50000
2023-03-13 20:00:00-04:00,0.4382162819297388,0.4382162819297388,0.43350428342819214,0.43350428342819214,23115
2023-03-14 20:00:00-04:00,0.4335042581507552,0.4429282546043396,0.42879225992396297,0.4429282546043396,106565
2023-03-15 20:00:00-04:00,0.4429282546043396,0.4429282546043396,0.42879225992396297,0.4429282546043396,8128
2023-03-21 20:00:00-04:00,0.4476402699947357,0.4476402699947357,0.4476402699947357,0.4476402699947357,1505
2023-03-23 20:00:00-04:00,0.43350428342819214,0.43350428342819214,0.43350428342819214,0.43350428342819214,20947
2023-03-27 20:00:00-04:00,0.43821626466970626,0.43821626466970626,0.428792268037796,0.428792268037796,28266
2023-03-28 20:00:00-04:00,0.428792268037796,0.428792268037796,0.428792268037796,0.428792268037796,4490
2023-03-29 20:00:00-04:00,0.4335042663537511,0.4335042663537511,0.428792268037796,0.428792268037796,265619
2023-04-02 20:00:00-04:00,0.428792268037796,0.428792268037796,0.428792268037796,0.428792268037796,32200
2023-04-03 20:00:00-04:00,0.428792268037796,0.428792268037796,0.428792268037796,0.428792268037796,12240
2023-04-04 20:00:00-04:00,0.43350428342819214,0.43350428342819214,0.42879228492664545,0.43350428342819214,211500
2023-04-05 20:00:00-04:00,0.428792268037796,0.428792268037796,0.428792268037796,0.428792268037796,26051
2023-04-10 20:00:00-04:00,0.428792268037796,0.4335042663537511,0.428792268037796,0.428792268037796,261297
2023-04-11 20:00:00-04:00,0.428792268037796,0.428792268037796,0.428792268037796,0.428792268037796,22214
2023-04-12 20:00:00-04:00,0.42879228492664545,0.43350428342819214,0.42879228492664545,0.43350428342819214,72024
2023-04-16 20:00:00-04:00,0.42879228492664545,0.43350428342819214,0.4240802583393723,0.43350428342819214,234492
2023-04-17 20:00:00-04:00,0.43350428342819214,0.43350428342819214,0.43350428342819214,0.43350428342819214,90309
2023-04-18 20:00:00-04:00,0.4382162819297388,0.4382162819297388,0.43350428342819214,0.43350428342819214,45759
2023-04-19 20:00:00-04:00,0.43350428342819214,0.43350428342819214,0.43350428342819214,0.43350428342819214,1200
2023-04-20 20:00:00-04:00,0.4335042776097312,0.4335042776097312,0.4240802526473999,0.4240802526473999,110002
2023-04-23 20:00:00-04:00,0.4240802526473999,0.4287922791714286,0.4240802526473999,0.4240802526473999,20005
2023-04-25 20:00:00-04:00,0.4335042663537511,0.4335042663537511,0.428792268037796,0.428792268037796,50000
2023-04-26 20:00:00-04:00,0.4240802526473999,0.4240802526473999,0.4240802526473999,0.4240802526473999,50000
2023-04-27 20:00:00-04:00,0.42408024584246345,0.43821626901626587,0.42408024584246345,0.43821626901626587,43079
2023-04-30 20:00:00-04:00,0.4335042706535736,0.43821626901626587,0.4335042706535736,0.43821626901626587,61000
2023-05-01 20:00:00-04:00,0.4335042706535736,0.43821626901626587,0.4335042706535736,0.43821626901626587,4000
2023-05-02 20:00:00-04:00,0.42879228492664545,0.43350428342819214,0.42879228492664545,0.43350428342819214,13305
2023-05-03 20:00:00-04:00,0.43821626901626587,0.43821626901626587,0.43821626901626587,0.43821626901626587,2500
2023-05-04 20:00:00-04:00,0.43350428342819214,0.43350428342819214,0.43350428342819214,0.43350428342819214,18750
2023-05-07 20:00:00-04:00,0.43350428342819214,0.43350428342819214,0.43350428342819214,0.43350428342819214,7464
2023-05-08 20:00:00-04:00,0.428792268037796,0.428792268037796,0.428792268037796,0.428792268037796,23252
2023-05-09 20:00:00-04:00,0.4287922791714286,0.4287922791714286,0.4240802526473999,0.4240802526473999,54983
2023-05-10 20:00:00-04:00,0.4240802526473999,0.4240802526473999,0.4240802526473999,0.4240802526473999,22614
2023-05-11 20:00:00-04:00,0.4240802583393723,0.43350428342819214,0.40994426283473223,0.43350428342819214,9690
2023-05-21 20:00:00-04:00,0.4287922791714286,0.4287922791714286,0.4193682542090973,0.4240802526473999,123103
2023-05-24 20:00:00-04:00,0.4240802355048336,0.4240802355048336,0.4193682372570038,0.4193682372570038,5500
2023-05-25 20:00:00-04:00,0.4287922791714286,0.4287922791714286,0.4240802526473999,0.4240802526473999,70000
2023-05-29 20:00:00-04:00,0.4240802526473999,0.4240802526473999,0.4240802526473999,0.4240802526473999,5000
2023-05-30 20:00:00-04:00,0.4335042776097312,0.4335042776097312,0.4240802526473999,0.4240802526473999,17294
2023-06-01 20:00:00-04:00,0.4240802526473999,0.4240802526473999,0.4240802526473999,0.4240802526473999,34898
2023-06-04 20:00:00-04:00,0.4240802526473999,0.4240802526473999,0.4193682542090973,0.4240802526473999,132000
2023-06-05 20:00:00-04:00,0.4193682372570038,0.4193682372570038,0.4193682372570038,0.4193682372570038,11400
2023-06-06 20:00:00-04:00,0.4240802355048336,0.4240802355048336,0.414656239009174,0.4193682372570038,14239
2023-06-07 20:00:00-04:00,0.4240802416361155,0.428792268037796,0.4240802416361155,0.428792268037796,41200
2023-06-08 20:00:00-04:00,0.4240802484523111,0.4240802484523111,0.41465625166893005,0.41465625166893005,50233
2023-06-12 20:00:00-04:00,0.4193682500606206,0.4193682500606206,0.41465625166893005,0.41465625166893005,3796
2023-06-13 20:00:00-04:00,0.4193682372570038,0.4240802355048336,0.414656239009174,0.4193682372570038,97797
2023-06-14 20:00:00-04:00,0.4193682372570038,0.4193682372570038,0.414656239009174,0.4193682372570038,33259
2023-06-18 20:00:00-04:00,0.4193682500606206,0.4193682500606206,0.41465625166893005,0.41465625166893005,121000
2023-06-19 20:00:00-04:00,0.41465625166893005,0.41465625166893005,0.41465625166893005,0.41465625166893005,23203
2023-06-21 20:00:00-04:00,0.4146562646197148,0.4146562646197148,0.4099442660808563,0.4099442660808563,8274
2023-06-22 20:00:00-04:00,0.4099442573324921,0.4240802526473999,0.4052322588941895,0.4240802526473999,117802
2023-06-25 20:00:00-04:00,0.4099442660808563,0.4099442660808563,0.4099442660808563,0.4099442660808563,5000
2023-06-26 20:00:00-04:00,0.4099442660808563,0.4099442660808563,0.4099442660808563,0.4099442660808563,31326
2023-06-27 20:00:00-04:00,0.4099442490333707,0.4099442490333707,0.4052322506904602,0.4052322506904602,5516
2023-06-28 20:00:00-04:00,0.4052322506904602,0.4052322506904602,0.4052322506904602,0.4052322506904602,50000
2023-06-29 20:00:00-04:00,0.4240802484523111,0.4240802484523111,0.41465625166893005,0.41465625166893005,102000
2023-07-06 20:00:00-04:00,0.4099442490333707,0.4099442490333707,0.4052322506904602,0.4052322506904602,46559
2023-07-09 20:00:00-04:00,0.4146562646197148,0.4146562646197148,0.4099442660808563,0.4099442660808563,48172
2023-07-16 20:00:00-04:00,0.4193682457191917,0.4193682457191917,0.4052322506904602,0.4052322506904602,84140
2023-07-18 20:00:00-04:00,0.4099442490333707,0.4099442490333707,0.4052322506904602,0.4052322506904602,55000
2023-07-19 20:00:00-04:00,0.4052322506904602,0.4052322506904602,0.4052322506904602,0.4052322506904602,45000
2023-07-20 20:00:00-04:00,0.4052322548855489,0.4240802484523111,0.4052322548855489,0.41465625166893005,97470
2023-07-24 20:00:00-04:00,0.4193682500606206,0.4193682500606206,0.41465625166893005,0.41465625166893005,5021
2023-07-25 20:00:00-04:00,0.4099442490333707,0.4099442490333707,0.4052322506904602,0.4052322506904602,83258
2023-07-27 20:00:00-04:00,0.4099442532772395,0.41465625166893005,0.4099442532772395,0.41465625166893005,35294
2023-08-02 20:00:00-04:00,0.4099442660808563,0.4099442660808563,0.4099442660808563,0.4099442660808563,63337
2023-08-06 20:00:00-04:00,0.4052322675419979,0.4099442660808563,0.4052322675419979,0.4099442660808563,81663
2023-08-07 20:00:00-04:00,0.4146562646197148,0.4146562646197148,0.4099442660808563,0.4099442660808563,77858
2023-08-08 20:00:00-04:00,0.4099442660808563,0.4099442660808563,0.4099442660808563,0.4099442660808563,65000
2023-08-09 20:00:00-04:00,0.4146562557707947,0.4240802526473999,0.4146562557707947,0.4240802526473999,32044
2023-08-10 20:00:00-04:00,0.4240802484523111,0.4240802484523111,0.41465625166893005,0.41465625166893005,92500
2023-08-13 20:00:00-04:00,0.41465625166893005,0.41465625166893005,0.41465625166893005,0.41465625166893005,30000
2023-08-14 20:00:00-04:00,0.4099442660808563,0.4099442660808563,0.4099442660808563,0.4099442660808563,10000
2023-08-15 20:00:00-04:00,0.4099442660808563,0.4099442660808563,0.4099442660808563,0.4099442660808563,56000
2023-08-16 20:00:00-04:00,0.4146562646197148,0.4146562646197148,0.4099442660808563,0.4099442660808563,1586
2023-08-17 20:00:00-04:00,0.414656239009174,0.4240802355048336,0.414656239009174,0.4193682372570038,122835
2023-08-20 20:00:00-04:00,0.4193682631585732,0.4193682631585732,0.4099442660808563,0.4099442660808563,51118
2023-08-21 20:00:00-04:00,0.4099442490333707,0.4099442490333707,0.4052322506904602,0.4052322506904602,77943
2023-08-23 20:00:00-04:00,0.4099442532772395,0.41465625166893005,0.4099442532772395,0.41465625166893005,53257
2023-08-24 20:00:00-04:00,0.41465625166893005,0.41465625166893005,0.41465625166893005,0.41465625166893005,73500
2023-08-27 20:00:00-04:00,0.4099442660808563,0.4099442660808563,0.4099442660808563,0.4099442660808563,101753
2023-08-28 20:00:00-04:00,0.4099442407613441,0.4193682372570038,0.4099442407613441,0.4193682372570038,165203
2023-08-29 20:00:00-04:00,0.4099442490333707,0.41465624737628115,0.4052322506904602,0.4052322506904602,172642
2023-08-30 20:00:00-04:00,0.40523226359535375,0.40523226359535375,0.4005202651023865,0.4005202651023865,75220
2023-09-03 20:00:00-04:00,0.4099442660808563,0.4099442660808563,0.4099442660808563,0.4099442660808563,10000
2023-09-04 20:00:00-04:00,0.4099442660808563,0.4099442660808563,0.4099442660808563,0.4099442660808563,13000
2023-09-05 20:00:00-04:00,0.4099442660808563,0.4099442660808563,0.4099442660808563,0.4099442660808563,28141
2023-09-06 20:00:00-04:00,0.4071170725746866,0.4099442660808563,0.4071170725746866,0.4099442660808563,19916
2023-09-07 20:00:00-04:00,0.4099442660808563,0.4099442660808563,0.4099442660808563,0.4099442660808563,1137
2023-09-10 20:00:00-04:00,0.4052322506904602,0.4052322506904602,0.4052322506904602,0.4052322506904602,7970
2023-09-11 20:00:00-04:00,0.4099442490333707,0.4099442490333707,0.4052322506904602,0.4052322506904602,71826
2023-09-12 20:00:00-04:00,0.4099442660808563,0.4099442660808563,0.4099442660808563,0.4099442660808563,55000
2023-09-13 20:00:00-04:00,0.4099442660808563,0.4099442660808563,0.4099442660808563,0.4099442660808563,250243
2023-09-19 20:00:00-04:00,0.41465624088827185,0.41465624088827185,0.40711704927472375,0.40758824348449707,109979
2023-09-20 20:00:00-04:00,0.4099442660808563,0.4099442660808563,0.4052322675419979,0.4099442660808563,40376
2023-09-21 20:00:00-04:00,0.4052322675419979,0.4099442660808563,0.4052322675419979,0.4099442660808563,55186
2023-09-24 20:00:00-04:00,0.4052322506904602,0.4052322506904602,0.4052322506904602,0.4052322506904602,52281
2023-09-25 20:00:00-04:00,0.4052322506904602,0.4099442490333707,0.4052322506904602,0.4052322506904602,101482
2023-09-26 20:00:00-04:00,0.4052322445381369,0.4052322445381369,0.39580821990966797,0.39580821990966797,178302
2023-09-27 20:00:00-04:00,0.39580823274577687,0.39580823274577687,0.39109623432159424,0.39109623432159424,55746
2023-09-28 20:00:00-04:00,0.39109623432159424,0.39109623432159424,0.39109623432159424,0.39109623432159424,17323
2023-10-01 20:00:00-04:00,0.39580821990966797,0.39580821990966797,0.39580821990966797,0.39580821990966797,51397
2023-10-02 20:00:00-04:00,0.39580821990966797,0.39580821990966797,0.39580821990966797,0.39580821990966797,35700
2023-10-03 20:00:00-04:00,0.39580821990966797,0.39580821990966797,0.39580821990966797,0.39580821990966797,7500
2023-10-04 20:00:00-04:00,0.39580821990966797,0.39580821990966797,0.39580821990966797,0.39580821990966797,25903
2023-10-05 20:00:00-04:00,0.4005202651023865,0.4005202651023865,0.4005202651023865,0.4005202651023865,8000
2023-10-08 20:00:00-04:00,0.39580821990966797,0.39580821990966797,0.39580821990966797,0.39580821990966797,100000
2023-10-09 20:00:00-04:00,0.3958082458949612,0.3958082458949612,0.38167225015280015,0.3863842487335205,150481
2023-10-10 20:00:00-04:00,0.3863842487335205,0.3863842487335205,0.3863842487335205,0.3863842487335205,50000
2023-10-11 20:00:00-04:00,0.38167223747322904,0.39109623432159424,0.38167223747322904,0.39109623432159424,99511
2023-10-15 20:00:00-04:00,0.3958082385236928,0.40523226359535375,0.3958082385236928,0.4005202651023865,47306
2023-10-16 20:00:00-04:00,0.39580821990966797,0.39580821990966797,0.39580821990966797,0.39580821990966797,40000
2023-10-17 20:00:00-04:00,0.4005202523475497,0.4052322506904602,0.4005202523475497,0.4052322506904602,126300
2023-10-18 20:00:00-04:00,0.4052322506904602,0.4052322506904602,0.4052322506904602,0.4052322506904602,65154
2023-10-19 20:00:00-04:00,0.4052322675419979,0.4099442660808563,0.4052322675419979,0.4099442660808563,43008
2023-10-23 20:00:00-04:00,0.40523226359535375,0.40523226359535375,0.4005202651023865,0.4005202651023865,269527
2023-10-24 20:00:00-04:00,0.4151734335171467,0.4151734335171467,0.40540462732315063,0.40540462732315063,3705
2023-10-25 20:00:00-04:00,0.40540462018573575,0.40540462018573575,0.39563584327697754,0.39563584327697754,46315
2023-10-26 20:00:00-04:00,0.39563584327697754,0.39563584327697754,0.39563584327697754,0.39563584327697754,15364
2023-10-29 20:00:00-04:00,0.4005202353000641,0.4005202353000641,0.4005202353000641,0.4005202353000641,11772
2023-10-30 20:00:00-04:00,0.4005202353000641,0.4005202353000641,0.4005202353000641,0.4005202353000641,4013
2023-10-31 20:00:00-04:00,0.4005202353000641,0.4005202353000641,0.4005202353000641,0.4005202353000641,20000
2023-11-01 20:00:00-04:00,0.4005202353000641,0.4005202353000641,0.4005202353000641,0.4005202353000641,50630
2023-11-02 20:00:00-04:00,0.4102890193462372,0.4102890193462372,0.4102890193462372,0.4102890193462372,83427
2023-11-05 19:00:00-05:00,0.4005202353000641,0.4005202353000641,0.4005202353000641,0.4005202353000641,4359
2023-11-06 19:00:00-05:00,0.41028901229586384,0.41028901229586384,0.4005202353000641,0.4005202353000641,96138
2023-11-07 19:00:00-05:00,0.4005202353000641,0.4005202353000641,0.4005202353000641,0.4005202353000641,40000
2023-11-09 19:00:00-05:00,0.405404623797964,0.405404623797964,0.39563584680216424,0.4005202353000641,96009
2023-11-12 19:00:00-05:00,0.4005202353000641,0.4005202353000641,0.4005202353000641,0.4005202353000641,1792
2023-11-13 19:00:00-05:00,0.40052025186282625,0.4024740131654307,0.40052025186282625,0.40296244621276855,26708
2023-11-16 19:00:00-05:00,0.405404623797964,0.405404623797964,0.4005202353000641,0.4005202353000641,3916
2023-11-20 19:00:00-05:00,0.40052024218257154,0.4102890193462372,0.40052024218257154,0.4102890193462372,221015
2023-11-21 19:00:00-05:00,0.41028902342796864,0.4200578298020709,0.41028902342796864,0.4151734411716461,251457
2023-11-22 19:00:00-05:00,0.4200578298020709,0.4200578298020709,0.4151734411716461,0.4151734411716461,87572
2023-11-23 19:00:00-05:00,0.41517343704132237,0.41517343704132237,0.4102890193462372,0.4102890193462372,43815
2023-11-26 19:00:00-05:00,0.42005783319473267,0.4317803718250816,0.42005783319473267,0.42005783319473267,28238
2023-11-28 19:00:00-05:00,0.4298265874385834,0.4298265874385834,0.42494219903116215,0.4298265874385834,176746
2023-11-29 19:00:00-05:00,0.4395953756627222,0.4444797933101654,0.43471098712853123,0.4444797933101654,100725
2023-11-30 19:00:00-05:00,0.43471098712853123,0.4444797933101654,0.4298265985943402,0.4444797933101654,113000
2023-12-03 19:00:00-05:00,0.4444797854710147,0.4444797854710147,0.4347109794616699,0.4347109794616699,152048
2023-12-05 19:00:00-05:00,0.42982660193154454,0.44936418533325195,0.42982660193154454,0.44936418533325195,263790
2023-12-06 19:00:00-05:00,0.4493641701815195,0.4493641701815195,0.4298265874385834,0.4298265874385834,113318
2023-12-07 19:00:00-05:00,0.43959537148475647,0.43959537148475647,0.429826594509218,0.43959537148475647,96382
2023-12-10 19:00:00-05:00,0.43471098299698724,0.43959537148475647,0.43471098299698724,0.43959537148475647,63497
2023-12-11 19:00:00-05:00,0.43959537148475647,0.43959537148475647,0.43471098299698724,0.43959537148475647,107911
2023-12-12 19:00:00-05:00,0.42982661392623617,0.4395953913430701,0.4249422252178192,0.4249422252178192,230000
2023-12-14 19:00:00-05:00,0.4298265874385834,0.4298265874385834,0.4298265874385834,0.4298265874385834,25000
2023-12-18 19:00:00-05:00,0.42005783319473267,0.42982661053448135,0.42005783319473267,0.42005783319473267,219521
2023-12-19 19:00:00-05:00,0.42005783319473267,0.42982661053448135,0.42005783319473267,0.42005783319473267,115772
2023-12-20 19:00:00-05:00,0.4249422252178192,0.4249422252178192,0.4249422252178192,0.4249422252178192,40000
2023-12-26 19:00:00-05:00,0.42982661392623617,0.4395953913430701,0.4249422252178192,0.4249422252178192,5453
2023-12-28 19:00:00-05:00,0.4395953679097165,0.4444797854710147,0.4347109794616699,0.4347109794616699,1202
2024-01-01 19:00:00-05:00,0.44447978908577757,0.44447978908577757,0.43959537148475647,0.43959537148475647,15352
2024-01-02 19:00:00-05:00,0.44447978908577757,0.44447978908577757,0.43959537148475647,0.43959537148475647,22004
2024-01-03 19:00:00-05:00,0.4395953679097165,0.4395953679097165,0.4347109794616699,0.4347109794616699,50001
2024-01-04 19:00:00-05:00,0.44447978908577757,0.44447978908577757,0.43959537148475647,0.43959537148475647,101980
2024-01-07 19:00:00-05:00,0.4444797854710147,0.4444797854710147,0.4347109794616699,0.4347109794616699,13158
2024-01-08 19:00:00-05:00,0.4395953679097165,0.4395953679097165,0.4347109794616699,0.4347109794616699,4523
2024-01-09 19:00:00-05:00,0.43959537148475647,0.43959537148475647,0.429826594509218,0.43959537148475647,7655
2024-01-10 19:00:00-05:00,0.4366647370316233,0.4395953642534257,0.4298265874385834,0.4298265874385834,38196
2024-01-11 19:00:00-05:00,0.4298265874385834,0.4298265874385834,0.42494219903116215,0.4298265874385834,18823
2024-01-14 19:00:00-05:00,0.42982661053448135,0.42982661053448135,0.42005783319473267,0.42005783319473267,31693
2024-01-15 19:00:00-05:00,0.4249422252178192,0.4249422252178192,0.4249422252178192,0.4249422252178192,1193
2024-01-16 19:00:00-05:00,0.42005783319473267,0.424942221864607,0.42005783319473267,0.42005783319473267,69185
2024-01-18 19:00:00-05:00,0.42005783319473267,0.42005783319473267,0.42005783319473267,0.42005783319473267,2000
2024-01-21 19:00:00-05:00,0.42982661392623617,0.42982661392623617,0.4249422252178192,0.4249422252178192,22401
2024-01-22 19:00:00-05:00,0.4249422252178192,0.4249422252178192,0.4249422252178192,0.4249422252178192,80000
2024-01-23 19:00:00-05:00,0.4249422252178192,0.4249422252178192,0.4249422252178192,0.4249422252178192,1193
2024-01-24 19:00:00-05:00,0.4249422252178192,0.4249422252178192,0.4249422252178192,0.4249422252178192,5683
2024-01-28 19:00:00-05:00,0.42494221843249574,0.42494221843249574,0.4151734411716461,0.4151734411716461,172687
2024-01-29 19:00:00-05:00,0.4200578256231552,0.4200578256231552,0.4102890193462372,0.4102890193462372,47468
2024-01-30 19:00:00-05:00,0.42005783319473267,0.42005783319473267,0.42005783319473267,0.42005783319473267,83000
2024-01-31 19:00:00-05:00,0.42005783319473267,0.42005783319473267,0.42005783319473267,0.42005783319473267,2000
2024-02-01 19:00:00-05:00,0.4151734222163198,0.4298265874385834,0.4151734222163198,0.4298265874385834,100836
2024-02-05 19:00:00-05:00,0.42982661053448135,0.42982661053448135,0.42005783319473267,0.42005783319473267,17607
2024-02-06 19:00:00-05:00,0.429826594509218,0.43959537148475647,0.42005781753367955,0.43959537148475647,28936
2024-02-07 19:00:00-05:00,0.4347109794616699,0.4347109794616699,0.4347109794616699,0.4347109794616699,49105
2024-02-08 19:00:00-05:00,0.4347110026346531,0.4347110026346531,0.4249422252178192,0.4249422252178192,20818
2024-02-11 19:00:00-05:00,0.4298265874385834,0.4298265874385834,0.42494219903116215,0.4298265874385834,31981
2024-02-12 19:00:00-05:00,0.424942221864607,0.424942221864607,0.42005783319473267,0.42005783319473267,31032
2024-02-14 19:00:00-05:00,0.42005783319473267,0.42005783319473267,0.42005783319473267,0.42005783319473267,45603
2024-02-18 19:00:00-05:00,0.42005783319473267,0.42005783319473267,0.42005783319473267,0.42005783319473267,1909
2024-02-19 19:00:00-05:00,0.42005783319473267,0.42005783319473267,0.42005783319473267,0.42005783319473267,25000
2024-02-20 19:00:00-05:00,0.42982661053448135,0.42982661053448135,0.42005783319473267,0.42005783319473267,47000
2024-02-21 19:00:00-05:00,0.4298265874385834,0.4298265874385834,0.4298265874385834,0.4298265874385834,44000
2024-02-22 19:00:00-05:00,0.4200578298020709,0.4200578298020709,0.4151734411716461,0.4151734411716461,96824
2024-02-25 19:00:00-05:00,0.4151734411716461,0.4151734411716461,0.4151734411716461,0.4151734411716461,70000
2024-02-26 19:00:00-05:00,0.4151734411716461,0.4151734411716461,0.4151734411716461,0.4151734411716461,25400
2024-02-27 19:00:00-05:00,0.4102890193462372,0.4102890193462372,0.4102890193462372,0.4102890193462372,148036
2024-02-28 19:00:00-05:00,0.4102890193462372,0.4102890193462372,0.4102890193462372,0.4102890193462372,51964
2024-02-29 19:00:00-05:00,0.4151734445248584,0.42005783319473267,0.4151734445248584,0.42005783319473267,30031
2024-03-03 19:00:00-05:00,0.42005783319473267,0.42005783319473267,0.42005783319473267,0.42005783319473267,35109
2024-03-04 19:00:00-05:00,0.4200578298020709,0.4200578298020709,0.41028902342796864,0.4151734411716461,207442
2024-03-05 19:00:00-05:00,0.41028902342796864,0.4151734411716461,0.4054046347975438,0.4151734411716461,119590
2024-03-06 19:00:00-05:00,0.4151734411716461,0.4151734411716461,0.4151734411716461,0.4151734411716461,25209
2024-03-07 19:00:00-05:00,0.41028902342796864,0.4151734411716461,0.41028902342796864,0.4151734411716461,79090
2024-03-10 20:00:00-04:00,0.41028901586352257,0.41028901586352257,0.40540462732315063,0.40540462732315063,133063
2024-03-11 20:00:00-04:00,0.40540462732315063,0.40540462732315063,0.40540462732315063,0.40540462732315063,151917
2024-03-12 20:00:00-04:00,0.405404623797964,0.41028901229586384,0.4005202353000641,0.4005202353000641,30486
2024-03-13 20:00:00-04:00,0.41028901229586384,0.41028901229586384,0.4005202353000641,0.4005202353000641,2269
2024-03-14 20:00:00-04:00,0.4005202353000641,0.41028901229586384,0.3975896080239746,0.4005202353000641,174947
2024-03-17 20:00:00-04:00,0.40052023173135665,0.40052023173135665,0.39563584327697754,0.39563584327697754,490216
2024-03-18 20:00:00-04:00,0.3956358536007387,0.41517343704132237,0.3956358536007387,0.4102890193462372,91566
2024-03-19 20:00:00-04:00,0.41028901586352257,0.41028901586352257,0.40540462732315063,0.40540462732315063,43485
2024-03-20 20:00:00-04:00,0.41028902342796864,0.4151734411716461,0.400520246167119,0.4151734411716461,66236
2024-03-21 20:00:00-04:00,0.4151734411716461,0.4151734411716461,0.4151734411716461,0.4151734411716461,12705
2024-03-24 20:00:00-04:00,0.4151734411716461,0.4151734411716461,0.4151734411716461,0.4151734411716461,50
2024-03-25 20:00:00-04:00,0.41517343704132237,0.41517343704132237,0.40735839201978796,0.4102890193462372,67360
2024-03-26 20:00:00-04:00,0.4102890193462372,0.4102890193462372,0.4102890193462372,0.4102890193462372,45291
2024-03-27 20:00:00-04:00,0.40540463076440436,0.4102890193462372,0.40540463076440436,0.4102890193462372,136151
2024-04-01 20:00:00-04:00,0.4102890193462372,0.4200578256231552,0.4102890193462372,0.4102890193462372,35761
2024-04-02 20:00:00-04:00,0.4151734335171467,0.4249422105978906,0.40540462732315063,0.40540462732315063,160052
2024-04-03 20:00:00-04:00,0.41028902342796864,0.4151734411716461,0.41028902342796864,0.4151734411716461,22319
2024-04-04 20:00:00-04:00,0.420057810623741,0.4298265874385834,0.420057810623741,0.4298265874385834,179799
2024-04-07 20:00:00-04:00,0.4298265874385834,0.4298265874385834,0.4298265874385834,0.4298265874385834,72108
2024-04-08 20:00:00-04:00,0.4298265874385834,0.4298265874385834,0.4298265874385834,0.4298265874385834,72876
2024-04-09 20:00:00-04:00,0.4298265874385834,0.4298265874385834,0.4298265874385834,0.4298265874385834,95678
2024-04-11 20:00:00-04:00,0.4298265874385834,0.4298265874385834,0.4298265874385834,0.4298265874385834,64800
2024-04-14 20:00:00-04:00,0.4298265910136233,0.4347109794616699,0.4298265910136233,0.4347109794616699,221022
2024-04-16 20:00:00-04:00,0.4298265910136233,0.4347109794616699,0.4298265910136233,0.4347109794616699,118000
2024-04-17 20:00:00-04:00,0.4298265910136233,0.4347109794616699,0.4298265910136233,0.4347109794616699,54000
2024-04-18 20:00:00-04:00,0.4298265874385834,0.4298265874385834,0.4298265874385834,0.4298265874385834,103130
2024-04-21 20:00:00-04:00,0.4298265874385834,0.4298265874385834,0.4298265874385834,0.4298265874385834,34250
2024-04-22 20:00:00-04:00,0.4298265874385834,0.43471097584600454,0.420057810623741,0.4298265874385834,161168
2024-04-23 20:00:00-04:00,0.42494219903116215,0.4298265874385834,0.42494219903116215,0.4298265874385834,109471
2024-04-25 20:00:00-04:00,0.4249422252178192,0.4249422252178192,0.4249422252178192,0.4249422252178192,80597
2024-04-28 20:00:00-04:00,0.4249422252178192,0.4249422252178192,0.4249422252178192,0.4249422252178192,139000
2024-04-29 20:00:00-04:00,0.42005783319473267,0.42005783319473267,0.4151734445248584,0.42005783319473267,96420
2024-04-30 20:00:00-04:00,0.420057810623741,0.4298265874385834,0.420057810623741,0.4298265874385834,249224
2024-05-01 20:00:00-04:00,0.4298265874385834,0.4298265874385834,0.420057810623741,0.4298265874385834,28000
2024-05-02 20:00:00-04:00,0.42982661053448135,0.42982661053448135,0.4102890267417311,0.42005783319473267,42144
2024-05-05 20:00:00-04:00,0.42005783319473267,0.42005783319473267,0.42005783319473267,0.42005783319473267,25000
2024-05-06 20:00:00-04:00,0.4200578298020709,0.42982660706292053,0.4151734411716461,0.4151734411716461,109016
2024-05-07 20:00:00-04:00,0.42005783319473267,0.42005783319473267,0.42005783319473267,0.42005783319473267,45670
2024-05-08 20:00:00-04:00,0.42005783319473267,0.42005783319473267,0.42005783319473267,0.42005783319473267,9090
2024-05-09 20:00:00-04:00,0.42005782004662,0.4249422085636094,0.42005782004662,0.42250001430511475,17038
2024-05-12 20:00:00-04:00,0.42005783319473267,0.42005783319473267,0.42005783319473267,0.42005783319473267,1000
2024-05-13 20:00:00-04:00,0.424942221864607,0.424942221864607,0.42005783319473267,0.42005783319473267,63783
2024-05-15 20:00:00-04:00,0.4249422252178192,0.4249422252178192,0.4249422252178192,0.4249422252178192,17775
2024-05-16 20:00:00-04:00,0.4249422252178192,0.4249422252178192,0.4249422252178192,0.4249422252178192,106800
2024-05-19 20:00:00-04:00,0.4249422252178192,0.4249422252178192,0.4249422252178192,0.4249422252178192,31525
2024-05-20 20:00:00-04:00,0.42005783650940226,0.4249422252178192,0.42005783650940226,0.4249422252178192,57678
2024-05-21 20:00:00-04:00,0.42494219903116215,0.4298265874385834,0.42494219903116215,0.4298265874385834,119445
2024-05-22 20:00:00-04:00,0.4249422252178192,0.4249422252178192,0.42005783650940226,0.4249422252178192,116081
2024-05-23 20:00:00-04:00,0.424942221864607,0.424942221864607,0.42005783319473267,0.42005783319473267,51866
2024-05-26 20:00:00-04:00,0.4151734411716461,0.4200578298020709,0.41028902342796864,0.4151734411716461,227677
2024-05-27 20:00:00-04:00,0.420057810623741,0.4298265874385834,0.420057810623741,0.4298265874385834,32308
2024-05-28 20:00:00-04:00,0.429826594509218,0.43959537148475647,0.429826594509218,0.43959537148475647,68395
2024-05-29 20:00:00-04:00,0.4347109794616699,0.4347109794616699,0.4298265910136233,0.4347109794616699,80593
2024-05-30 20:00:00-04:00,0.43471097584600454,0.43471097584600454,0.4298265874385834,0.4298265874385834,26500
2024-06-02 20:00:00-04:00,0.4298265910136233,0.4347109794616699,0.4298265910136233,0.4347109794616699,31005
2024-06-03 20:00:00-04:00,0.4347110026346531,0.4347110026346531,0.4249422252178192,0.4249422252178192,27261
2024-06-04 20:00:00-04:00,0.4347109794616699,0.4347109794616699,0.4347109794616699,0.4347109794616699,12505
2024-06-05 20:00:00-04:00,0.42494219903116215,0.4298265874385834,0.42494219903116215,0.4298265874385834,24342
2024-06-06 20:00:00-04:00,0.424942221864607,0.42982661053448135,0.42005783319473267,0.42005783319473267,118073
2024-06-10 20:00:00-04:00,0.42005783319473267,0.43471099920435563,0.42005783319473267,0.42005783319473267,114398
2024-06-11 20:00:00-04:00,0.42982660060673084,0.42982660060673084,0.42494221204967175,0.4273844063282013,7638
2024-06-12 20:00:00-04:00,0.4298265874385834,0.4298265874385834,0.4298265874385834,0.4298265874385834,7312
2024-06-13 20:00:00-04:00,0.4249422252178192,0.42982661392623617,0.4249422252178192,0.4249422252178192,195022
2024-06-16 20:00:00-04:00,0.4249422252178192,0.4249422252178192,0.42005783650940226,0.4249422252178192,36895
2024-06-17 20:00:00-04:00,0.424942221864607,0.424942221864607,0.42005783319473267,0.42005783319473267,256619
2024-06-18 20:00:00-04:00,0.42005783319473267,0.42005783319473267,0.42005783319473267,0.42005783319473267,3600
2024-06-19 20:00:00-04:00,0.42005783319473267,0.422011594485333,0.42005783319473267,0.42005783319473267,33252
2024-06-20 20:00:00-04:00,0.4249422252178192,0.4249422252178192,0.4249422252178192,0.4249422252178192,25136
2024-06-23 20:00:00-04:00,0.420057810623741,0.4298265874385834,0.420057810623741,0.4298265874385834,110421
2024-06-24 20:00:00-04:00,0.4298265910136233,0.4347109794616699,0.4249422025655767,0.4347109794616699,30212
2024-06-25 20:00:00-04:00,0.4347109794616699,0.4347109794616699,0.4347109794616699,0.4347109794616699,29491
2024-06-26 20:00:00-04:00,0.4347109794616699,0.4347109794616699,0.4298265910136233,0.4347109794616699,67355
2024-07-02 20:00:00-04:00,0.43959537148475647,0.43959537148475647,0.43959537148475647,0.43959537148475647,20000
2024-07-03 20:00:00-04:00,0.43471098299698724,0.43959537148475647,0.43471098299698724,0.43959537148475647,12956
2024-07-04 20:00:00-04:00,0.43959537148475647,0.43959537148475647,0.43959537148475647,0.43959537148475647,53735
2024-07-07 20:00:00-04:00,0.4395953679097165,0.4493641739190613,0.4347109794616699,0.4347109794616699,493455
2024-07-09 20:00:00-04:00,0.43959538241542306,0.4542485773563385,0.43959538241542306,0.4542485773563385,142883
2024-07-10 20:00:00-04:00,0.4689017431840014,0.4689017431840014,0.44936418874711753,0.4542485773563385,15787
2024-07-11 20:00:00-04:00,0.4542485807338864,0.45913296937942505,0.4542485807338864,0.45913296937942505,53001
2024-07-14 20:00:00-04:00,0.45913296937942505,0.45913296937942505,0.45913296937942505,0.45913296937942505,7300
2024-07-15 20:00:00-04:00,0.45913294681234856,0.46890172362327576,0.45913294681234856,0.46890172362327576,26
2024-07-16 20:00:00-04:00,0.46890172362327576,0.46890172362327576,0.46890172362327576,0.46890172362327576,27987
2024-07-17 20:00:00-04:00,0.46890172362327576,0.46890172362327576,0.46890172362327576,0.46890172362327576,33475
2024-07-18 20:00:00-04:00,0.46890172362327576,0.46890172362327576,0.46890172362327576,0.46890172362327576,30821
2024-07-21 20:00:00-04:00,0.4640173352178122,0.46890172362327576,0.4640173352178122,0.46890172362327576,111199
2024-07-22 20:00:00-04:00,0.4640173352178122,0.46890172362327576,0.4640173352178122,0.46890172362327576,63156
2024-07-23 20:00:00-04:00,0.4689017278855706,0.4737861454486847,0.4689017278855706,0.4737861454486847,56039
2024-07-24 20:00:00-04:00,0.4737861411419907,0.4737861411419907,0.46890172362327576,0.46890172362327576,10704
2024-07-25 20:00:00-04:00,0.46401735457478044,0.46401735457478044,0.4542485773563385,0.4542485773563385,137967
2024-07-28 20:00:00-04:00,0.46890175008360335,0.46890175008360335,0.4640173614025116,0.4640173614025116,19626
2024-07-29 20:00:00-04:00,0.4640173614025116,0.4640173614025116,0.4640173614025116,0.4640173614025116,15500
2024-07-30 20:00:00-04:00,0.45913297272141984,0.46890175008360335,0.45913297272141984,0.4640173614025116,28705
2024-07-31 20:00:00-04:00,0.46890172362327576,0.46890172362327576,0.46890172362327576,0.46890172362327576,30388
2024-08-01 20:00:00-04:00,0.46401735457478044,0.46401735457478044,0.4542485773563385,0.4542485773563385,176372
2024-08-04 20:00:00-04:00,0.45424857037854743,0.45424857037854743,0.4444797933101654,0.4444797933101654,166978
2024-08-05 20:00:00-04:00,0.44936418533325195,0.44936418533325195,0.44936418533325195,0.44936418533325195,5790
2024-08-06 20:00:00-04:00,0.4444797933101654,0.4444797933101654,0.4444797933101654,0.4444797933101654,5000
2024-08-07 20:00:00-04:00,0.44447978908577757,0.44447978908577757,0.43959537148475647,0.43959537148475647,93441
2024-08-08 20:00:00-04:00,0.4542485773563385,0.4542485773563385,0.4542485773563385,0.4542485773563385,4268
2024-08-11 20:00:00-04:00,0.44936417000142137,0.46890172362327576,0.44936417000142137,0.46890172362327576,75495
2024-08-13 20:00:00-04:00,0.4640173614025116,0.4640173614025116,0.4640173614025116,0.4640173614025116,20
2024-08-15 20:00:00-04:00,0.45424857037854743,0.45424857037854743,0.4444797933101654,0.4444797933101654,3910
2024-08-18 20:00:00-04:00,0.44936418533325195,0.44936418533325195,0.44936418533325195,0.44936418533325195,50000
2024-08-19 20:00:00-04:00,0.44936418533325195,0.44936418533325195,0.44936418533325195,0.44936418533325195,86189
2024-08-20 20:00:00-04:00,0.44936418533325195,0.44936418533325195,0.4444797967611382,0.44936418533325195,93609
2024-08-21 20:00:00-04:00,0.45913296596555947,0.45913296596555947,0.4542485773563385,0.4542485773563385,40623
2024-08-22 20:00:00-04:00,0.4542485773563385,0.4542485773563385,0.4542485773563385,0.4542485773563385,2150
2024-08-25 20:00:00-04:00,0.45913296937942505,0.45913296937942505,0.4542485807338864,0.45913296937942505,12972
2024-08-27 20:00:00-04:00,0.4640173580249637,0.4640173580249637,0.45913296937942505,0.45913296937942505,14125
2024-08-28 20:00:00-04:00,0.45913296937942505,0.45913296937942505,0.4562023420147524,0.45913296937942505,88832
2024-08-29 20:00:00-04:00,0.45913296596555947,0.46401735457478044,0.4542485773563385,0.4542485773563385,41345
2024-09-01 20:00:00-04:00,0.4542485807338864,0.45913296937942505,0.4542485807338864,0.45913296937942505,47924
2024-09-02 20:00:00-04:00,0.4640173614025116,0.4640173614025116,0.4640173614025116,0.4640173614025116,20105
2024-09-03 20:00:00-04:00,0.4640173614025116,0.4640173614025116,0.4640173614025116,0.4640173614025116,130922
2024-09-05 20:00:00-04:00,0.4640173614025116,0.4640173614025116,0.4640173614025116,0.4640173614025116,31521
2024-09-08 20:00:00-04:00,0.45913297272141984,0.4640173614025116,0.44936419535923633,0.4640173614025116,23715
2024-09-09 20:00:00-04:00,0.45913296937942505,0.45913296937942505,0.4542485807338864,0.45913296937942505,26133
2024-09-10 20:00:00-04:00,0.45913296937942505,0.45913296937942505,0.45913296937942505,0.45913296937942505,1620
2024-09-11 20:00:00-04:00,0.45913296937942505,0.45913296937942505,0.45913296937942505,0.45913296937942505,2127
2024-09-12 20:00:00-04:00,0.45913296596555947,0.46401735457478044,0.44936418874711753,0.4542485773563385,52491
2024-09-15 20:00:00-04:00,0.45913297272141984,0.4640173614025116,0.4542485840403281,0.4640173614025116,86305
2024-09-16 20:00:00-04:00,0.4640173614025116,0.4640173614025116,0.4640173614025116,0.4640173614025116,4083
2024-09-17 20:00:00-04:00,0.46401733943570816,0.48355492234840963,0.46401733943570816,0.4737861454486847,490408
2024-09-18 20:00:00-04:00,0.4640173352178122,0.4737861411419907,0.4640173352178122,0.46890172362327576,161561
2024-09-19 20:00:00-04:00,0.4737861454486847,0.4737861454486847,0.4737861454486847,0.4737861454486847,93173
2024-09-22 20:00:00-04:00,0.4786705409728091,0.4835549294948578,0.46890173481545955,0.4835549294948578,326785
2024-09-23 20:00:00-04:00,0.4835549294948578,0.4835549294948578,0.4835549294948578,0.4835549294948578,39196
2024-09-24 20:00:00-04:00,0.4835549363582786,0.5030924907237833,0.4835549363582786,0.4933237135410309,442128
2024-09-25 20:00:00-04:00,0.48843932831407677,0.49820810556411743,0.48843932831407677,0.49820810556411743,30030
2024-09-26 20:00:00-04:00,0.49820810556411743,0.5030924941891378,0.48843932831407677,0.49820810556411743,105303
2024-09-29 20:00:00-04:00,0.5030924941891378,0.5030924941891378,0.49820810556411743,0.49820810556411743,10049
2024-09-30 20:00:00-04:00,0.4982080986320625,0.4982080986320625,0.48843932151794434,0.48843932151794434,54974
2024-10-01 20:00:00-04:00,0.498208095061004,0.498208095061004,0.4835549294948578,0.4835549294948578,46872
2024-10-03 20:00:00-04:00,0.48843932494965475,0.5030924907237833,0.4835549363582786,0.4933237135410309,81547
2024-10-06 20:00:00-04:00,0.49820810556411743,0.49820810556411743,0.4952775073250084,0.49820810556411743,115951
2024-10-07 20:00:00-04:00,0.5030924749545017,0.5128612518310547,0.4982080865162253,0.5128612518310547,126785
2024-10-08 20:00:00-04:00,0.5226300869341107,0.5226300869341107,0.5079768633927783,0.5128612518310547,172704
2024-10-09 20:00:00-04:00,0.5128612518310547,0.5177456402693311,0.5128612518310547,0.5128612518310547,32944
2024-10-10 20:00:00-04:00,0.5128612783006582,0.517745666991026,0.5079768896102905,0.5079768896102905,76449
2024-10-13 20:00:00-04:00,0.5079768961499653,0.5177456736564636,0.5079768961499653,0.5177456736564636,186125
2024-10-14 20:00:00-04:00,0.5177456736564636,0.5177456736564636,0.5128612849032145,0.5177456736564636,113095
2024-10-15 20:00:00-04:00,0.5079768717008825,0.5226300954818726,0.5079768717008825,0.5226300954818726,99116
2024-10-16 20:00:00-04:00,0.5226301284807193,0.5470520726135301,0.5177456814276494,0.5275145173072815,353737
2024-10-17 20:00:00-04:00,0.5372832610363586,0.5470520380726827,0.5226300954818726,0.5226300954818726,68267
2024-10-20 20:00:00-04:00,0.5275144721608237,0.5568208026120625,0.5226300837522839,0.5470520257949829,181004
2024-10-21 20:00:00-04:00,0.5470520589161278,0.5519364476203918,0.5470520589161278,0.5519364476203918,120658
2024-10-22 20:00:00-04:00,0.5519364408631497,0.5519364408631497,0.5421676635742188,0.5421676635742188,10638
2024-10-23 20:00:00-04:00,0.5421676635742188,0.5470520522186842,0.5421676635742188,0.5421676635742188,17800
2024-10-24 20:00:00-04:00,0.5470520328972502,0.556820809841156,0.5372832559533446,0.556820809841156,173902
2024-10-27 20:00:00-04:00,0.556820809841156,0.5665895867850617,0.556820809841156,0.556820809841156,63424
2024-10-28 20:00:00-04:00,0.5665895867850617,0.5665895867850617,0.556820809841156,0.556820809841156,15970
2024-10-30 20:00:00-04:00,0.5714739561080933,0.5714739561080933,0.5714739561080933,0.5714739561080933,15626
2024-10-31 20:00:00-04:00,0.571474002437448,0.571474002437448,0.5519364476203918,0.5519364476203918,10754
2024-11-03 19:00:00-05:00,0.5617052316665649,0.5617052316665649,0.5568208429045823,0.5617052316665649,10052
2024-11-05 19:00:00-05:00,0.5714739824205083,0.5714739824205083,0.5665895938873291,0.5665895938873291,53194
2024-11-06 19:00:00-05:00,0.5617051983131088,0.5714739752570145,0.5372832559533446,0.556820809841156,250365
2024-11-07 19:00:00-05:00,0.5470520589161278,0.556820836324656,0.5421676702118639,0.5519364476203918,137143
2024-11-10 19:00:00-05:00,0.5470520184344515,0.5519364067772723,0.5372832417488098,0.5372832417488098,64851
2024-11-11 19:00:00-05:00,0.5372832749297533,0.5421676635742188,0.5323988862852878,0.5421676635742188,73552
2024-11-12 19:00:00-05:00,0.5372832681105182,0.5372832681105182,0.5323988795280457,0.5323988795280457,4425
2024-11-13 19:00:00-05:00,0.5128612445222187,0.5177456328908874,0.5030924677848816,0.5030924677848816,100064
2024-11-14 19:00:00-05:00,0.5030924941891378,0.5030924941891378,0.49820810556411743,0.49820810556411743,99286
2024-11-17 19:00:00-05:00,0.5079768961499653,0.5177456736564636,0.5079768961499653,0.5177456736564636,146431
2024-11-18 19:00:00-05:00,0.5177456814276494,0.5275145173072815,0.5177456814276494,0.5275145173072815,86230
2024-11-19 19:00:00-05:00,0.5323988795280457,0.5323988795280457,0.5323988795280457,0.5323988795280457,15691
2024-11-20 19:00:00-05:00,0.532398853405989,0.5372832417488098,0.532398853405989,0.5372832417488098,83151
2024-11-21 19:00:00-05:00,0.5372832681105182,0.5372832681105182,0.5323988795280457,0.5323988795280457,15526
2024-11-24 19:00:00-05:00,0.5323989061338437,0.5323989061338437,0.5275145173072815,0.5275145173072815,94
2024-11-25 19:00:00-05:00,0.5275144753723872,0.5275144753723872,0.5128612518310547,0.5128612518310547,95368
2024-11-26 19:00:00-05:00,0.5226300954818726,0.5275144840000346,0.5226300954818726,0.5226300954818726,13253
2024-11-27 19:00:00-05:00,0.5275145173072815,0.5275145173072815,0.5275145173072815,0.5275145173072815,211151
2024-11-28 19:00:00-05:00,0.5275145173072815,0.5275145173072815,0.5275145173072815,0.5275145173072815,59200
2024-12-01 19:00:00-05:00,0.5275145173072815,0.5275145173072815,0.5226301284807193,0.5275145173072815,192816
2024-12-02 19:00:00-05:00,0.5226300954818726,0.5226300954818726,0.5226300954818726,0.5226300954818726,20221
2024-12-03 19:00:00-05:00,0.5226300954818726,0.5226300954818726,0.5226300954818726,0.5226300954818726,1871
2024-12-04 19:00:00-05:00,0.5275144650631681,0.5372832417488098,0.5275144650631681,0.5372832417488098,16149
2024-12-05 19:00:00-05:00,0.5372832417488098,0.5470520184344515,0.5372832417488098,0.5372832417488098,65396
2024-12-08 19:00:00-05:00,0.5470520257949829,0.5470520257949829,0.5372832489779032,0.5470520257949829,80066
2024-12-09 19:00:00-05:00,0.5617052316665649,0.5617052316665649,0.5519364541425996,0.5617052316665649,38000
2024-12-10 19:00:00-05:00,0.5617051983131088,0.5617051983131088,0.556820809841156,0.556820809841156,70395
2024-12-11 19:00:00-05:00,0.5568208429045823,0.5617052316665649,0.5568208429045823,0.5617052316665649,81226
2024-12-12 19:00:00-05:00,0.5519364142035227,0.5617051910206023,0.5470520257949829,0.5470520257949829,197226
2024-12-15 19:00:00-05:00,0.5470520184344515,0.5470520184344515,0.5372832417488098,0.5372832417488098,98406
2024-12-16 19:00:00-05:00,0.5470520184344515,0.5470520184344515,0.5372832417488098,0.5372832417488098,31785
2024-12-17 19:00:00-05:00,0.5372832681105182,0.5372832681105182,0.5323988795280457,0.5323988795280457,16732
2024-12-18 19:00:00-05:00,0.5226301139078997,0.5323988912886352,0.5079768896102905,0.5079768896102905,95330
2024-12-19 19:00:00-05:00,0.5177456736564636,0.5177456736564636,0.5030925073967162,0.5177456736564636,18747
2024-12-22 19:00:00-05:00,0.5177456736564636,0.5177456736564636,0.5030925073967162,0.5177456736564636,45000
2024-12-26 19:00:00-05:00,0.5275145173072815,0.5275145173072815,0.5275145173072815,0.5275145173072815,2000
2025-01-01 19:00:00-05:00,0.5177456736564636,0.5177456736564636,0.5177456736564636,0.5177456736564636,3848
2025-01-02 19:00:00-05:00,0.5128612849032145,0.5177456736564636,0.5128612849032145,0.5177456736564636,40000
2025-01-05 19:00:00-05:00,0.5226301206362196,0.5226301206362196,0.5177456736564636,0.5177456736564636,2443
2025-01-06 19:00:00-05:00,0.5177456736564636,0.5177456736564636,0.5177456736564636,0.5177456736564636,12018
2025-01-07 19:00:00-05:00,0.5226301284807193,0.5275145173072815,0.5226301284807193,0.5275145173072815,71250
2025-01-08 19:00:00-05:00,0.5226301206362196,0.5275145093894688,0.5177456736564636,0.5177456736564636,116429
2025-01-09 19:00:00-05:00,0.5177456487372065,0.5226300954818726,0.5177456487372065,0.5226300954818726,29682
2025-01-12 19:00:00-05:00,0.5226300954818726,0.5226300954818726,0.5226300954818726,0.5226300954818726,2983
2025-01-13 19:00:00-05:00,0.5323988795280457,0.5323988795280457,0.5323988795280457,0.5323988795280457,920
2025-01-14 19:00:00-05:00,0.5275145173072815,0.5275145173072815,0.5275145173072815,0.5275145173072815,1200
2025-01-15 19:00:00-05:00,0.5275145173072815,0.5275145173072815,0.5275145173072815,0.5275145173072815,107000
2025-01-16 19:00:00-05:00,0.5275144909455731,0.5323988795280457,0.5226301023631007,0.5323988795280457,27169
2025-01-19 19:00:00-05:00,0.5323988795280457,0.5323988795280457,0.5226301023631007,0.5323988795280457,6202
2025-01-20 19:00:00-05:00,0.5226300954818726,0.5226300954818726,0.5226300954818726,0.5226300954818726,8458
2025-01-21 19:00:00-05:00,0.5275144650631681,0.5372832417488098,0.5226300767203473,0.5372832417488098,18547
2025-01-22 19:00:00-05:00,0.5372832681105182,0.5372832681105182,0.5275144909455731,0.5323988795280457,42581
2025-01-23 19:00:00-05:00,0.532398853405989,0.5372832417488098,0.532398853405989,0.5372832417488098,15075
2025-01-27 19:00:00-05:00,0.5372832681105182,0.5372832681105182,0.5323988795280457,0.5323988795280457,38504
2025-01-28 19:00:00-05:00,0.5343525926421783,0.5470520257949829,0.5343525926421783,0.5470520257949829,279805
2025-01-29 19:00:00-05:00,0.5470520452754631,0.5470520452754631,0.5323988795280457,0.5323988795280457,50371
2025-01-30 19:00:00-05:00,0.5470520184344515,0.5470520184344515,0.5372832417488098,0.5372832417488098,10000
2025-02-02 19:00:00-05:00,0.5372832949604058,0.5372832949604058,0.5275145173072815,0.5275145173072815,49729
2025-02-03 19:00:00-05:00,0.532398853405989,0.5470520184344515,0.532398853405989,0.5372832417488098,30918
2025-02-04 19:00:00-05:00,0.5421676635742188,0.5470520522186842,0.5421676635742188,0.5421676635742188,145006
2025-02-05 19:00:00-05:00,0.5470520328972502,0.556820809841156,0.5470520328972502,0.556820809841156,58754
2025-02-06 19:00:00-05:00,0.5470520589161278,0.5519364476203918,0.5470520589161278,0.5519364476203918,84820
2025-02-09 19:00:00-05:00,0.5421676444252974,0.556820809841156,0.5421676444252974,0.556820809841156,240765
2025-02-10 19:00:00-05:00,0.556820809841156,0.5665895867850617,0.556820809841156,0.556820809841156,268148
2025-02-11 19:00:00-05:00,0.5665895677998063,0.5714739561080933,0.563658969750735,0.5714739561080933,80125
2025-02-12 19:00:00-05:00,0.5568207911832322,0.5714739561080933,0.5568207911832322,0.5714739561080933,25026
2025-02-13 19:00:00-05:00,0.5617051794915192,0.5714739561080933,0.5617051794915192,0.5714739561080933,7468
2025-02-16 19:00:00-05:00,0.5665896007488419,0.5763583779335022,0.5617052121565117,0.5763583779335022,259313
2025-02-17 19:00:00-05:00,0.5714739824205083,0.5714739824205083,0.5665895938873291,0.5665895938873291,50891
2025-02-18 19:00:00-05:00,0.5714739647678055,0.5812427997589111,0.5714739647678055,0.5812427997589111,187535
2025-02-19 19:00:00-05:00,0.5812427997589111,0.5812427997589111,0.5763583531501072,0.5812427997589111,26165
2025-02-20 19:00:00-05:00,0.5763583637289674,0.5763583637289674,0.556820809841156,0.556820809841156,103278
2025-02-23 19:00:00-05:00,0.5763583709536876,0.5763583709536876,0.5665895938873291,0.5665895938873291,117578
2025-02-24 19:00:00-05:00,0.5714739824205083,0.5714739824205083,0.5617052053541499,0.5665895938873291,86086
2025-02-25 19:00:00-05:00,0.5421676635742188,0.5470520522186842,0.5323988862852878,0.5421676635742188,221902
2025-02-26 19:00:00-05:00,0.5519364282877914,0.5714739824205083,0.5519364282877914,0.5665895938873291,341614
2025-02-27 19:00:00-05:00,0.5665896204285475,0.5665896204285475,0.5617052316665649,0.5617052316665649,44504
2025-03-02 19:00:00-05:00,0.5617052053541499,0.5665895938873291,0.5470520397546121,0.5665895938873291,138596
2025-03-03 19:00:00-05:00,0.5665895867850617,0.5665895867850617,0.556820809841156,0.556820809841156,17847
2025-03-04 19:00:00-05:00,0.556820809841156,0.556820809841156,0.556820809841156,0.556820809841156,1184
2025-03-05 19:00:00-05:00,0.5665895938873291,0.5665895938873291,0.5665895938873291,0.5665895938873291,6000
2025-03-06 19:00:00-05:00,0.5665896204285475,0.5665896204285475,0.5617052316665649,0.5617052316665649,25596
2025-03-09 20:00:00-04:00,0.5665895938873291,0.5665895938873291,0.5665895938873291,0.5665895938873291,4259
2025-03-10 20:00:00-04:00,0.5617051983131088,0.5617051983131088,0.556820809841156,0.556820809841156,39444
2025-03-11 20:00:00-04:00,0.5617051983131088,0.5617051983131088,0.556820809841156,0.556820809841156,15956
2025-03-12 20:00:00-04:00,0.5665895938873291,0.5665895938873291,0.5617052053541499,0.5665895938873291,75167
2025-03-13 20:00:00-04:00,0.5714739973748327,0.5861272215843201,0.5714739973748327,0.5861272215843201,102202
2025-03-16 20:00:00-04:00,0.5861271881412127,0.5910115765235143,0.5763583531501072,0.5812427997589111,86775
2025-03-17 20:00:00-04:00,0.5763583779335022,0.5812428247523372,0.5763583779335022,0.5763583779335022,18698
2025-03-18 20:00:00-04:00,0.5763583531501072,0.5812427997589111,0.5763583531501072,0.5812427997589111,42931
2025-03-19 20:00:00-04:00,0.5812427997589111,0.5812427997589111,0.5763583531501072,0.5812427997589111,28680
2025-03-20 20:00:00-04:00,0.5861272133446674,0.5861272133446674,0.5763583779335022,0.5763583779335022,128429
2025-03-23 20:00:00-04:00,0.5861272215843201,0.5861272215843201,0.5812428329233262,0.5861272215843201,107870
2025-03-24 20:00:00-04:00,0.6154335141181946,0.6349710675103588,0.6056647374221125,0.6154335141181946,856477
2025-03-25 20:00:00-04:00,0.6203179024662356,0.6252022908142767,0.6105491257701535,0.6154335141181946,266235
2025-03-26 20:00:00-04:00,0.6203179290115486,0.6203179290115486,0.6105491518974304,0.6105491518974304,109935
2025-03-27 20:00:00-04:00,0.6154335141181946,0.6203179024662356,0.6154335141181946,0.6154335141181946,123202
2025-03-30 20:00:00-04:00,0.6203179359436035,0.6203179359436035,0.6105491587203192,0.6203179359436035,123319
2025-03-31 20:00:00-04:00,0.6203179290115486,0.6252023175686077,0.6105491518974304,0.6105491518974304,95100
2025-04-01 20:00:00-04:00,0.6203179359436035,0.6203179359436035,0.605664770108677,0.6203179359436035,54243
2025-04-02 20:00:00-04:00,0.6203179290115486,0.6252023175686077,0.6105491518974304,0.6105491518974304,72059
2025-04-03 20:00:00-04:00,0.6105491257701535,0.6154335141181946,0.6056647374221125,0.6154335141181946,170959
2025-04-06 20:00:00-04:00,0.605664767713988,0.605664767713988,0.5665896007488419,0.5763583779335022,481080
2025-04-07 20:00:00-04:00,0.5861272215843201,0.5958959989063077,0.5861272215843201,0.5861272215843201,82658
2025-04-08 20:00:00-04:00,0.5958960121377695,0.615433567215563,0.5763583988334692,0.6056647896766663,276079
2025-04-09 20:00:00-04:00,0.6252023052883022,0.6349710822105408,0.6203179168271828,0.6349710822105408,253801
2025-04-10 20:00:00-04:00,0.6349710905837967,0.6447399258613586,0.6300867020582679,0.6447399258613586,457925
2025-04-13 20:00:00-04:00,0.6447399139962596,0.6740462446101109,0.6447399139962596,0.669161856174469,307762
2025-04-14 20:00:00-04:00,0.6691618756407253,0.6691618756407253,0.6545087099075317,0.6545087099075317,184906
2025-04-15 20:00:00-04:00,0.6642774677388271,0.669161856174469,0.6593930793031852,0.669161856174469,193333
2025-04-16 20:00:00-04:00,0.669161856174469,0.6789306330457526,0.669161856174469,0.669161856174469,499425
2025-04-21 20:00:00-04:00,0.6740462586545755,0.6886994242668152,0.6740462586545755,0.6886994242668152,357166
2025-04-22 20:00:00-04:00,0.6935838257240936,0.6984682143524917,0.6496243280685104,0.6642774939537048,550893
2025-04-23 20:00:00-04:00,0.6642775071444944,0.683815062046051,0.6593931184191053,0.683815062046051,245813
2025-04-27 20:00:00-04:00,0.6886994507714401,0.6935838394968292,0.6740462845952727,0.683815062046051,287100
2025-04-28 20:00:00-04:00,0.6838150553550709,0.6838150553550709,0.6593931119670885,0.6740462779998779,118792
2025-04-29 20:00:00-04:00,0.6642774605107905,0.669161848893285,0.6496242953633067,0.6593930721282959,299442
2025-04-30 20:00:00-04:00,0.6593931171256893,0.6642775058414976,0.6398555040359497,0.6398555040359497,108451
2025-05-01 20:00:00-04:00,0.6789306527961877,0.6789306527961877,0.6447399327520693,0.6545087099075317,312635
2025-05-04 20:00:00-04:00,0.6691618893222815,0.6740462779998779,0.664277500644685,0.6740462779998779,206611
2025-05-05 20:00:00-04:00,0.6740462779998779,0.6838150553550709,0.664277500644685,0.6740462779998779,92805
2025-05-06 20:00:00-04:00,0.6838150553550709,0.6838150553550709,0.6740462779998779,0.6740462779998779,344518
2025-05-07 20:00:00-04:00,0.6789306539683327,0.6984682083129883,0.669161876796005,0.6984682083129883,260036
2025-05-08 20:00:00-04:00,0.6984682083129883,0.703352655125657,0.6838150425544967,0.6984682083129883,170139
2025-05-11 20:00:00-04:00,0.6984682213878602,0.6984682213878602,0.6740462779998779,0.6740462779998779,230699
2025-05-12 20:00:00-04:00,0.6838150140407688,0.6838150140407688,0.6545086837458013,0.6593930721282959,191296
2025-05-13 20:00:00-04:00,0.6789306330457526,0.6838150214813945,0.669161856174469,0.669161856174469,27503
2025-05-14 20:00:00-04:00,0.669161848893285,0.669161848893285,0.6593930721282959,0.6593930721282959,123650
2025-05-15 20:00:00-04:00,0.6642774815797489,0.7033526481055592,0.6593930930423356,0.6886994242668152,584206
2025-05-18 20:00:00-04:00,0.6935838197268244,0.6984682083129883,0.6838150425544967,0.6984682083129883,96643
2025-05-19 20:00:00-04:00,0.6935838197268244,0.6984682083129883,0.6838150425544967,0.6984682083129883,94042
2025-05-20 20:00:00-04:00,0.6984681905717683,0.7131214141845703,0.6886994136475694,0.7131214141845703,931034
2025-05-21 20:00:00-04:00,0.7131214347071017,0.781502933370912,0.7082370461044369,0.7424277663230896,321649
2025-05-22 20:00:00-04:00,0.7424277663230896,0.752196543528419,0.7326589891177603,0.7424277663230896,146234
2025-05-25 20:00:00-04:00,0.7521965503692627,0.7619653276634341,0.747312161722177,0.7521965503692627,152593
2025-05-26 20:00:00-04:00,0.7619653344154358,0.7619653344154358,0.7521965570347003,0.7619653344154358,44791
2025-05-27 20:00:00-04:00,0.7570809390163483,0.7815029404782824,0.7521965503692627,0.7521965503692627,108431
2025-05-28 20:00:00-04:00,0.776618558713045,0.776618558713045,0.7619653344154358,0.7619653344154358,56324
2025-05-29 20:00:00-04:00,0.776618533301944,0.7815029218324936,0.7619653094837909,0.7668497562408447,47276
2025-06-01 20:00:00-04:00,0.7766185402870178,0.7815029288614986,0.7717341517125369,0.7766185402870178,145008
2025-06-02 20:00:00-04:00,0.8010405037256525,0.8108092811254217,0.7863873376259988,0.8059248924255371,254084
2025-06-03 20:00:00-04:00,0.8010404706001282,0.810809247595928,0.8010404706001282,0.8010404706001282,96060
2025-06-04 20:00:00-04:00,0.805924844169031,0.8938439519556177,0.805924844169031,0.8596531748771667,748770
2025-06-05 20:00:00-04:00,0.8694219659939745,0.8791907429695129,0.859653189018436,0.8791907429695129,322064
2025-06-09 20:00:00-04:00,0.8791907429695129,0.8987283551470936,0.8743063544817438,0.8791907429695129,811877
2025-06-10 20:00:00-04:00,0.8791907840709031,0.8987283971618498,0.8791907840709031,0.8938440084457397,309112
2025-06-11 20:00:00-04:00,0.8987283706665039,0.9084971478107314,0.8889595935222764,0.8987283706665039,455049
2025-06-12 20:00:00-04:00,0.9036127284083063,0.9378034472465515,0.9036127284083063,0.9378034472465515,614928
2025-06-15 20:00:00-04:00,0.9378034863680028,0.9622254876406129,0.9036127661034561,0.908497154712677,395659
2025-06-16 20:00:00-04:00,0.9280347228050232,0.9426878888482985,0.9133815567617479,0.9280347228050232,189061
2025-06-17 20:00:00-04:00,0.9280346964832312,0.94757230887996,0.9280346964832312,0.9329190850257874,199338
2025-06-18 20:00:00-04:00,0.928034675035639,0.9329190634653132,0.9036127328872681,0.9036127328872681,178107
2025-06-19 20:00:00-04:00,0.9133815550531572,0.9133815550531572,0.8791907761229669,0.8840751647949219,250212
2025-06-22 20:00:00-04:00,0.8791907624912453,0.8840751510874685,0.8645375967025757,0.8645375967025757,245913
2025-06-23 20:00:00-04:00,0.8645375924352029,0.9182659249549591,0.8645375924352029,0.8987283706665039,198421
2025-06-24 20:00:00-04:00,0.9182659249549591,0.9280347020991866,0.8987283706665039,0.8987283706665039,236458
2025-06-25 20:00:00-04:00,0.8987283706665039,0.9182659249549591,0.8938439820943902,0.8987283706665039,68852
2025-06-26 20:00:00-04:00,0.9133815097466164,0.9231502866059648,0.8889595675982455,0.9036127328872681,116434
2025-06-29 20:00:00-04:00,0.9084971478107314,0.9084971478107314,0.8938439820943902,0.8987283706665039,110323
2025-06-30 20:00:00-04:00,0.8987283478381226,0.9036127362861692,0.8596531820272466,0.8694219589233398,210064
2025-07-01 20:00:00-04:00,0.8694219516920091,0.8743063400994303,0.8547687864697455,0.8596531748771667,165520
2025-07-02 20:00:00-04:00,0.8596531971886804,0.8889595866203308,0.8596531971886804,0.8889595866203308,105072
2025-07-03 20:00:00-04:00,0.8889596197296297,0.8987283971618498,0.8791907840709031,0.8938440084457397,71324
2025-07-06 20:00:00-04:00,0.8889595952911432,0.8987283724548089,0.8010404843651431,0.8205780386924744,246221
2025-07-07 20:00:00-04:00,0.8205780345304845,0.8664913801292471,0.8205780345304845,0.8547688126564026,120559
2025-07-08 20:00:00-04:00,0.8547688126564026,0.8743063668846389,0.8303468698711072,0.8547688126564026,112892
2025-07-09 20:00:00-04:00,0.8547688195101293,0.8694219852987989,0.8401156537214597,0.8645375967025757,131413
2025-07-10 20:00:00-04:00,0.8645375967025757,0.8645375967025757,0.8596532081063525,0.8645375967025757,44995
2025-07-13 20:00:00-04:00,0.8645376034797245,0.8743063807487488,0.8547688262107003,0.8743063807487488,118800
2025-07-14 20:00:00-04:00,0.8694219659939745,0.8791907429695129,0.8645375775062053,0.8791907429695129,106763
2025-07-15 20:00:00-04:00,0.8743063668846389,0.8743063668846389,0.8547688126564026,0.8547688126564026,100397
2025-07-16 20:00:00-04:00,0.8547687864697455,0.8596531748771667,0.8547687864697455,0.8596531748771667,78771
2025-07-17 20:00:00-04:00,0.8694219852987989,0.8694219852987989,0.8596532081063525,0.8645375967025757,49092
2025-07-20 20:00:00-04:00,0.8694219589233398,0.8694219589233398,0.8596531820272466,0.8694219589233398,94125
2025-07-21 20:00:00-04:00,0.8694219516920091,0.8743063400994303,0.8596531748771667,0.8596531748771667,94703
2025-07-22 20:00:00-04:00,0.8694219589233398,0.8743063473713865,0.8694219589233398,0.8694219589233398,111006
2025-07-23 20:00:00-04:00,0.8645375967025757,0.8645375967025757,0.8498844309139061,0.8645375967025757,45586
2025-07-24 20:00:00-04:00,0.8645375826781873,0.8645375826781873,0.84011564009324,0.8450000286102295,172802
2025-07-27 20:00:00-04:00,0.849884443729214,0.8547688323990883,0.835231277719591,0.8401156663894653,101480
2025-07-28 20:00:00-04:00,0.8401156596041418,0.8401156596041418,0.8205780468559373,0.8303468823432922,67455
2025-07-29 20:00:00-04:00,0.8254624518591073,0.8303468402418769,0.8156936168670654,0.8156936168670654,97495
2025-07-30 20:00:00-04:00,0.8156936431866733,0.8205780317270451,0.8108092546463013,0.8108092546463013,90645
2025-07-31 20:00:00-04:00,0.8059248788024735,0.8059248788024735,0.7815029357158703,0.7863873243331909,234831
2025-08-03 20:00:00-04:00,0.7863873310611458,0.8108092743566915,0.7815029424020367,0.796156108379364,279146
2025-08-04 20:00:00-04:00,0.8108092329664037,0.815693621376174,0.781502902507782,0.781502902507782,163087
2025-08-05 20:00:00-04:00,0.7912717060104604,0.7912717060104604,0.7619653163370705,0.7766185402870178,286582
2025-08-06 20:00:00-04:00,0.7815029218324936,0.7815029218324936,0.7619653094837909,0.7668497562408447,90213
2025-08-07 20:00:00-04:00,0.7717341517125369,0.7815029288614986,0.7668497631380561,0.7766185402870178,131633
2025-08-10 20:00:00-04:00,0.7815029441244676,0.849884443729214,0.7766185554545934,0.8401156663894653,334970
2025-08-11 20:00:00-04:00,0.8401156330400389,0.8498844099920039,0.8254624676120914,0.8352312445640564,85979
2025-08-12 20:00:00-04:00,0.8303468670342934,0.8303468670342934,0.8059248661059293,0.8108092546463013,114785
2025-08-13 20:00:00-04:00,0.8108092403714715,0.8108092403714715,0.7912716865539551,0.7912716865539551,96937
2025-08-14 20:00:00-04:00,0.7961560677370928,0.8059248445566334,0.781502902507782,0.781502902507782,230772
2025-08-17 20:00:00-04:00,0.7815029288614986,0.7912717060104604,0.7717341517125369,0.7766185402870178,92044
2025-08-18 20:00:00-04:00,0.776618533301944,0.776618533301944,0.7570809209532413,0.7668497562408447,169404
2025-08-19 20:00:00-04:00,0.771734163184111,0.771734163184111,0.7521965503692627,0.7521965503692627,94893
2025-08-20 20:00:00-04:00,0.7668497745370253,0.771734163184111,0.7521965503692627,0.7521965503692627,172716
2025-08-21 20:00:00-04:00,0.7668497562408447,0.7717341447713943,0.7570809209532413,0.7668497562408447,33984
2025-08-24 20:00:00-04:00,0.7717341256882414,0.8010404561468631,0.7717341256882414,0.781502902507782,319194
2025-08-25 20:00:00-04:00,0.7961561037038132,0.8303468823432922,0.7863873264429636,0.8303468823432922,206216
2025-08-26 20:00:00-04:00,0.8303468956019706,0.8498844504356384,0.8303468956019706,0.8498844504356384,74507
2025-08-27 20:00:00-04:00,0.8498844368649915,0.8498844368649915,0.8254624937128674,0.8303468823432922,38572
2025-08-28 20:00:00-04:00,0.8352312515762506,0.8645375826781873,0.8352312515762506,0.8450000286102295,103170
2025-08-31 20:00:00-04:00,0.8799999952316284,0.9150000214576721,0.8700000047683716,0.8799999952316284,227127
2025-09-01 20:00:00-04:00,0.8849999904632568,0.8899999856948853,0.8650000095367432,0.8650000095367432,123257
2025-09-02 20:00:00-04:00,0.875,0.9100000262260437,0.875,0.875,291991
2025-09-03 20:00:00-04:00,0.8899999856948853,0.8949999809265137,0.875,0.875,226962
2025-09-04 20:00:00-04:00,0.8700000047683716,0.8899999856948853,0.8650000095367432,0.8899999856948853,192402
2025-09-07 20:00:00-04:00,0.9100000262260437,0.9150000214576721,0.8899999856948853,0.8899999856948853,278948
2025-09-08 20:00:00-04:00,0.8799999952316284,0.9150000214576721,0.8799999952316284,0.8974999785423279,439972
2025-09-09 20:00:00-04:00,0.8999999761581421,0.8999999761581421,0.875,0.8799999952316284,153295
2025-09-10 20:00:00-04:00,0.875,0.9100000262260437,0.871999979019165,0.9100000262260437,461490
2025-09-11 20:00:00-04:00,0.8999999761581421,0.9049999713897705,0.875,0.8949999809265137,329578
2025-09-14 20:00:00-04:00,0.8949999809265137,0.8949999809265137,0.875,0.8949999809265137,76368
2025-09-15 20:00:00-04:00,0.9100000262260437,0.9100000262260437,0.8949999809265137,0.9100000262260437,149079
2025-09-16 20:00:00-04:00,0.9150000214576721,0.9150000214576721,0.8999999761581421,0.8999999761581421,52890
2025-09-17 20:00:00-04:00,0.9100000262260437,0.9100000262260437,0.8899999856948853,0.8899999856948853,116413
2025-09-18 20:00:00-04:00,0.8899999856948853,0.9100000262260437,0.875,0.9100000262260437,210169
2025-09-21 20:00:00-04:00,0.9150000214576721,0.925000011920929,0.9100000262260437,0.9200000166893005,414024
2025-09-22 20:00:00-04:00,0.925000011920929,0.9549999833106995,0.925000011920929,0.9549999833106995,295707
2025-09-23 20:00:00-04:00,0.9599999785423279,0.9700000286102295,0.949999988079071,0.9599999785423279,101374
2025-09-24 20:00:00-04:00,0.9549999833106995,0.9549999833106995,0.9300000071525574,0.949999988079071,124418
2025-09-25 20:00:00-04:00,0.949999988079071,1.0049999952316284,0.949999988079071,1.0,288206
2025-09-28 20:00:00-04:00,1.024999976158142,1.0299999713897705,0.9900000095367432,1.0199999809265137,303224
2025-09-29 20:00:00-04:00,1.0149999856948853,1.0199999809265137,0.9850000143051147,1.0049999952316284,90326
2025-09-30 20:00:00-04:00,1.0099999904632568,1.0399999618530273,1.0,1.0,145471
2025-10-01 20:00:00-04:00,1.0299999713897705,1.034999966621399,0.9850000143051147,1.0149999856948853,160187
2025-10-02 20:00:00-04:00,1.0099999904632568,1.0449999570846558,1.0,1.0099999904632568,198817
2025-10-05 20:00:00-04:00,1.0099999904632568,1.0549999475479126,1.0099999904632568,1.0399999618530273,158558
2025-10-06 20:00:00-04:00,1.0399999618530273,1.0499999523162842,1.0299999713897705,1.0299999713897705,166724
2025-10-07 20:00:00-04:00,1.0299999713897705,1.0399999618530273,1.0099999904632568,1.0399999618530273,217843
2025-10-08 20:00:00-04:00,1.034999966621399,1.034999966621399,1.0149999856948853,1.0199999809265137,120420
2025-10-09 20:00:00-04:00,1.0,1.0149999856948853,0.9549999833106995,0.9549999833106995,270765
2025-10-12 20:00:00-04:00,0.9700000286102295,0.9950000047683716,0.9599999785423279,0.9800000190734863,199408
2025-10-13 20:00:00-04:00,1.0,1.0299999713897705,0.9800000190734863,1.0,177814
2025-10-14 20:00:00-04:00,1.0099999904632568,1.0299999713897705,0.9900000095367432,0.9900000095367432,165146
2025-10-15 20:00:00-04:00,1.0,1.0099999904632568,0.9900000095367432,1.0,428577
2025-10-16 20:00:00-04:00,1.0,1.0199999809265137,0.9700000286102295,0.9800000190734863,214943
2025-10-19 20:00:00-04:00,0.9700000286102295,0.9850000143051147,0.9300000071525574,0.9449999928474426,436558
2025-10-20 20:00:00-04:00,0.9599999785423279,0.9750000238418579,0.9549999833106995,0.9649999737739563,269304
2025-10-21 20:00:00-04:00,0.9200000166893005,0.9300000071525574,0.8650000095367432,0.9300000071525574,775230
2025-10-22 20:00:00-04:00,0.9449999928474426,0.9449999928474426,0.9100000262260437,0.9100000262260437,162714
2025-10-23 20:00:00-04:00,0.9200000166893005,0.949999988079071,0.8999999761581421,0.8999999761581421,169862
2025-10-26 20:00:00-04:00,0.9100000262260437,0.925000011920929,0.8999999761581421,0.8999999761581421,146261
2025-10-27 20:00:00-04:00,0.8799999952316284,0.8799999952316284,0.8199999928474426,0.8399999737739563,463289
2025-10-28 20:00:00-04:00,0.8349999785423279,0.8600000143051147,0.8349999785423279,0.8500000238418579,146380
2025-10-29 20:00:00-04:00,0.8399999737739563,0.8550000190734863,0.8299999833106995,0.8399999737739563,207039
2025-10-30 20:00:00-04:00,0.8550000190734863,0.9300000071525574,0.8550000190734863,0.925000011920929,143987
2025-11-02 19:00:00-05:00,0.949999988079071,0.9900000095367432,0.949999988079071,0.9599999785423279,265873
2025-11-03 19:00:00-05:00,0.9599999785423279,0.9599999785423279,0.925000011920929,0.9549999833106995,77829
2025-11-04 19:00:00-05:00,0.9350000023841858,0.9350000023841858,0.8799999952316284,0.8949999809265137,170208
2025-11-05 19:00:00-05:00,0.9100000262260437,0.925000011920929,0.9100000262260437,0.9100000262260437,48300
2025-11-06 19:00:00-05:00,0.925000011920929,0.9300000071525574,0.9049999713897705,0.9049999713897705,113316
2025-11-09 19:00:00-05:00,0.9100000262260437,0.9200000166893005,0.8899999856948853,0.8999999761581421,111338
2025-11-10 19:00:00-05:00,0.8999999761581421,0.9200000166893005,0.8999999761581421,0.9100000262260437,76907
2025-11-11 19:00:00-05:00,0.9100000262260437,0.9150000214576721,0.8999999761581421,0.8999999761581421,67537
2025-11-12 19:00:00-05:00,0.9150000214576721,0.9300000071525574,0.9100000262260437,0.9300000071525574,96715
2025-11-13 19:00:00-05:00,0.9300000071525574,0.9300000071525574,0.8949999809265137,0.8999999761581421,59681
2025-11-16 19:00:00-05:00,0.8999999761581421,0.8999999761581421,0.875,0.8899999856948853,191679
2025-11-17 19:00:00-05:00,0.8899999856948853,0.8949999809265137,0.8550000190734863,0.8550000190734863,39046
2025-11-18 19:00:00-05:00,0.8600000143051147,0.8999999761581421,0.8600000143051147,0.8949999809265137,93727
2025-11-19 19:00:00-05:00,0.9100000262260437,0.9100000262260437,0.8849999904632568,0.8949999809265137,34396
2025-11-20 19:00:00-05:00,0.8949999809265137,0.8949999809265137,0.8550000190734863,0.8600000143051147,26965
2025-11-23 19:00:00-05:00,0.8600000143051147,0.8600000143051147,0.8600000143051147,0.8600000143051147,31237
2025-11-24 19:00:00-05:00,0.8650000095367432,0.8799999952316284,0.8619999885559082,0.8700000047683716,77896
2025-11-25 19:00:00-05:00,0.8849999904632568,0.8849999904632568,0.8650000095367432,0.8799999952316284,108504
2025-11-26 19:00:00-05:00,0.8849999904632568,0.9100000262260437,0.8849999904632568,0.8999999761581421,63817
2025-11-27 19:00:00-05:00,0.8999999761581421,0.9350000023841858,0.8849999904632568,0.9350000023841858,148146
2025-11-30 19:00:00-05:00,0.949999988079071,0.9649999737739563,0.9049999713897705,0.9200000166893005,198511
2025-12-01 19:00:00-05:00,0.9100000262260437,0.9150000214576721,0.8949999809265137,0.8999999761581421,48584
2025-12-02 19:00:00-05:00,0.9150000214576721,0.9150000214576721,0.8799999952316284,0.8999999761581421,124437
2025-12-03 19:00:00-05:00,0.8999999761581421,0.9100000262260437,0.8999999761581421,0.9049999713897705,35251
2025-12-04 19:00:00-05:00,0.8949999809265137,0.9049999713897705,0.8799999952316284,0.9049999713897705,116806
2025-12-07 19:00:00-05:00,0.9049999713897705,0.9049999713897705,0.8899999856948853,0.8899999856948853,74371
2025-12-08 19:00:00-05:00,0.8899999856948853,0.8999999761581421,0.8849999904632568,0.8999999761581421,44248
2025-12-09 19:00:00-05:00,0.8999999761581421,0.9200000166893005,0.8849999904632568,0.8849999904632568,180831
2025-12-10 19:00:00-05:00,0.9100000262260437,0.9200000166893005,0.9049999713897705,0.9100000262260437,37500
2025-12-11 19:00:00-05:00,0.9100000262260437,0.9300000071525574,0.9100000262260437,0.925000011920929,33368
2025-12-14 19:00:00-05:00,0.925000011920929,0.9449999928474426,0.9200000166893005,0.9350000023841858,160335
2025-12-15 19:00:00-05:00,0.9399999976158142,0.9399999976158142,0.925000011920929,0.9300000071525574,84825
2025-12-16 19:00:00-05:00,0.949999988079071,0.9599999785423279,0.9449999928474426,0.9599999785423279,152644
2025-12-17 19:00:00-05:00,0.9599999785423279,0.9900000095367432,0.9599999785423279,0.9649999737739563,176780
2025-12-18 19:00:00-05:00,0.9599999785423279,0.9850000143051147,0.9599999785423279,0.9850000143051147,81006
2025-12-21 19:00:00-05:00,0.9800000190734863,1.0099999904632568,0.9800000190734863,1.0,288806
2025-12-22 19:00:00-05:00,1.0,1.0099999904632568,0.9900000095367432,1.0,233607
2025-12-23 19:00:00-05:00,1.0,1.0,0.9850000143051147,0.9900000095367432,44389
2025-12-28 19:00:00-05:00,0.9900000095367432,1.0,0.9850000143051147,0.9950000047683716,66704
2025-12-29 19:00:00-05:00,0.9850000143051147,0.9900000095367432,0.9800000190734863,0.9900000095367432,42863
2025-12-30 19:00:00-05:00,0.9900000095367432,0.9900000095367432,0.9900000095367432,0.9900000095367432,1013
2026-01-01 19:00:00-05:00,0.9900000095367432,0.9900000095367432,0.9750000238418579,0.9900000095367432,56398
2026-01-04 19:00:00-05:00,0.9800000190734863,0.9950000047683716,0.9750000238418579,0.9850000143051147,82342
2026-01-05 19:00:00-05:00,0.9900000095367432,1.0,0.9900000095367432,1.0,51593
2026-01-06 19:00:00-05:00,0.9950000047683716,1.0399999618530273,0.9950000047683716,1.0199999809265137,241566
2026-01-07 19:00:00-05:00,1.0399999618530273,1.0399999618530273,1.0099999904632568,1.0099999904632568,18994
2026-01-08 19:00:00-05:00,1.0199999809265137,1.0299999713897705,1.0099999904632568,1.0199999809265137,89547
2026-01-11 19:00:00-05:00,1.0299999713897705,1.0499999523162842,1.0299999713897705,1.0449999570846558,145362
2026-01-12 19:00:00-05:00,1.0499999523162842,1.0499999523162842,1.0299999713897705,1.0449999570846558,82079
2026-01-13 19:00:00-05:00,1.0449999570846558,1.0499999523162842,1.0149999856948853,1.0199999809265137,248158
2026-01-14 19:00:00-05:00,1.0199999809265137,1.0299999713897705,1.0049999952316284,1.0049999952316284,122301
2026-01-15 19:00:00-05:00,1.0199999809265137,1.0199999809265137,0.9850000143051147,0.9850000143051147,182257
2026-01-18 19:00:00-05:00,0.9850000143051147,1.024999976158142,0.9850000143051147,1.024999976158142,87594
2026-01-19 19:00:00-05:00,1.034999966621399,1.034999966621399,1.0199999809265137,1.034999966621399,41817
2026-01-20 19:00:00-05:00,1.034999966621399,1.059999942779541,1.0199999809265137,1.059999942779541,175855
2026-01-21 19:00:00-05:00,1.059999942779541,1.059999942779541,1.034999966621399,1.034999966621399,65455
2026-01-22 19:00:00-05:00,1.0399999618530273,1.0750000476837158,1.0399999618530273,1.0750000476837158,196743
2026-01-26 19:00:00-05:00,1.0750000476837158,1.1050000190734863,1.065000057220459,1.0800000429153442,406867
2026-01-27 19:00:00-05:00,1.090000033378601,1.1100000143051147,1.0850000381469727,1.1100000143051147,426202
2026-01-28 19:00:00-05:00,1.1150000095367432,1.1200000047683716,1.065000057220459,1.090000033378601,418816
2026-01-29 19:00:00-05:00,1.0950000286102295,1.0950000286102295,1.034999966621399,1.0549999475479126,286810
2026-02-01 19:00:00-05:00,1.034999966621399,1.059999942779541,1.0,1.0,371814
2026-02-02 19:00:00-05:00,1.0149999856948853,1.0399999618530273,1.0149999856948853,1.0299999713897705,72819
2026-02-03 19:00:00-05:00,1.0399999618530273,1.100000023841858,1.0399999618530273,1.0950000286102295,223709
2026-02-04 19:00:00-05:00,1.1050000190734863,1.1200000047683716,0.9850000143051147,1.0449999570846558,512056
2026-02-05 19:00:00-05:00,1.0049999952316284,1.0049999952316284,0.949999988079071,0.9649999737739563,652955
2026-02-08 19:00:00-05:00,0.9700000286102295,1.0199999809265137,0.9700000286102295,1.0,165286
2026-02-09 19:00:00-05:00,1.0199999809265137,1.0399999618530273,1.0169999599456787,1.0299999713897705,61302
2026-02-10 19:00:00-05:00,1.0299999713897705,1.0399999618530273,1.0199999809265137,1.0399999618530273,84557
2026-02-11 19:00:00-05:00,1.0399999618530273,1.0399999618530273,0.9900000095367432,1.0199999809265137,245427
2026-02-12 19:00:00-05:00,1.0149999856948853,1.0149999856948853,0.9900000095367432,1.0049999952316284,168432
2026-02-15 19:00:00-05:00,1.0,1.0149999856948853,1.0,1.0149999856948853,117815
2026-02-16 19:00:00-05:00,1.0049999952316284,1.0099999904632568,1.0,1.0,36301
2026-02-17 19:00:00-05:00,1.0,1.0,0.9800000190734863,0.9800000190734863,80270
2026-02-18 19:00:00-05:00,0.9950000047683716,1.0,0.9900000095367432,0.9950000047683716,22239
2026-02-19 19:00:00-05:00,0.9950000047683716,0.9950000047683716,0.9900000095367432,0.9900000095367432,12716
2026-02-22 19:00:00-05:00,1.0,1.0199999809265137,1.0,1.0099999904632568,95820
2026-02-23 19:00:00-05:00,1.0399999618530273,1.0399999618530273,1.024999976158142,1.034999966621399,138039
2026-02-24 19:00:00-05:00,1.034999966621399,1.0449999570846558,1.0299999713897705,1.0399999618530273,209247
2026-02-25 19:00:00-05:00,1.034999966621399,1.0399999618530273,1.0199999809265137,1.0199999809265137,33029
