Date,Open,High,Low,Close,Volume
2021-02-28 19:00:00-05:00,0.0417999997735023,0.0456000007688999,0.0417999997735023,0.0456000007688999,2550724
2021-03-01 19:00:00-05:00,0.0446499995887279,0.0446499995887279,0.0417999997735023,0.0446499995887279,1067376
2021-03-02 19:00:00-05:00,0.0427500009536743,0.0427500009536743,0.0379999987781047,0.0408499985933303,1853988
2021-03-03 19:00:00-05:00,0.0408499985933303,0.0408499985933303,0.0379999987781047,0.0399000011384487,1049663
2021-03-04 19:00:00-05:00,0.0389499999582767,0.0417999997735023,0.0389499999582767,0.0399000011384487,2257234
2021-03-07 19:00:00-05:00,0.0389499999582767,0.0408499985933303,0.0389499999582767,0.0408499985933303,777748
2021-03-08 19:00:00-05:00,0.0399000011384487,0.0408499985933303,0.0399000011384487,0.0408499985933303,328322
2021-03-09 19:00:00-05:00,0.0399000011384487,0.0413249991834163,0.0399000011384487,0.0399000011384487,576569
2021-03-10 19:00:00-05:00,0.0408499985933303,0.0427500009536743,0.0408499985933303,0.0427500009536743,2003944
2021-03-11 19:00:00-05:00,0.0427500009536743,0.0456000007688999,0.0427500009536743,0.0446499995887279,2447905
2021-03-14 20:00:00-04:00,0.0436999984085559,0.0436999984085559,0.0436999984085559,0.0436999984085559,888195
2021-03-15 20:00:00-04:00,0.0436999984085559,0.0436999984085559,0.0427500009536743,0.0436999984085559,322946
2021-03-16 20:00:00-04:00,0.0446499995887279,0.0456000007688999,0.0446499995887279,0.0446499995887279,1971208
2021-03-17 20:00:00-04:00,0.0456000007688999,0.0456000007688999,0.0446499995887279,0.0456000007688999,1327219
2021-03-18 20:00:00-04:00,0.0456000007688999,0.0456000007688999,0.0446499995887279,0.0456000007688999,500195
2021-03-21 20:00:00-04:00,0.0456000007688999,0.0465499982237815,0.0446499995887279,0.0456000007688999,516335
2021-03-22 20:00:00-04:00,0.0456000007688999,0.0465499982237815,0.0456000007688999,0.0465499982237815,556115
2021-03-23 20:00:00-04:00,0.0465499982237815,0.0503499992191791,0.0456000007688999,0.0484500005841255,4291561
2021-03-24 20:00:00-04:00,0.0503499992191791,0.052250001579523,0.0465499982237815,0.0465499982237815,3195130
2021-03-25 20:00:00-04:00,0.0465499982237815,0.0484500005841255,0.0456000007688999,0.0484500005841255,954817
2021-03-28 20:00:00-04:00,0.0484500005841255,0.0484500005841255,0.0446499995887279,0.0446499995887279,1453650
2021-03-29 20:00:00-04:00,0.0474999994039535,0.0474999994039535,0.0456000007688999,0.0456000007688999,1694667
2021-03-30 20:00:00-04:00,0.0474999994039535,0.0474999994039535,0.0446499995887279,0.0446499995887279,1874796
2021-03-31 20:00:00-04:00,0.0446499995887279,0.0465499982237815,0.0446499995887279,0.0456000007688999,1284618
2021-04-05 20:00:00-04:00,0.0465499982237815,0.0465499982237815,0.0465499982237815,0.0465499982237815,249414
2021-04-06 20:00:00-04:00,0.0456000007688999,0.0456000007688999,0.0417999997735023,0.0436999984085559,931815
2021-04-07 20:00:00-04:00,0.0456000007688999,0.0474999994039535,0.0456000007688999,0.0474999994039535,549510
2021-04-08 20:00:00-04:00,0.0465499982237815,0.0474999994039535,0.0465499982237815,0.0465499982237815,1924081
2021-04-11 20:00:00-04:00,0.0474999994039535,0.0474999994039535,0.0474999994039535,0.0474999994039535,135545
2021-04-12 20:00:00-04:00,0.0465499982237815,0.0474999994039535,0.0465499982237815,0.0474999994039535,731590
2021-04-13 20:00:00-04:00,0.0474999994039535,0.0474999994039535,0.0446499995887279,0.0446499995887279,198448
2021-04-14 20:00:00-04:00,0.0436999984085559,0.0474999994039535,0.0427500009536743,0.0474999994039535,2751778
2021-04-15 20:00:00-04:00,0.0465499982237815,0.0474999994039535,0.0465499982237815,0.0474999994039535,321726
2021-04-18 20:00:00-04:00,0.0446499995887279,0.0465499982237815,0.0417999997735023,0.0436999984085559,1831223
2021-04-19 20:00:00-04:00,0.0436999984085559,0.0436999984085559,0.0389499999582767,0.0417999997735023,1660261
2021-04-20 20:00:00-04:00,0.0399000011384487,0.0408499985933303,0.0399000011384487,0.0408499985933303,479458
2021-04-21 20:00:00-04:00,0.0417999997735023,0.0417999997735023,0.0408499985933303,0.0408499985933303,754232
2021-04-22 20:00:00-04:00,0.0408499985933303,0.0408499985933303,0.0379999987781047,0.0379999987781047,1260028
2021-04-25 20:00:00-04:00,0.0389499999582767,0.0408499985933303,0.0379999987781047,0.0389499999582767,1050455
2021-04-26 20:00:00-04:00,0.0399000011384487,0.0417999997735023,0.0399000011384487,0.0408499985933303,1499933
2021-04-27 20:00:00-04:00,0.0408499985933303,0.0408499985933303,0.0389499999582767,0.0389499999582767,1389667
2021-04-28 20:00:00-04:00,0.0389499999582767,0.0389499999582767,0.0389499999582767,0.0389499999582767,210526
2021-04-29 20:00:00-04:00,0.0389499999582767,0.0389499999582767,0.0351499989628791,0.0351499989628791,2650423
2021-05-02 20:00:00-04:00,0.0379999987781047,0.0379999987781047,0.0370500013232231,0.0379999987781047,678438
2021-05-03 20:00:00-04:00,0.0379999987781047,0.0379999987781047,0.0379999987781047,0.0379999987781047,448083
2021-05-04 20:00:00-04:00,0.0389499999582767,0.0389499999582767,0.0370500013232231,0.0379999987781047,131261
2021-05-05 20:00:00-04:00,0.0379999987781047,0.0379999987781047,0.0361000001430511,0.0361000001430511,410303
2021-05-06 20:00:00-04:00,0.0370500013232231,0.0370500013232231,0.0370500013232231,0.0370500013232231,259086
2021-05-09 20:00:00-04:00,0.0351499989628791,0.0351499989628791,0.0351499989628791,0.0351499989628791,345031
2021-05-10 20:00:00-04:00,0.0351499989628791,0.0370500013232231,0.0351499989628791,0.0361000001430511,333294
2021-05-11 20:00:00-04:00,0.0370500013232231,0.0370500013232231,0.0351499989628791,0.0351499989628791,378068
2021-05-12 20:00:00-04:00,0.0351499989628791,0.0361000001430511,0.0313500016927719,0.0313500016927719,2055567
2021-05-13 20:00:00-04:00,0.0322999991476535,0.0332500003278255,0.0313500016927719,0.0322999991476535,1585848
2021-05-16 20:00:00-04:00,0.0332500003278255,0.0351499989628791,0.0332500003278255,0.0351499989628791,788893
2021-05-17 20:00:00-04:00,0.0361000001430511,0.0370500013232231,0.0332500003278255,0.0370500013232231,1549361
2021-05-18 20:00:00-04:00,0.0370500013232231,0.0370500013232231,0.0370500013232231,0.0370500013232231,0
2021-05-19 20:00:00-04:00,0.0370500013232231,0.0370500013232231,0.0342000015079975,0.0342000015079975,384652
2021-05-20 20:00:00-04:00,0.0342000015079975,0.0370500013232231,0.0332500003278255,0.0370500013232231,931651
2021-05-23 20:00:00-04:00,0.0370500013232231,0.0389499999582767,0.0370500013232231,0.0389499999582767,631633
2021-05-24 20:00:00-04:00,0.0379999987781047,0.0399000011384487,0.0379999987781047,0.0379999987781047,2033198
2021-05-25 20:00:00-04:00,0.0370500013232231,0.0379999987781047,0.0342000015079975,0.0361000001430511,484418
2021-05-26 20:00:00-04:00,0.0351499989628791,0.0379999987781047,0.0351499989628791,0.0379999987781047,274276
2021-05-27 20:00:00-04:00,0.0379999987781047,0.0389499999582767,0.0361000001430511,0.0379999987781047,479065
2021-05-30 20:00:00-04:00,0.0379999987781047,0.0379999987781047,0.0361000001430511,0.0379999987781047,415079
2021-05-31 20:00:00-04:00,0.0379999987781047,0.0379999987781047,0.0379999987781047,0.0379999987781047,926247
2021-06-01 20:00:00-04:00,0.0379999987781047,0.0379999987781047,0.0361000001430511,0.0361000001430511,390458
2021-06-02 20:00:00-04:00,0.0370500013232231,0.0379999987781047,0.0361000001430511,0.0379999987781047,1207188
2021-06-03 20:00:00-04:00,0.0379999987781047,0.0379999987781047,0.0361000001430511,0.0361000001430511,238471
2021-06-06 20:00:00-04:00,0.0361000001430511,0.0361000001430511,0.0351499989628791,0.0351499989628791,447039
2021-06-07 20:00:00-04:00,0.0351499989628791,0.0361000001430511,0.0332500003278255,0.0361000001430511,1096032
2021-06-08 20:00:00-04:00,0.0361000001430511,0.0361000001430511,0.0332500003278255,0.0351499989628791,512929
2021-06-09 20:00:00-04:00,0.0351499989628791,0.0351499989628791,0.0351499989628791,0.0351499989628791,48473
2021-06-10 20:00:00-04:00,0.0351499989628791,0.0351499989628791,0.0351499989628791,0.0351499989628791,0
2021-06-14 20:00:00-04:00,0.0351499989628791,0.0351499989628791,0.0351499989628791,0.0351499989628791,16893
2021-06-15 20:00:00-04:00,0.0342000015079975,0.0342000015079975,0.0322999991476535,0.0322999991476535,166531
2021-06-16 20:00:00-04:00,0.0332500003278255,0.0342000015079975,0.0332500003278255,0.0342000015079975,105521
2021-06-17 20:00:00-04:00,0.0342000015079975,0.0342000015079975,0.0342000015079975,0.0342000015079975,0
2021-06-20 20:00:00-04:00,0.0322999991476535,0.0332500003278255,0.0322999991476535,0.0332500003278255,239271
2021-06-21 20:00:00-04:00,0.0313500016927719,0.0351499989628791,0.0313500016927719,0.0351499989628791,393842
2021-06-22 20:00:00-04:00,0.0313500016927719,0.0313500016927719,0.0304000005125999,0.0313500016927719,474509
2021-06-23 20:00:00-04:00,0.0313500016927719,0.0322999991476535,0.0313500016927719,0.0322999991476535,1706
2021-06-24 20:00:00-04:00,0.0332500003278255,0.0332500003278255,0.0304000005125999,0.0304000005125999,304526
2021-06-27 20:00:00-04:00,0.0313500016927719,0.0318249985575675,0.0304000005125999,0.0304000005125999,619275
2021-06-28 20:00:00-04:00,0.0304000005125999,0.0313500016927719,0.0285000000149011,0.0304000005125999,3190716
2021-06-29 20:00:00-04:00,0.0294499993324279,0.0304000005125999,0.0285000000149011,0.0294499993324279,425710
2021-06-30 20:00:00-04:00,0.0304000005125999,0.0304000005125999,0.0285000000149011,0.0294499993324279,501799
2021-07-01 20:00:00-04:00,0.0285000000149011,0.0285000000149011,0.0285000000149011,0.0285000000149011,837077
2021-07-04 20:00:00-04:00,0.0285000000149011,0.0285000000149011,0.0265999995172023,0.0285000000149011,810694
2021-07-05 20:00:00-04:00,0.0294499993324279,0.0294499993324279,0.0265999995172023,0.0285000000149011,446295
2021-07-06 20:00:00-04:00,0.0265999995172023,0.0313500016927719,0.0265999995172023,0.0313500016927719,906556
2021-07-07 20:00:00-04:00,0.0322999991476535,0.0399000011384487,0.0313500016927719,0.0399000011384487,2392450
2021-07-08 20:00:00-04:00,0.0389499999582767,0.0389499999582767,0.0332500003278255,0.0342000015079975,1638168
2021-07-11 20:00:00-04:00,0.0322999991476535,0.0332500003278255,0.0313500016927719,0.0322999991476535,243950
2021-07-12 20:00:00-04:00,0.0322999991476535,0.0322999991476535,0.0294499993324279,0.0304000005125999,1748649
2021-07-13 20:00:00-04:00,0.0294499993324279,0.0294499993324279,0.0294499993324279,0.0294499993324279,105263
2021-07-14 20:00:00-04:00,0.0304000005125999,0.0313500016927719,0.0285000000149011,0.0313500016927719,1527342
2021-07-15 20:00:00-04:00,0.0313500016927719,0.0313500016927719,0.0294499993324279,0.0294499993324279,457578
2021-07-18 20:00:00-04:00,0.0313500016927719,0.0313500016927719,0.0285000000149011,0.0285000000149011,399816
2021-07-19 20:00:00-04:00,0.0285000000149011,0.0294499993324279,0.0285000000149011,0.0294499993324279,271079
2021-07-20 20:00:00-04:00,0.0294499993324279,0.0294499993324279,0.0285000000149011,0.0294499993324279,108324
2021-07-21 20:00:00-04:00,0.0294499993324279,0.0294499993324279,0.0294499993324279,0.0294499993324279,0
2021-07-22 20:00:00-04:00,0.0304000005125999,0.0304000005125999,0.0275500006973743,0.0304000005125999,506752
2021-07-25 20:00:00-04:00,0.0304000005125999,0.0304000005125999,0.0265999995172023,0.0275500006973743,703347
2021-07-26 20:00:00-04:00,0.0275500006973743,0.0275500006973743,0.0275500006973743,0.0275500006973743,0
2021-07-27 20:00:00-04:00,0.0289750006049871,0.0289750006049871,0.0285000000149011,0.0285000000149011,66142
2021-07-28 20:00:00-04:00,0.0285000000149011,0.0285000000149011,0.0280249994248151,0.0280249994248151,75598
2021-07-29 20:00:00-04:00,0.0285000000149011,0.0285000000149011,0.0275500006973743,0.0275500006973743,108903
2021-08-01 20:00:00-04:00,0.0265999995172023,0.0265999995172023,0.0265999995172023,0.0265999995172023,126315
2021-08-02 20:00:00-04:00,0.0285000000149011,0.0285000000149011,0.0285000000149011,0.0285000000149011,474491
2021-08-03 20:00:00-04:00,0.0285000000149011,0.0304000005125999,0.0285000000149011,0.0304000005125999,421052
2021-08-04 20:00:00-04:00,0.0304000005125999,0.0304000005125999,0.0294499993324279,0.0294499993324279,94884
2021-08-05 20:00:00-04:00,0.0294499993324279,0.0304000005125999,0.0256500001996755,0.0304000005125999,2069139
2021-08-08 20:00:00-04:00,0.0304000005125999,0.0304000005125999,0.0280249994248151,0.0285000000149011,510718
2021-08-09 20:00:00-04:00,0.0275500006973743,0.0304000005125999,0.0275500006973743,0.0304000005125999,155378
2021-08-10 20:00:00-04:00,0.0304000005125999,0.0304000005125999,0.0285000000149011,0.0285000000149011,72819
2021-08-11 20:00:00-04:00,0.0304000005125999,0.0304000005125999,0.0304000005125999,0.0304000005125999,6467
2021-08-12 20:00:00-04:00,0.0304000005125999,0.0332500003278255,0.0285000000149011,0.0285000000149011,5746073
2021-08-15 20:00:00-04:00,0.0332500003278255,0.0332500003278255,0.0304000005125999,0.0313500016927719,3065226
2021-08-16 20:00:00-04:00,0.0304000005125999,0.0313500016927719,0.0294499993324279,0.0313500016927719,908975
2021-08-17 20:00:00-04:00,0.0313500016927719,0.0313500016927719,0.0294499993324279,0.0304000005125999,447673
2021-08-18 20:00:00-04:00,0.0285000000149011,0.0304000005125999,0.0285000000149011,0.0304000005125999,230205
2021-08-19 20:00:00-04:00,0.0313500016927719,0.0313500016927719,0.0304000005125999,0.0304000005125999,216715
2021-08-22 20:00:00-04:00,0.0304000005125999,0.0304000005125999,0.0304000005125999,0.0304000005125999,591727
2021-08-23 20:00:00-04:00,0.0304000005125999,0.0304000005125999,0.0285000000149011,0.0294499993324279,506947
2021-08-24 20:00:00-04:00,0.0294499993324279,0.0294499993324279,0.0294499993324279,0.0294499993324279,0
2021-08-25 20:00:00-04:00,0.0285000000149011,0.0285000000149011,0.0285000000149011,0.0285000000149011,798
2021-08-26 20:00:00-04:00,0.0285000000149011,0.0285000000149011,0.0275500006973743,0.0275500006973743,117715
2021-08-29 20:00:00-04:00,0.0294499993324279,0.0294499993324279,0.0285000000149011,0.0285000000149011,217439
2021-08-30 20:00:00-04:00,0.0275500006973743,0.0285000000149011,0.0275500006973743,0.0285000000149011,1087429
2021-08-31 20:00:00-04:00,0.0285000000149011,0.0285000000149011,0.0275500006973743,0.0275500006973743,460503
2021-09-01 20:00:00-04:00,0.0275500006973743,0.0304000005125999,0.0265999995172023,0.0275500006973743,2865093
2021-09-02 20:00:00-04:00,0.0275500006973743,0.0294499993324279,0.0275500006973743,0.0294499993324279,1414146
2021-09-05 20:00:00-04:00,0.0294499993324279,0.0294499993324279,0.0285000000149011,0.0285000000149011,223368
2021-09-06 20:00:00-04:00,0.0289750006049871,0.0294499993324279,0.0285000000149011,0.0285000000149011,271578
2021-09-07 20:00:00-04:00,0.0289750006049871,0.0294499993324279,0.0285000000149011,0.0285000000149011,311050
2021-09-08 20:00:00-04:00,0.0294499993324279,0.0294499993324279,0.0285000000149011,0.0285000000149011,1373437
2021-09-09 20:00:00-04:00,0.0285000000149011,0.0294499993324279,0.0285000000149011,0.0285000000149011,457778
2021-09-12 20:00:00-04:00,0.0285000000149011,0.0285000000149011,0.0275500006973743,0.0275500006973743,1316473
2021-09-13 20:00:00-04:00,0.0285000000149011,0.0285000000149011,0.0275500006973743,0.0285000000149011,837030
2021-09-14 20:00:00-04:00,0.0285000000149011,0.0294499993324279,0.0275500006973743,0.0294499993324279,1106445
2021-09-15 20:00:00-04:00,0.0294499993324279,0.0294499993324279,0.0275500006973743,0.0294499993324279,179039
2021-09-16 20:00:00-04:00,0.0294499993324279,0.0294499993324279,0.0294499993324279,0.0294499993324279,0
2021-09-19 20:00:00-04:00,0.0285000000149011,0.0285000000149011,0.0247000008821487,0.0275500006973743,3489888
2021-09-20 20:00:00-04:00,0.0256500001996755,0.0294499993324279,0.0247000008821487,0.0285000000149011,3364928
2021-09-21 20:00:00-04:00,0.0294499993324279,0.0304000005125999,0.0289750006049871,0.0304000005125999,1755985
2021-09-22 20:00:00-04:00,0.0304000005125999,0.0304000005125999,0.0304000005125999,0.0304000005125999,3143
2021-09-23 20:00:00-04:00,0.0304000005125999,0.0304000005125999,0.0275500006973743,0.0275500006973743,798297
2021-09-26 20:00:00-04:00,0.0275500006973743,0.0285000000149011,0.0275500006973743,0.0275500006973743,357139
2021-09-27 20:00:00-04:00,0.0275500006973743,0.0275500006973743,0.0275500006973743,0.0275500006973743,0
2021-09-28 20:00:00-04:00,0.0275500006973743,0.0285000000149011,0.0275500006973743,0.0285000000149011,211647
2021-09-29 20:00:00-04:00,0.0285000000149011,0.0285000000149011,0.0285000000149011,0.0285000000149011,157
2021-09-30 20:00:00-04:00,0.0275500006973743,0.0275500006973743,0.0265999995172023,0.0265999995172023,1946983
2021-10-03 20:00:00-04:00,0.0294499993324279,0.0294499993324279,0.0294499993324279,0.0294499993324279,271522
2021-10-04 20:00:00-04:00,0.0304000005125999,0.0304000005125999,0.0275500006973743,0.0275500006973743,1177123
2021-10-05 20:00:00-04:00,0.0275500006973743,0.0294499993324279,0.0275500006973743,0.0294499993324279,891476
2021-10-06 20:00:00-04:00,0.0294499993324279,0.0294499993324279,0.0285000000149011,0.0285000000149011,1803587
2021-10-07 20:00:00-04:00,0.0285000000149011,0.0332500003278255,0.0285000000149011,0.0313500016927719,3019423
2021-10-10 20:00:00-04:00,0.0313500016927719,0.0313500016927719,0.0313500016927719,0.0313500016927719,0
2021-10-11 20:00:00-04:00,0.0313500016927719,0.0313500016927719,0.0313500016927719,0.0313500016927719,0
2021-10-12 20:00:00-04:00,0.0313500016927719,0.0313500016927719,0.0313500016927719,0.0313500016927719,0
2021-10-13 20:00:00-04:00,0.0313500016927719,0.0313500016927719,0.0313500016927719,0.0313500016927719,0
2021-10-14 20:00:00-04:00,0.0313500016927719,0.0313500016927719,0.0313500016927719,0.0313500016927719,0
2021-10-17 20:00:00-04:00,0.0313500016927719,0.0313500016927719,0.0313500016927719,0.0313500016927719,0
2021-10-18 20:00:00-04:00,0.0304000005125999,0.0304000005125999,0.0275500006973743,0.0275500006973743,6691983
2021-10-19 20:00:00-04:00,0.0285000000149011,0.0327749997377395,0.0285000000149011,0.0313500016927719,3531352
2021-10-20 20:00:00-04:00,0.0313500016927719,0.0313500016927719,0.0285000000149011,0.0294499993324279,3034983
2021-10-21 20:00:00-04:00,0.0294499993324279,0.0294499993324279,0.0285000000149011,0.0285000000149011,1345404
2021-10-24 20:00:00-04:00,0.0265999995172023,0.0275500006973743,0.0256500001996755,0.0265999995172023,4574931
2021-10-25 20:00:00-04:00,0.0275500006973743,0.0275500006973743,0.0256500001996755,0.0265999995172023,3773725
2021-10-26 20:00:00-04:00,0.0256500001996755,0.0261250007897615,0.0247000008821487,0.0256500001996755,17789172
2021-10-27 20:00:00-04:00,0.0265999995172023,0.0265999995172023,0.0247000008821487,0.0256500001996755,4202738
2021-10-28 20:00:00-04:00,0.0247000008821487,0.0256500001996755,0.0247000008821487,0.0247000008821487,2992484
2021-10-31 20:00:00-04:00,0.0247000008821487,0.0247000008821487,0.0237499997019767,0.0237499997019767,2567715
2021-11-01 20:00:00-04:00,0.0237499997019767,0.0247000008821487,0.0237499997019767,0.0247000008821487,2080236
2021-11-02 20:00:00-04:00,0.0247000008821487,0.0247000008821487,0.0247000008821487,0.0247000008821487,2557125
2021-11-03 20:00:00-04:00,0.0237499997019767,0.0247000008821487,0.0237499997019767,0.0247000008821487,8472735
2021-11-04 20:00:00-04:00,0.0256500001996755,0.0256500001996755,0.0247000008821487,0.0247000008821487,2493547
2021-11-07 19:00:00-05:00,0.0265999995172023,0.0304000005125999,0.0265999995172023,0.0275500006973743,57933724
2021-11-08 19:00:00-05:00,0.0285000000149011,0.0285000000149011,0.0265999995172023,0.0265999995172023,7983775
2021-11-09 19:00:00-05:00,0.0275500006973743,0.0285000000149011,0.0275500006973743,0.0275500006973743,4804547
2021-11-10 19:00:00-05:00,0.0275500006973743,0.0275500006973743,0.0265999995172023,0.0265999995172023,7833257
2021-11-11 19:00:00-05:00,0.0275500006973743,0.0275500006973743,0.0265999995172023,0.0275500006973743,8369736
2021-11-14 19:00:00-05:00,0.0265999995172023,0.0275500006973743,0.0256500001996755,0.0275500006973743,8435841
2021-11-15 19:00:00-05:00,0.0275500006973743,0.0285000000149011,0.0265999995172023,0.0265999995172023,4542366
2021-11-16 19:00:00-05:00,0.0265999995172023,0.0275500006973743,0.0265999995172023,0.0275500006973743,8136948
2021-11-17 19:00:00-05:00,0.0265999995172023,0.0304000005125999,0.0265999995172023,0.0294499993324279,7020186
2021-11-18 19:00:00-05:00,0.0294499993324279,0.0294499993324279,0.0285000000149011,0.0294499993324279,4464843
2021-11-21 19:00:00-05:00,0.0294499993324279,0.0294499993324279,0.0265999995172023,0.0265999995172023,7453541
2021-11-22 19:00:00-05:00,0.0275500006973743,0.0275500006973743,0.0265999995172023,0.0275500006973743,2896881
2021-11-23 19:00:00-05:00,0.0275500006973743,0.0275500006973743,0.0256500001996755,0.0256500001996755,9006722
2021-11-24 19:00:00-05:00,0.0265999995172023,0.0265999995172023,0.0256500001996755,0.0256500001996755,4839055
2021-11-25 19:00:00-05:00,0.0265999995172023,0.0265999995172023,0.0256500001996755,0.0256500001996755,7991756
2021-11-28 19:00:00-05:00,0.0247000008821487,0.0256500001996755,0.0247000008821487,0.0247000008821487,2833936
2021-11-29 19:00:00-05:00,0.0256500001996755,0.0256500001996755,0.0247000008821487,0.0256500001996755,2449574
2021-11-30 19:00:00-05:00,0.0247000008821487,0.0256500001996755,0.0242250002920627,0.0247000008821487,3436398
2021-12-01 19:00:00-05:00,0.0256500001996755,0.0256500001996755,0.0237499997019767,0.0237499997019767,3566896
2021-12-02 19:00:00-05:00,0.0237499997019767,0.0242250002920627,0.0237499997019767,0.0242250002920627,110468
2021-12-05 19:00:00-05:00,0.0237499997019767,0.0237499997019767,0.0208999998867511,0.0218499992042779,7164729
2021-12-06 19:00:00-05:00,0.0218499992042779,0.0228000003844499,0.0180500000715255,0.0208999998867511,10940986
2021-12-07 19:00:00-05:00,0.0208999998867511,0.0208999998867511,0.0189999993890523,0.0189999993890523,2764806
2021-12-08 19:00:00-05:00,0.0199500005692243,0.0218499992042779,0.0189999993890523,0.0189999993890523,4271029
2021-12-09 19:00:00-05:00,0.0199500005692243,0.0199500005692243,0.0189999993890523,0.0189999993890523,2184009
2021-12-12 19:00:00-05:00,0.0199500005692243,0.0208999998867511,0.0199500005692243,0.0199500005692243,1912421
2021-12-13 19:00:00-05:00,0.0208999998867511,0.0228000003844499,0.0208999998867511,0.0228000003844499,1997837
2021-12-14 19:00:00-05:00,0.0228000003844499,0.0228000003844499,0.0218499992042779,0.0218499992042779,1161391
2021-12-15 19:00:00-05:00,0.0218499992042779,0.0228000003844499,0.0218499992042779,0.0218499992042779,2245327
2021-12-16 19:00:00-05:00,0.0218499992042779,0.0228000003844499,0.0218499992042779,0.0228000003844499,2846101
2021-12-19 19:00:00-05:00,0.0218499992042779,0.0218499992042779,0.0218499992042779,0.0218499992042779,231578
2021-12-20 19:00:00-05:00,0.0218499992042779,0.0218499992042779,0.0218499992042779,0.0218499992042779,3242245
2021-12-21 19:00:00-05:00,0.0218499992042779,0.0218499992042779,0.0208999998867511,0.0208999998867511,93226
2021-12-22 19:00:00-05:00,0.0208999998867511,0.0208999998867511,0.0208999998867511,0.0208999998867511,428963
2021-12-23 19:00:00-05:00,0.0208999998867511,0.0208999998867511,0.0208999998867511,0.0208999998867511,242622
2021-12-28 19:00:00-05:00,0.0208999998867511,0.0218499992042779,0.0208999998867511,0.0218499992042779,767835
2021-12-29 19:00:00-05:00,0.0223249997943639,0.0228000003844499,0.0223249997943639,0.0228000003844499,423427
2021-12-30 19:00:00-05:00,0.0218499992042779,0.0228000003844499,0.0218499992042779,0.0228000003844499,403789
2022-01-03 19:00:00-05:00,0.0218499992042779,0.0228000003844499,0.0218499992042779,0.0228000003844499,327531
2022-01-04 19:00:00-05:00,0.0218499992042779,0.0218499992042779,0.0218499992042779,0.0218499992042779,772141
2022-01-05 19:00:00-05:00,0.0218499992042779,0.0228000003844499,0.0218499992042779,0.0228000003844499,1028119
2022-01-06 19:00:00-05:00,0.0237499997019767,0.0237499997019767,0.0228000003844499,0.0228000003844499,257671
2022-01-09 19:00:00-05:00,0.0228000003844499,0.0237499997019767,0.0228000003844499,0.0237499997019767,58856
2022-01-10 19:00:00-05:00,0.0237499997019767,0.0237499997019767,0.0237499997019767,0.0237499997019767,312668
2022-01-11 19:00:00-05:00,0.0228000003844499,0.0232749991118907,0.0218499992042779,0.0228000003844499,198258
2022-01-12 19:00:00-05:00,0.0218499992042779,0.0223249997943639,0.0218499992042779,0.0218499992042779,485244
2022-01-13 19:00:00-05:00,0.0228000003844499,0.0228000003844499,0.0218499992042779,0.0228000003844499,187967
2022-01-16 19:00:00-05:00,0.0228000003844499,0.0228000003844499,0.0228000003844499,0.0228000003844499,260953
2022-01-17 19:00:00-05:00,0.0228000003844499,0.0228000003844499,0.0228000003844499,0.0228000003844499,120651
2022-01-18 19:00:00-05:00,0.0228000003844499,0.0228000003844499,0.0218499992042779,0.0218499992042779,1054598
2022-01-19 19:00:00-05:00,0.0237499997019767,0.0237499997019767,0.0237499997019767,0.0237499997019767,324642
2022-01-20 19:00:00-05:00,0.0228000003844499,0.0228000003844499,0.0218499992042779,0.0218499992042779,1019052
2022-01-23 19:00:00-05:00,0.0218499992042779,0.0218499992042779,0.0199500005692243,0.0199500005692243,1224139
2022-01-24 19:00:00-05:00,0.0199500005692243,0.0199500005692243,0.0180500000715255,0.0180500000715255,4468408
2022-01-26 19:00:00-05:00,0.0180500000715255,0.0199500005692243,0.0180500000715255,0.0180500000715255,1982578
2022-01-27 19:00:00-05:00,0.0180500000715255,0.0180500000715255,0.0180500000715255,0.0180500000715255,731072
2022-01-30 19:00:00-05:00,0.0189999993890523,0.0189999993890523,0.0189999993890523,0.0189999993890523,526315
2022-01-31 19:00:00-05:00,0.0180500000715255,0.0180500000715255,0.0180500000715255,0.0180500000715255,525999
2022-02-01 19:00:00-05:00,0.0189999993890523,0.0204249992966651,0.0189999993890523,0.0204249992966651,819239
2022-02-02 19:00:00-05:00,0.0208999998867511,0.0228000003844499,0.0208999998867511,0.0228000003844499,2735751
2022-02-03 19:00:00-05:00,0.0218499992042779,0.0228000003844499,0.0218499992042779,0.0218499992042779,994839
2022-02-06 19:00:00-05:00,0.0228000003844499,0.0228000003844499,0.0213750004768371,0.0218499992042779,2133492
2022-02-07 19:00:00-05:00,0.0218499992042779,0.0228000003844499,0.0218499992042779,0.0228000003844499,657014
2022-02-08 19:00:00-05:00,0.0218499992042779,0.0218499992042779,0.0218499992042779,0.0218499992042779,531998
2022-02-09 19:00:00-05:00,0.0228000003844499,0.0228000003844499,0.0218499992042779,0.0218499992042779,727133
2022-02-10 19:00:00-05:00,0.0218499992042779,0.0218499992042779,0.0208999998867511,0.0208999998867511,506182
2022-02-13 19:00:00-05:00,0.0208999998867511,0.0218499992042779,0.0208999998867511,0.0208999998867511,1344975
2022-02-14 19:00:00-05:00,0.0199500005692243,0.0218499992042779,0.0189999993890523,0.0189999993890523,961110
2022-02-15 19:00:00-05:00,0.0189999993890523,0.0189999993890523,0.0189999993890523,0.0189999993890523,664495
2022-02-16 19:00:00-05:00,0.0199500005692243,0.0199500005692243,0.0199500005692243,0.0199500005692243,202575
2022-02-17 19:00:00-05:00,0.0199500005692243,0.0199500005692243,0.0189999993890523,0.0189999993890523,717245
2022-02-20 19:00:00-05:00,0.0189999993890523,0.0189999993890523,0.0180500000715255,0.0189999993890523,2732352
2022-02-21 19:00:00-05:00,0.0180500000715255,0.0180500000715255,0.0171000007539987,0.0171000007539987,6194967
2022-02-22 19:00:00-05:00,0.0180500000715255,0.0189999993890523,0.0171000007539987,0.0189999993890523,9498706
2022-02-23 19:00:00-05:00,0.0189999993890523,0.0189999993890523,0.0161499995738267,0.0161499995738267,4291608
2022-02-24 19:00:00-05:00,0.0161499995738267,0.0180500000715255,0.0161499995738267,0.0180500000715255,1837841
2022-02-27 19:00:00-05:00,0.0180500000715255,0.0189999993890523,0.0180500000715255,0.0180500000715255,2890616
2022-02-28 19:00:00-05:00,0.0180500000715255,0.0185250006616115,0.0180500000715255,0.0185250006616115,263290
2022-03-01 19:00:00-05:00,0.0180500000715255,0.0189999993890523,0.0180500000715255,0.0189999993890523,371496
2022-03-02 19:00:00-05:00,0.0189999993890523,0.0189999993890523,0.0189999993890523,0.0189999993890523,0
2022-03-03 19:00:00-05:00,0.0189999993890523,0.0189999993890523,0.0189999993890523,0.0189999993890523,0
2022-03-06 19:00:00-05:00,0.0189999993890523,0.0189999993890523,0.0180500000715255,0.0189999993890523,2104105
2022-03-07 19:00:00-05:00,0.0180500000715255,0.0199500005692243,0.0180500000715255,0.0199500005692243,1076225
2022-03-08 19:00:00-05:00,0.0189999993890523,0.0189999993890523,0.0189999993890523,0.0189999993890523,118421
2022-03-09 19:00:00-05:00,0.0180500000715255,0.0180500000715255,0.0180500000715255,0.0180500000715255,1100651
2022-03-10 19:00:00-05:00,0.0180500000715255,0.0199500005692243,0.0180500000715255,0.0199500005692243,2711039
2022-03-13 20:00:00-04:00,0.0199500005692243,0.0199500005692243,0.0199500005692243,0.0199500005692243,0
2022-03-14 20:00:00-04:00,0.0189999993890523,0.0208999998867511,0.0189999993890523,0.0208999998867511,4532743
2022-03-15 20:00:00-04:00,0.0218499992042779,0.0218499992042779,0.0218499992042779,0.0218499992042779,1810666
2022-03-16 20:00:00-04:00,0.0228000003844499,0.0237499997019767,0.0228000003844499,0.0237499997019767,3592397
2022-03-17 20:00:00-04:00,0.0228000003844499,0.0247000008821487,0.0228000003844499,0.0247000008821487,1912806
2022-03-20 20:00:00-04:00,0.0247000008821487,0.0247000008821487,0.0237499997019767,0.0247000008821487,4051599
2022-03-21 20:00:00-04:00,0.0237499997019767,0.0237499997019767,0.0237499997019767,0.0237499997019767,534856
2022-03-22 20:00:00-04:00,0.0247000008821487,0.0247000008821487,0.0237499997019767,0.0237499997019767,889249
2022-03-23 20:00:00-04:00,0.0228000003844499,0.0237499997019767,0.0228000003844499,0.0237499997019767,1683014
2022-03-24 20:00:00-04:00,0.0237499997019767,0.0247000008821487,0.0237499997019767,0.0247000008821487,2771864
2022-03-27 20:00:00-04:00,0.0256500001996755,0.0256500001996755,0.0247000008821487,0.0247000008821487,4914316
2022-03-28 20:00:00-04:00,0.0256500001996755,0.0256500001996755,0.0237499997019767,0.0237499997019767,1238105
2022-03-29 20:00:00-04:00,0.0237499997019767,0.0237499997019767,0.0237499997019767,0.0237499997019767,809764
2022-03-30 20:00:00-04:00,0.0237499997019767,0.0237499997019767,0.0237499997019767,0.0237499997019767,343157
2022-03-31 20:00:00-04:00,0.0237499997019767,0.0247000008821487,0.0237499997019767,0.0247000008821487,1511522
2022-04-03 20:00:00-04:00,0.0256500001996755,0.0275500006973743,0.0247000008821487,0.0275500006973743,11619464
2022-04-04 20:00:00-04:00,0.0265999995172023,0.0265999995172023,0.0256500001996755,0.0256500001996755,1956347
2022-04-05 20:00:00-04:00,0.0256500001996755,0.0265999995172023,0.0256500001996755,0.0256500001996755,697409
2022-04-06 20:00:00-04:00,0.0247000008821487,0.0265999995172023,0.0247000008821487,0.0265999995172023,3714428
2022-04-07 20:00:00-04:00,0.0265999995172023,0.0285000000149011,0.0256500001996755,0.0275500006973743,8461047
2022-04-10 20:00:00-04:00,0.0275500006973743,0.0299249999225139,0.0275500006973743,0.0299249999225139,25455634
2022-04-11 20:00:00-04:00,0.0285000000149011,0.0299249999225139,0.0285000000149011,0.0299249999225139,9425975
2022-04-12 20:00:00-04:00,0.0304000005125999,0.0304000005125999,0.0280249994248151,0.0294499993324279,4250641
2022-04-13 20:00:00-04:00,0.0294499993324279,0.0304000005125999,0.0285000000149011,0.0294499993324279,7450721
2022-04-18 20:00:00-04:00,0.0304000005125999,0.0313500016927719,0.0294499993324279,0.0313500016927719,13079309
2022-04-19 20:00:00-04:00,0.0313500016927719,0.0322999991476535,0.0304000005125999,0.0304000005125999,2416766
2022-04-20 20:00:00-04:00,0.0313500016927719,0.0332500003278255,0.0294499993324279,0.0294499993324279,6365007
2022-04-21 20:00:00-04:00,0.0294499993324279,0.0304000005125999,0.0285000000149011,0.0304000005125999,6975426
2022-04-25 20:00:00-04:00,0.0285000000149011,0.0294499993324279,0.0285000000149011,0.0294499993324279,3510485
2022-04-26 20:00:00-04:00,0.0294499993324279,0.0294499993324279,0.0275500006973743,0.0275500006973743,3457347
2022-04-27 20:00:00-04:00,0.0285000000149011,0.0285000000149011,0.0275500006973743,0.0275500006973743,3535066
2022-04-28 20:00:00-04:00,0.0275500006973743,0.0275500006973743,0.0256500001996755,0.0256500001996755,6219277
2022-05-01 20:00:00-04:00,0.0256500001996755,0.0275500006973743,0.0256500001996755,0.0275500006973743,1911568
2022-05-02 20:00:00-04:00,0.0275500006973743,0.0275500006973743,0.0256500001996755,0.0265999995172023,519542
2022-05-03 20:00:00-04:00,0.0256500001996755,0.0261250007897615,0.0237499997019767,0.0256500001996755,8649416
2022-05-04 20:00:00-04:00,0.0265999995172023,0.0265999995172023,0.0256500001996755,0.0256500001996755,631655
2022-05-05 20:00:00-04:00,0.0256500001996755,0.0256500001996755,0.0247000008821487,0.0247000008821487,2762399
2022-05-08 20:00:00-04:00,0.0247000008821487,0.0247000008821487,0.0237499997019767,0.0237499997019767,1999976
2022-05-09 20:00:00-04:00,0.0237499997019767,0.0237499997019767,0.0237499997019767,0.0237499997019767,388290
2022-05-10 20:00:00-04:00,0.0228000003844499,0.0228000003844499,0.0228000003844499,0.0228000003844499,23936
2022-05-11 20:00:00-04:00,0.0237499997019767,0.0237499997019767,0.0228000003844499,0.0228000003844499,145646
2022-05-12 20:00:00-04:00,0.0237499997019767,0.0237499997019767,0.0228000003844499,0.0237499997019767,576331
2022-05-15 20:00:00-04:00,0.0256500001996755,0.0256500001996755,0.0237499997019767,0.0237499997019767,1937226
2022-05-16 20:00:00-04:00,0.0256500001996755,0.0256500001996755,0.0208999998867511,0.0218499992042779,9350426
2022-05-17 20:00:00-04:00,0.0218499992042779,0.0228000003844499,0.0189999993890523,0.0189999993890523,11794447
2022-05-18 20:00:00-04:00,0.0199500005692243,0.0218499992042779,0.0199500005692243,0.0218499992042779,4411325
2022-05-19 20:00:00-04:00,0.0228000003844499,0.0247000008821487,0.0228000003844499,0.0247000008821487,6441934
2022-05-22 20:00:00-04:00,0.0247000008821487,0.0247000008821487,0.0247000008821487,0.0247000008821487,513706
2022-05-23 20:00:00-04:00,0.0247000008821487,0.0247000008821487,0.0218499992042779,0.0218499992042779,23498
2022-05-24 20:00:00-04:00,0.0218499992042779,0.0218499992042779,0.0208999998867511,0.0208999998867511,1734231
2022-05-25 20:00:00-04:00,0.0228000003844499,0.0247000008821487,0.0208999998867511,0.0247000008821487,3248695
2022-05-26 20:00:00-04:00,0.0237499997019767,0.0247000008821487,0.0237499997019767,0.0247000008821487,2517577
2022-05-29 20:00:00-04:00,0.0247000008821487,0.0247000008821487,0.0247000008821487,0.0247000008821487,112590
2022-05-30 20:00:00-04:00,0.0232749991118907,0.0237499997019767,0.0218499992042779,0.0228000003844499,758591
2022-05-31 20:00:00-04:00,0.0228000003844499,0.0228000003844499,0.0218499992042779,0.0218499992042779,788781
2022-06-01 20:00:00-04:00,0.0218499992042779,0.0218499992042779,0.0208999998867511,0.0208999998867511,1177854
2022-06-02 20:00:00-04:00,0.0218499992042779,0.0218499992042779,0.0208999998867511,0.0218499992042779,168311
2022-06-05 20:00:00-04:00,0.0208999998867511,0.0208999998867511,0.0199500005692243,0.0199500005692243,983789
2022-06-06 20:00:00-04:00,0.0208999998867511,0.0208999998867511,0.0199500005692243,0.0199500005692243,1745945
2022-06-07 20:00:00-04:00,0.0218499992042779,0.0218499992042779,0.0218499992042779,0.0218499992042779,959532
2022-06-08 20:00:00-04:00,0.0218499992042779,0.0218499992042779,0.0199500005692243,0.0199500005692243,44305
2022-06-09 20:00:00-04:00,0.0208999998867511,0.0208999998867511,0.0199500005692243,0.0199500005692243,3036282
2022-06-13 20:00:00-04:00,0.0180500000715255,0.0189999993890523,0.0180500000715255,0.0189999993890523,4558246
2022-06-14 20:00:00-04:00,0.0189999993890523,0.0189999993890523,0.0171000007539987,0.0171000007539987,5829864
2022-06-15 20:00:00-04:00,0.0189999993890523,0.0189999993890523,0.0180500000715255,0.0189999993890523,342355
2022-06-16 20:00:00-04:00,0.0171000007539987,0.0180500000715255,0.0171000007539987,0.0180500000715255,384210
2022-06-19 20:00:00-04:00,0.0180500000715255,0.0180500000715255,0.0175749994814395,0.0180500000715255,221605
2022-06-20 20:00:00-04:00,0.0180500000715255,0.0180500000715255,0.0175749994814395,0.0180500000715255,577288
2022-06-21 20:00:00-04:00,0.0180500000715255,0.0180500000715255,0.0161499995738267,0.0161499995738267,1247176
2022-06-22 20:00:00-04:00,0.0161499995738267,0.0180500000715255,0.0161499995738267,0.0171000007539987,1458421
2022-06-23 20:00:00-04:00,0.0161499995738267,0.0171000007539987,0.0161499995738267,0.0171000007539987,572017
2022-06-26 20:00:00-04:00,0.0171000007539987,0.0171000007539987,0.0161499995738267,0.0161499995738267,8604023
2022-06-27 20:00:00-04:00,0.0161499995738267,0.0171000007539987,0.0161499995738267,0.0171000007539987,472293
2022-06-28 20:00:00-04:00,0.0166250001639127,0.0171000007539987,0.0166250001639127,0.0171000007539987,566795
2022-06-29 20:00:00-04:00,0.0171000007539987,0.0171000007539987,0.0171000007539987,0.0171000007539987,1145212
2022-06-30 20:00:00-04:00,0.0171000007539987,0.0171000007539987,0.0171000007539987,0.0171000007539987,5906
2022-07-03 20:00:00-04:00,0.0171000007539987,0.0171000007539987,0.0171000007539987,0.0171000007539987,520409
2022-07-04 20:00:00-04:00,0.0171000007539987,0.0171000007539987,0.0171000007539987,0.0171000007539987,68917
2022-07-05 20:00:00-04:00,0.0161499995738267,0.0171000007539987,0.0161499995738267,0.0171000007539987,847369
2022-07-06 20:00:00-04:00,0.0161499995738267,0.0161499995738267,0.0152000002562999,0.0161499995738267,2461487
2022-07-07 20:00:00-04:00,0.0152000002562999,0.0171000007539987,0.0152000002562999,0.0171000007539987,2957527
2022-07-10 20:00:00-04:00,0.0171000007539987,0.0171000007539987,0.0171000007539987,0.0171000007539987,0
2022-07-11 20:00:00-04:00,0.0171000007539987,0.0180500000715255,0.0171000007539987,0.0171000007539987,2110331
2022-07-12 20:00:00-04:00,0.0171000007539987,0.0180500000715255,0.0171000007539987,0.0180500000715255,1052631
2022-07-13 20:00:00-04:00,0.0180500000715255,0.0199500005692243,0.0180500000715255,0.0199500005692243,1962290
2022-07-14 20:00:00-04:00,0.0189999993890523,0.0199500005692243,0.0185250006616115,0.0199500005692243,1860416
2022-07-17 20:00:00-04:00,0.0189999993890523,0.0189999993890523,0.0189999993890523,0.0189999993890523,421052
2022-07-18 20:00:00-04:00,0.0189999993890523,0.0189999993890523,0.0189999993890523,0.0189999993890523,1108032
2022-07-19 20:00:00-04:00,0.0199500005692243,0.0199500005692243,0.0180500000715255,0.0189999993890523,1118886
2022-07-20 20:00:00-04:00,0.0189999993890523,0.0189999993890523,0.0180500000715255,0.0189999993890523,465284
2022-07-21 20:00:00-04:00,0.0189999993890523,0.0189999993890523,0.0189999993890523,0.0189999993890523,280986
2022-07-24 20:00:00-04:00,0.0199500005692243,0.0208999998867511,0.0189999993890523,0.0208999998867511,2263321
2022-07-25 20:00:00-04:00,0.0208999998867511,0.0208999998867511,0.0199500005692243,0.0199500005692243,498076
2022-07-26 20:00:00-04:00,0.0199500005692243,0.0199500005692243,0.0180500000715255,0.0180500000715255,1101704
2022-07-27 20:00:00-04:00,0.0180500000715255,0.0189999993890523,0.0180500000715255,0.0180500000715255,1120619
2022-07-28 20:00:00-04:00,0.0180500000715255,0.0199500005692243,0.0180500000715255,0.0199500005692243,822064
2022-07-31 20:00:00-04:00,0.0189999993890523,0.0189999993890523,0.0180500000715255,0.0180500000715255,1126911
2022-08-01 20:00:00-04:00,0.0189999993890523,0.0199500005692243,0.0189999993890523,0.0199500005692243,427042
2022-08-02 20:00:00-04:00,0.0189999993890523,0.0189999993890523,0.0189999993890523,0.0189999993890523,76343
2022-08-03 20:00:00-04:00,0.0189999993890523,0.0189999993890523,0.0189999993890523,0.0189999993890523,0
2022-08-04 20:00:00-04:00,0.0189999993890523,0.0189999993890523,0.0189999993890523,0.0189999993890523,631
2022-08-07 20:00:00-04:00,0.0180500000715255,0.0189999993890523,0.0180500000715255,0.0189999993890523,1752025
2022-08-08 20:00:00-04:00,0.0189999993890523,0.0189999993890523,0.0180500000715255,0.0189999993890523,137012
2022-08-09 20:00:00-04:00,0.0171000007539987,0.0189999993890523,0.0161499995738267,0.0189999993890523,1744631
2022-08-10 20:00:00-04:00,0.0189999993890523,0.0199500005692243,0.0189999993890523,0.0199500005692243,520586
2022-08-11 20:00:00-04:00,0.0189999993890523,0.0189999993890523,0.0180500000715255,0.0180500000715255,1702487
2022-08-14 20:00:00-04:00,0.0180500000715255,0.0180500000715255,0.0180500000715255,0.0180500000715255,315789
2022-08-15 20:00:00-04:00,0.0189999993890523,0.0189999993890523,0.0180500000715255,0.0180500000715255,647805
2022-08-16 20:00:00-04:00,0.0180500000715255,0.0180500000715255,0.0171000007539987,0.0180500000715255,2206882
2022-08-17 20:00:00-04:00,0.0189999993890523,0.0199500005692243,0.0185250006616115,0.0189999993890523,3243403
2022-08-18 20:00:00-04:00,0.0189999993890523,0.0189999993890523,0.0189999993890523,0.0189999993890523,1125123
2022-08-21 20:00:00-04:00,0.0171000007539987,0.0171000007539987,0.0171000007539987,0.0171000007539987,1368421
2022-08-22 20:00:00-04:00,0.0189999993890523,0.0189999993890523,0.0180500000715255,0.0180500000715255,217982
2022-08-23 20:00:00-04:00,0.0171000007539987,0.0180500000715255,0.0171000007539987,0.0180500000715255,462315
2022-08-24 20:00:00-04:00,0.0180500000715255,0.0180500000715255,0.0180500000715255,0.0180500000715255,128903
2022-08-25 20:00:00-04:00,0.0180500000715255,0.0189999993890523,0.0180500000715255,0.0189999993890523,911007
2022-08-28 20:00:00-04:00,0.0171000007539987,0.0180500000715255,0.0161499995738267,0.0180500000715255,3481404
2022-08-29 20:00:00-04:00,0.0171000007539987,0.0180500000715255,0.0171000007539987,0.0171000007539987,456359
2022-08-30 20:00:00-04:00,0.0171000007539987,0.0171000007539987,0.0171000007539987,0.0171000007539987,0
2022-08-31 20:00:00-04:00,0.0189999993890523,0.0189999993890523,0.0171000007539987,0.0180500000715255,1430207
2022-09-01 20:00:00-04:00,0.0180500000715255,0.0189999993890523,0.0180500000715255,0.0189999993890523,121052
2022-09-04 20:00:00-04:00,0.0180500000715255,0.0189999993890523,0.0180500000715255,0.0189999993890523,105263
2022-09-05 20:00:00-04:00,0.0189999993890523,0.0189999993890523,0.0189999993890523,0.0189999993890523,0
2022-09-06 20:00:00-04:00,0.0171000007539987,0.0171000007539987,0.0171000007539987,0.0171000007539987,44421
2022-09-07 20:00:00-04:00,0.0180500000715255,0.0199500005692243,0.0180500000715255,0.0199500005692243,1944208
2022-09-08 20:00:00-04:00,0.0189999993890523,0.0189999993890523,0.0189999993890523,0.0189999993890523,405352
2022-09-11 20:00:00-04:00,0.0180500000715255,0.0189999993890523,0.0180500000715255,0.0189999993890523,1689277
2022-09-12 20:00:00-04:00,0.0189999993890523,0.0189999993890523,0.0189999993890523,0.0189999993890523,52
2022-09-13 20:00:00-04:00,0.0180500000715255,0.0189999993890523,0.0171000007539987,0.0189999993890523,2657649
2022-09-14 20:00:00-04:00,0.0180500000715255,0.0199500005692243,0.0180500000715255,0.0199500005692243,1352896
2022-09-15 20:00:00-04:00,0.0199500005692243,0.0199500005692243,0.0189999993890523,0.0189999993890523,2413426
2022-09-18 20:00:00-04:00,0.0199500005692243,0.0199500005692243,0.0189999993890523,0.0189999993890523,3034588
2022-09-19 20:00:00-04:00,0.0199500005692243,0.0199500005692243,0.0189999993890523,0.0189999993890523,432290
2022-09-20 20:00:00-04:00,0.0189999993890523,0.0189999993890523,0.0171000007539987,0.0189999993890523,1961958
2022-09-22 20:00:00-04:00,0.0189999993890523,0.0189999993890523,0.0180500000715255,0.0180500000715255,300674
2022-09-25 20:00:00-04:00,0.0171000007539987,0.0180500000715255,0.0171000007539987,0.0180500000715255,608637
2022-09-26 20:00:00-04:00,0.0180500000715255,0.0189999993890523,0.0171000007539987,0.0171000007539987,1041378
2022-09-27 20:00:00-04:00,0.0171000007539987,0.0189999993890523,0.0171000007539987,0.0189999993890523,823671
2022-09-28 20:00:00-04:00,0.0180500000715255,0.0189999993890523,0.0180500000715255,0.0189999993890523,601050
2022-09-29 20:00:00-04:00,0.0180500000715255,0.0180500000715255,0.0161499995738267,0.0161499995738267,7601646
2022-10-02 20:00:00-04:00,0.0171000007539987,0.0180500000715255,0.0171000007539987,0.0171000007539987,766723
2022-10-03 20:00:00-04:00,0.0171000007539987,0.0180500000715255,0.0171000007539987,0.0180500000715255,638303
2022-10-04 20:00:00-04:00,0.0171000007539987,0.0180500000715255,0.0171000007539987,0.0180500000715255,76586
2022-10-05 20:00:00-04:00,0.0171000007539987,0.0171000007539987,0.0171000007539987,0.0171000007539987,263523
2022-10-06 20:00:00-04:00,0.0180500000715255,0.0180500000715255,0.0180500000715255,0.0180500000715255,716
2022-10-09 20:00:00-04:00,0.0180500000715255,0.0180500000715255,0.0180500000715255,0.0180500000715255,0
2022-10-10 20:00:00-04:00,0.0171000007539987,0.0171000007539987,0.0171000007539987,0.0171000007539987,528161
2022-10-11 20:00:00-04:00,0.0171000007539987,0.0171000007539987,0.0161499995738267,0.0161499995738267,925495
2022-10-12 20:00:00-04:00,0.0161499995738267,0.0171000007539987,0.0161499995738267,0.0161499995738267,138488
2022-10-13 20:00:00-04:00,0.0161499995738267,0.0161499995738267,0.0161499995738267,0.0161499995738267,220694
2022-10-16 20:00:00-04:00,0.0161499995738267,0.0161499995738267,0.0152000002562999,0.0152000002562999,3185442
2022-10-17 20:00:00-04:00,0.0161499995738267,0.0161499995738267,0.0161499995738267,0.0161499995738267,6315
2022-10-18 20:00:00-04:00,0.0161499995738267,0.0161499995738267,0.0161499995738267,0.0161499995738267,152659
2022-10-19 20:00:00-04:00,0.0161499995738267,0.0161499995738267,0.0152000002562999,0.0152000002562999,2338412
2022-10-20 20:00:00-04:00,0.0152000002562999,0.0161499995738267,0.0152000002562999,0.0161499995738267,3940193
2022-10-23 20:00:00-04:00,0.0171000007539987,0.0180500000715255,0.0171000007539987,0.0180500000715255,3794244
2022-10-24 20:00:00-04:00,0.0171000007539987,0.0180500000715255,0.0171000007539987,0.0180500000715255,2830242
2022-10-25 20:00:00-04:00,0.0171000007539987,0.0171000007539987,0.0171000007539987,0.0171000007539987,1416829
2022-10-26 20:00:00-04:00,0.0171000007539987,0.0180500000715255,0.0171000007539987,0.0180500000715255,953668
2022-10-27 20:00:00-04:00,0.0171000007539987,0.0171000007539987,0.0171000007539987,0.0171000007539987,324979
2022-10-30 20:00:00-04:00,0.0171000007539987,0.0171000007539987,0.0171000007539987,0.0171000007539987,421052
2022-10-31 20:00:00-04:00,0.0180500000715255,0.0199500005692243,0.0180500000715255,0.0199500005692243,2963218
2022-11-01 20:00:00-04:00,0.0199500005692243,0.0199500005692243,0.0189999993890523,0.0189999993890523,1054627
2022-11-02 20:00:00-04:00,0.0189999993890523,0.0199500005692243,0.0189999993890523,0.0199500005692243,103841
2022-11-03 20:00:00-04:00,0.0189999993890523,0.0199500005692243,0.0189999993890523,0.0199500005692243,288421
2022-11-06 19:00:00-05:00,0.0189999993890523,0.0189999993890523,0.0189999993890523,0.0189999993890523,105263
2022-11-07 19:00:00-05:00,0.0180500000715255,0.0180500000715255,0.0180500000715255,0.0180500000715255,22041
2022-11-08 19:00:00-05:00,0.0189999993890523,0.0189999993890523,0.0180500000715255,0.0189999993890523,560094
2022-11-09 19:00:00-05:00,0.0189999993890523,0.0189999993890523,0.0180500000715255,0.0180500000715255,13052
2022-11-10 19:00:00-05:00,0.0189999993890523,0.0208999998867511,0.0189999993890523,0.0208999998867511,4511773
2022-11-13 19:00:00-05:00,0.0208999998867511,0.0228000003844499,0.0208999998867511,0.0218499992042779,5929927
2022-11-14 19:00:00-05:00,0.0218499992042779,0.0237499997019767,0.0218499992042779,0.0237499997019767,6105757
2022-11-15 19:00:00-05:00,0.0237499997019767,0.0237499997019767,0.0228000003844499,0.0237499997019767,3986126
2022-11-16 19:00:00-05:00,0.0228000003844499,0.0237499997019767,0.0228000003844499,0.0228000003844499,779473
2022-11-17 19:00:00-05:00,0.0218499992042779,0.0218499992042779,0.0218499992042779,0.0218499992042779,229045
2022-11-20 19:00:00-05:00,0.0218499992042779,0.0218499992042779,0.0218499992042779,0.0218499992042779,4
2022-11-21 19:00:00-05:00,0.0228000003844499,0.0228000003844499,0.0208999998867511,0.0218499992042779,5123944
2022-11-22 19:00:00-05:00,0.0208999998867511,0.0218499992042779,0.0208999998867511,0.0208999998867511,1626105
2022-11-23 19:00:00-05:00,0.0208999998867511,0.0208999998867511,0.0189999993890523,0.0208999998867511,3254004
2022-11-24 19:00:00-05:00,0.0208999998867511,0.0218499992042779,0.0189999993890523,0.0208999998867511,6060311
2022-11-27 19:00:00-05:00,0.0208999998867511,0.0218499992042779,0.0199500005692243,0.0218499992042779,2184799
2022-11-28 19:00:00-05:00,0.0208999998867511,0.0208999998867511,0.0199500005692243,0.0199500005692243,1290583
2022-11-29 19:00:00-05:00,0.0199500005692243,0.0204249992966651,0.0199500005692243,0.0204249992966651,1140658
2022-11-30 19:00:00-05:00,0.0208999998867511,0.0208999998867511,0.0208999998867511,0.0208999998867511,1052631
2022-12-01 19:00:00-05:00,0.0208999998867511,0.0228000003844499,0.0208999998867511,0.0228000003844499,1475301
2022-12-04 19:00:00-05:00,0.0228000003844499,0.0228000003844499,0.0218499992042779,0.0218499992042779,1046679
2022-12-05 19:00:00-05:00,0.0208999998867511,0.0218499992042779,0.0171000007539987,0.0171000007539987,11783701
2022-12-06 19:00:00-05:00,0.0161499995738267,0.0171000007539987,0.0152000002562999,0.0171000007539987,8116612
2022-12-07 19:00:00-05:00,0.0171000007539987,0.0171000007539987,0.0152000002562999,0.0152000002562999,2147777
2022-12-08 19:00:00-05:00,0.0152000002562999,0.0171000007539987,0.0152000002562999,0.0156750008463859,11543483
2022-12-11 19:00:00-05:00,0.0161499995738267,0.0161499995738267,0.0123500004410743,0.0142500000074505,19301223
2022-12-12 19:00:00-05:00,0.0142500000074505,0.0152000002562999,0.0142500000074505,0.0142500000074505,3756479
2022-12-13 19:00:00-05:00,0.0152000002562999,0.0152000002562999,0.0142500000074505,0.0152000002562999,5032176
2022-12-14 19:00:00-05:00,0.0152000002562999,0.0161499995738267,0.0152000002562999,0.0152000002562999,3069738
2022-12-15 19:00:00-05:00,0.0142500000074505,0.0161499995738267,0.0142500000074505,0.0161499995738267,5150934
2022-12-18 19:00:00-05:00,0.0152000002562999,0.0161499995738267,0.0152000002562999,0.0161499995738267,2925263
2022-12-19 19:00:00-05:00,0.0161499995738267,0.0161499995738267,0.0142500000074505,0.0152000002562999,680185
2022-12-20 19:00:00-05:00,0.0152000002562999,0.0152000002562999,0.0152000002562999,0.0152000002562999,1024372
2022-12-21 19:00:00-05:00,0.0152000002562999,0.0152000002562999,0.0142500000074505,0.0152000002562999,89539
2022-12-22 19:00:00-05:00,0.0142500000074505,0.0152000002562999,0.0142500000074505,0.0152000002562999,678290
2022-12-27 19:00:00-05:00,0.0152000002562999,0.0152000002562999,0.0152000002562999,0.0152000002562999,9602
2022-12-28 19:00:00-05:00,0.0152000002562999,0.0152000002562999,0.0152000002562999,0.0152000002562999,0
2022-12-29 19:00:00-05:00,0.0142500000074505,0.0142500000074505,0.0142500000074505,0.0142500000074505,171630
2023-01-02 19:00:00-05:00,0.0152000002562999,0.0152000002562999,0.0142500000074505,0.0142500000074505,2209889
2023-01-03 19:00:00-05:00,0.0142500000074505,0.0142500000074505,0.0142500000074505,0.0142500000074505,29297
2023-01-04 19:00:00-05:00,0.0142500000074505,0.0152000002562999,0.0142500000074505,0.0152000002562999,72642
2023-01-05 19:00:00-05:00,0.0152000002562999,0.0152000002562999,0.0142500000074505,0.0142500000074505,730326
2023-01-08 19:00:00-05:00,0.0142500000074505,0.0142500000074505,0.0142500000074505,0.0142500000074505,1145157
2023-01-09 19:00:00-05:00,0.0142500000074505,0.0142500000074505,0.0142500000074505,0.0142500000074505,1054218
2023-01-10 19:00:00-05:00,0.0142500000074505,0.0152000002562999,0.0142500000074505,0.0152000002562999,131578
2023-01-11 19:00:00-05:00,0.0142500000074505,0.0152000002562999,0.0142500000074505,0.0152000002562999,959356
2023-01-12 19:00:00-05:00,0.0142500000074505,0.0142500000074505,0.0137750003486871,0.0142500000074505,1108552
2023-01-15 19:00:00-05:00,0.0142500000074505,0.0142500000074505,0.0132999997586011,0.0132999997586011,1962930
2023-01-16 19:00:00-05:00,0.0142500000074505,0.0142500000074505,0.0142500000074505,0.0142500000074505,560855
2023-01-17 19:00:00-05:00,0.0132999997586011,0.0132999997586011,0.0132999997586011,0.0132999997586011,1636399
2023-01-18 19:00:00-05:00,0.0132999997586011,0.0132999997586011,0.0123500004410743,0.0132999997586011,351578
2023-01-19 19:00:00-05:00,0.0123500004410743,0.0132999997586011,0.0123500004410743,0.0123500004410743,727643
2023-01-22 19:00:00-05:00,0.0132999997586011,0.0132999997586011,0.0114000001922249,0.0123500004410743,7480167
2023-01-23 19:00:00-05:00,0.0123500004410743,0.0132999997586011,0.0123500004410743,0.0123500004410743,542311
2023-01-24 19:00:00-05:00,0.0123500004410743,0.0132999997586011,0.0114000001922249,0.0132999997586011,426329
2023-01-26 19:00:00-05:00,0.0114000001922249,0.0132999997586011,0.0114000001922249,0.0132999997586011,186911
2023-01-29 19:00:00-05:00,0.0132999997586011,0.0132999997586011,0.0132999997586011,0.0132999997586011,75187
2023-01-30 19:00:00-05:00,0.0132999997586011,0.0132999997586011,0.0128250000998377,0.0132999997586011,850897
2023-01-31 19:00:00-05:00,0.0132999997586011,0.0142500000074505,0.0123500004410743,0.0123500004410743,3458133
2023-02-01 19:00:00-05:00,0.0123500004410743,0.0132999997586011,0.0123500004410743,0.0132999997586011,352047
2023-02-02 19:00:00-05:00,0.0123500004410743,0.0132999997586011,0.0123500004410743,0.0132999997586011,263157
2023-02-05 19:00:00-05:00,0.0132999997586011,0.0132999997586011,0.0128250000998377,0.0132999997586011,396882
2023-02-06 19:00:00-05:00,0.0132999997586011,0.0132999997586011,0.0132999997586011,0.0132999997586011,0
2023-02-07 19:00:00-05:00,0.0132999997586011,0.0132999997586011,0.0123500004410743,0.0132999997586011,43065
2023-02-08 19:00:00-05:00,0.0123500004410743,0.0132999997586011,0.0123500004410743,0.0132999997586011,1612145
2023-02-09 19:00:00-05:00,0.0132999997586011,0.0132999997586011,0.0132999997586011,0.0132999997586011,264886
2023-02-12 19:00:00-05:00,0.0132999997586011,0.0132999997586011,0.0132999997586011,0.0132999997586011,86639
2023-02-13 19:00:00-05:00,0.0132999997586011,0.0132999997586011,0.0132999997586011,0.0132999997586011,0
2023-02-14 19:00:00-05:00,0.0123500004410743,0.0132999997586011,0.0123500004410743,0.0132999997586011,257868
2023-02-15 19:00:00-05:00,0.0132999997586011,0.0132999997586011,0.0132999997586011,0.0132999997586011,0
2023-02-16 19:00:00-05:00,0.0132999997586011,0.0132999997586011,0.0132999997586011,0.0132999997586011,0
2023-02-19 19:00:00-05:00,0.0123500004410743,0.0132999997586011,0.0123500004410743,0.0123500004410743,381431
2023-02-20 19:00:00-05:00,0.0123500004410743,0.0132999997586011,0.0123500004410743,0.0132999997586011,273342
2023-02-21 19:00:00-05:00,0.0123500004410743,0.0132999997586011,0.0123500004410743,0.0132999997586011,98421
2023-02-22 19:00:00-05:00,0.0123500004410743,0.0132999997586011,0.0123500004410743,0.0132999997586011,78530
2023-02-23 19:00:00-05:00,0.0132999997586011,0.0132999997586011,0.0132999997586011,0.0132999997586011,59999
2023-02-26 19:00:00-05:00,0.0123500004410743,0.0123500004410743,0.0114000001922249,0.0123500004410743,1473853
2023-02-27 19:00:00-05:00,0.0114000001922249,0.0123500004410743,0.0114000001922249,0.0123500004410743,172308
2023-02-28 19:00:00-05:00,0.0123500004410743,0.0123500004410743,0.0114000001922249,0.0114000001922249,521504
2023-03-01 19:00:00-05:00,0.0123500004410743,0.0123500004410743,0.0123500004410743,0.0123500004410743,68421
2023-03-02 19:00:00-05:00,0.0114000001922249,0.0123500004410743,0.0114000001922249,0.0123500004410743,10861
2023-03-05 19:00:00-05:00,0.0123500004410743,0.0123500004410743,0.0123500004410743,0.0123500004410743,12631
2023-03-06 19:00:00-05:00,0.0123500004410743,0.0123500004410743,0.0114000001922249,0.0123500004410743,146621
2023-03-07 19:00:00-05:00,0.0114000001922249,0.0123500004410743,0.0114000001922249,0.0123500004410743,204233
2023-03-08 19:00:00-05:00,0.0114000001922249,0.0123500004410743,0.0114000001922249,0.0114000001922249,618318
2023-03-09 19:00:00-05:00,0.0123500004410743,0.0123500004410743,0.0114000001922249,0.0114000001922249,2313975
2023-03-12 20:00:00-04:00,0.0114000001922249,0.0114000001922249,0.0114000001922249,0.0114000001922249,0
2023-03-13 20:00:00-04:00,0.0104499999433755,0.0114000001922249,0.0094999996945261,0.0104499999433755,5019131
2023-03-14 20:00:00-04:00,0.0104499999433755,0.0104499999433755,0.0104499999433755,0.0104499999433755,98957
2023-03-15 20:00:00-04:00,0.0104499999433755,0.0104499999433755,0.0104499999433755,0.0104499999433755,167368
2023-03-16 20:00:00-04:00,0.0094999996945261,0.0104499999433755,0.0094999996945261,0.0104499999433755,129748
2023-03-19 20:00:00-04:00,0.0094999996945261,0.0094999996945261,0.0085500003769993,0.0094999996945261,289292
2023-03-20 20:00:00-04:00,0.0085500003769993,0.0104499999433755,0.0085500003769993,0.0104499999433755,577864
2023-03-21 20:00:00-04:00,0.0094999996945261,0.0104499999433755,0.0094999996945261,0.0104499999433755,68421
2023-03-22 20:00:00-04:00,0.0094999996945261,0.0104499999433755,0.0094999996945261,0.0094999996945261,210526
2023-03-23 20:00:00-04:00,0.0094999996945261,0.0094999996945261,0.0094999996945261,0.0094999996945261,0
2023-03-26 20:00:00-04:00,0.0094999996945261,0.0094999996945261,0.0094999996945261,0.0094999996945261,157894
2023-03-27 20:00:00-04:00,0.0094999996945261,0.0094999996945261,0.0094999996945261,0.0094999996945261,310526
2023-03-28 20:00:00-04:00,0.0094999996945261,0.0104499999433755,0.0094999996945261,0.0094999996945261,778963
2023-03-29 20:00:00-04:00,0.0114000001922249,0.0114000001922249,0.0114000001922249,0.0114000001922249,2478016
2023-03-30 20:00:00-04:00,0.0114000001922249,0.0114000001922249,0.0104499999433755,0.0114000001922249,1857301
2023-04-02 20:00:00-04:00,0.0114000001922249,0.0114000001922249,0.0114000001922249,0.0114000001922249,92818
2023-04-03 20:00:00-04:00,0.0104499999433755,0.0114000001922249,0.0104499999433755,0.0114000001922249,1657227
2023-04-04 20:00:00-04:00,0.0114000001922249,0.0123500004410743,0.0104499999433755,0.0114000001922249,784099
2023-04-05 20:00:00-04:00,0.0104499999433755,0.0104499999433755,0.0104499999433755,0.0104499999433755,200183
2023-04-10 20:00:00-04:00,0.0104499999433755,0.0114000001922249,0.0104499999433755,0.0114000001922249,1503684
2023-04-11 20:00:00-04:00,0.0104499999433755,0.0104499999433755,0.0104499999433755,0.0104499999433755,261297
2023-04-12 20:00:00-04:00,0.0104499999433755,0.0104499999433755,0.0094999996945261,0.0094999996945261,1035570
2023-04-13 20:00:00-04:00,0.0094999996945261,0.0094999996945261,0.0094999996945261,0.0094999996945261,0
2023-04-16 20:00:00-04:00,0.0104499999433755,0.0114000001922249,0.0094999996945261,0.0104499999433755,1090629
2023-04-17 20:00:00-04:00,0.0104499999433755,0.0104499999433755,0.0104499999433755,0.0104499999433755,0
2023-04-18 20:00:00-04:00,0.0104499999433755,0.0104499999433755,0.0104499999433755,0.0104499999433755,5263
2023-04-19 20:00:00-04:00,0.0104499999433755,0.0104499999433755,0.0094999996945261,0.0104499999433755,188233
2023-04-20 20:00:00-04:00,0.0104499999433755,0.0104499999433755,0.0094999996945261,0.0104499999433755,477778
2023-04-23 20:00:00-04:00,0.0104499999433755,0.0114000001922249,0.0094999996945261,0.0114000001922249,303157
2023-04-25 20:00:00-04:00,0.0114000001922249,0.0114000001922249,0.0114000001922249,0.0114000001922249,0
2023-04-26 20:00:00-04:00,0.0094999996945261,0.0104499999433755,0.0094999996945261,0.0104499999433755,725114
2023-04-27 20:00:00-04:00,0.0094999996945261,0.0104499999433755,0.0094999996945261,0.0104499999433755,234547
2023-04-30 20:00:00-04:00,0.0142500000074505,0.0152000002562999,0.0114000001922249,0.0114000001922249,6696164
2023-05-01 20:00:00-04:00,0.0123500004410743,0.0123500004410743,0.0114000001922249,0.0114000001922249,653368
2023-05-02 20:00:00-04:00,0.0123500004410743,0.0123500004410743,0.0123500004410743,0.0123500004410743,6903
2023-05-03 20:00:00-04:00,0.0123500004410743,0.0123500004410743,0.0104499999433755,0.0114000001922249,4754877
2023-05-04 20:00:00-04:00,0.0104499999433755,0.0104499999433755,0.0104499999433755,0.0104499999433755,52631
2023-05-07 20:00:00-04:00,0.0114000001922249,0.0114000001922249,0.0104499999433755,0.0114000001922249,2137946
2023-05-08 20:00:00-04:00,0.0114000001922249,0.0114000001922249,0.0114000001922249,0.0114000001922249,0
2023-05-09 20:00:00-04:00,0.0114000001922249,0.0123500004410743,0.0104499999433755,0.0123500004410743,963364
2023-05-10 20:00:00-04:00,0.0123500004410743,0.0123500004410743,0.0123500004410743,0.0123500004410743,2690358
2023-05-11 20:00:00-04:00,0.0114000001922249,0.0114000001922249,0.0114000001922249,0.0114000001922249,776929
2023-05-14 20:00:00-04:00,0.0123500004410743,0.0123500004410743,0.0118749998509883,0.0123500004410743,1412497
2023-05-15 20:00:00-04:00,0.0123500004410743,0.0123500004410743,0.0114000001922249,0.0123500004410743,1516176
2023-05-16 20:00:00-04:00,0.0114000001922249,0.0114000001922249,0.0114000001922249,0.0114000001922249,612162
2023-05-17 20:00:00-04:00,0.0114000001922249,0.0123500004410743,0.0114000001922249,0.0123500004410743,999361
2023-05-18 20:00:00-04:00,0.0114000001922249,0.0123500004410743,0.0104499999433755,0.0123500004410743,771521
2023-05-21 20:00:00-04:00,0.0123500004410743,0.0123500004410743,0.0114000001922249,0.0123500004410743,1950586
2023-05-22 20:00:00-04:00,0.0123500004410743,0.0123500004410743,0.0114000001922249,0.0123500004410743,509712
2023-05-23 20:00:00-04:00,0.0114000001922249,0.0123500004410743,0.0114000001922249,0.0123500004410743,442105
2023-05-24 20:00:00-04:00,0.0114000001922249,0.0114000001922249,0.0114000001922249,0.0114000001922249,486763
2023-05-25 20:00:00-04:00,0.0123500004410743,0.0123500004410743,0.0114000001922249,0.0114000001922249,869166
2023-05-28 20:00:00-04:00,0.0114000001922249,0.0114000001922249,0.0114000001922249,0.0114000001922249,105435
2023-05-29 20:00:00-04:00,0.0114000001922249,0.0114000001922249,0.0114000001922249,0.0114000001922249,0
2023-05-30 20:00:00-04:00,0.0114000001922249,0.0114000001922249,0.0114000001922249,0.0114000001922249,0
2023-05-31 20:00:00-04:00,0.0104499999433755,0.0104499999433755,0.0094999996945261,0.0094999996945261,1687548
2023-06-01 20:00:00-04:00,0.0094999996945261,0.0114000001922249,0.0094999996945261,0.0094999996945261,2437326
2023-06-04 20:00:00-04:00,0.0104499999433755,0.0104499999433755,0.0094999996945261,0.0094999996945261,1336570
2023-06-05 20:00:00-04:00,0.0094999996945261,0.0094999996945261,0.0085500003769993,0.0085500003769993,8320515
2023-06-06 20:00:00-04:00,0.0094999996945261,0.0094999996945261,0.0085500003769993,0.0094999996945261,1776026
2023-06-07 20:00:00-04:00,0.0094999996945261,0.0094999996945261,0.0094999996945261,0.0094999996945261,0
2023-06-08 20:00:00-04:00,0.0085500003769993,0.0085500003769993,0.0085500003769993,0.0085500003769993,210526
2023-06-12 20:00:00-04:00,0.0085500003769993,0.0094999996945261,0.0085500003769993,0.0094999996945261,2631552
2023-06-13 20:00:00-04:00,0.0094999996945261,0.0094999996945261,0.0094999996945261,0.0094999996945261,324065
2023-06-14 20:00:00-04:00,0.0094999996945261,0.0094999996945261,0.0094999996945261,0.0094999996945261,189329
2023-06-15 20:00:00-04:00,0.0094999996945261,0.0094999996945261,0.0094999996945261,0.0094999996945261,3084
2023-06-18 20:00:00-04:00,0.0094999996945261,0.0094999996945261,0.0085500003769993,0.0085500003769993,394944
2023-06-19 20:00:00-04:00,0.0085500003769993,0.0094999996945261,0.0066499998793005,0.0066499998793005,10407044
2023-06-20 20:00:00-04:00,0.0076000001281499,0.0076000001281499,0.0076000001281499,0.0076000001281499,263776
2023-06-21 20:00:00-04:00,0.0076000001281499,0.0076000001281499,0.0076000001281499,0.0076000001281499,5087673
2023-06-22 20:00:00-04:00,0.0076000001281499,0.0076000001281499,0.0066499998793005,0.0066499998793005,52646
2023-06-25 20:00:00-04:00,0.0066499998793005,0.0066499998793005,0.0066499998793005,0.0066499998793005,0
2023-06-26 20:00:00-04:00,0.0066499998793005,0.0071250000037252,0.0066499998793005,0.0066499998793005,1103292
2023-06-27 20:00:00-04:00,0.0076000001281499,0.0076000001281499,0.0071250000037252,0.0071250000037252,76837
2023-06-28 20:00:00-04:00,0.0071250000037252,0.0071250000037252,0.0071250000037252,0.0071250000037252,0
2023-06-29 20:00:00-04:00,0.0066499998793005,0.0085500003769993,0.0066499998793005,0.0085500003769993,3948570
2023-07-02 20:00:00-04:00,0.0085500003769993,0.0085500003769993,0.0076000001281499,0.0085500003769993,1016668
2023-07-03 20:00:00-04:00,0.0085500003769993,0.0085500003769993,0.0085500003769993,0.0085500003769993,852202
2023-07-04 20:00:00-04:00,0.0085500003769993,0.0085500003769993,0.0085500003769993,0.0085500003769993,0
2023-07-05 20:00:00-04:00,0.0085500003769993,0.0085500003769993,0.0085500003769993,0.0085500003769993,0
2023-07-06 20:00:00-04:00,0.0085500003769993,0.0085500003769993,0.0085500003769993,0.0085500003769993,433999
2023-07-09 20:00:00-04:00,0.0085500003769993,0.0085500003769993,0.0085500003769993,0.0085500003769993,0
2023-07-10 20:00:00-04:00,0.0085500003769993,0.0085500003769993,0.0076000001281499,0.0076000001281499,919255
2023-07-11 20:00:00-04:00,0.0076000001281499,0.0076000001281499,0.0076000001281499,0.0076000001281499,5
2023-07-12 20:00:00-04:00,0.0085500003769993,0.0085500003769993,0.0085500003769993,0.0085500003769993,130827
2023-07-13 20:00:00-04:00,0.0085500003769993,0.0085500003769993,0.0085500003769993,0.0085500003769993,111110
2023-07-16 20:00:00-04:00,0.0085500003769993,0.0085500003769993,0.0085500003769993,0.0085500003769993,574
2023-07-17 20:00:00-04:00,0.0085500003769993,0.0085500003769993,0.0085500003769993,0.0085500003769993,1492
2023-07-18 20:00:00-04:00,0.0085500003769993,0.0085500003769993,0.0085500003769993,0.0085500003769993,0
2023-07-19 20:00:00-04:00,0.0076000001281499,0.0085500003769993,0.0076000001281499,0.0085500003769993,2403159
2023-07-20 20:00:00-04:00,0.0085500003769993,0.0085500003769993,0.0085500003769993,0.0085500003769993,367574
2023-07-23 20:00:00-04:00,0.0085500003769993,0.0085500003769993,0.0066499998793005,0.0066499998793005,6468416
2023-07-24 20:00:00-04:00,0.0066499998793005,0.0066499998793005,0.0066499998793005,0.0066499998793005,0
2023-07-25 20:00:00-04:00,0.0066499998793005,0.0076000001281499,0.0066499998793005,0.0076000001281499,1631606
2023-07-26 20:00:00-04:00,0.0076000001281499,0.0085500003769993,0.0076000001281499,0.0085500003769993,2943636
2023-07-27 20:00:00-04:00,0.0085500003769993,0.0085500003769993,0.0085500003769993,0.0085500003769993,1347368
2023-07-30 20:00:00-04:00,0.0085500003769993,0.0085500003769993,0.0085500003769993,0.0085500003769993,276509
2023-07-31 20:00:00-04:00,0.0085500003769993,0.0085500003769993,0.0085500003769993,0.0085500003769993,21971
2023-08-01 20:00:00-04:00,0.0085500003769993,0.0085500003769993,0.0085500003769993,0.0085500003769993,83515
2023-08-02 20:00:00-04:00,0.0066499998793005,0.0066499998793005,0.0066499998793005,0.0066499998793005,5558
2023-08-03 20:00:00-04:00,0.0076000001281499,0.0076000001281499,0.0076000001281499,0.0076000001281499,699649
2023-08-06 20:00:00-04:00,0.0076000001281499,0.0076000001281499,0.0076000001281499,0.0076000001281499,0
2023-08-07 20:00:00-04:00,0.0085500003769993,0.0085500003769993,0.0076000001281499,0.0076000001281499,2764881
2023-08-08 20:00:00-04:00,0.0076000001281499,0.0076000001281499,0.0076000001281499,0.0076000001281499,449351
2023-08-09 20:00:00-04:00,0.0066499998793005,0.0076000001281499,0.0066499998793005,0.0076000001281499,101666
2023-08-10 20:00:00-04:00,0.0076000001281499,0.0076000001281499,0.0076000001281499,0.0076000001281499,1282828
2023-08-13 20:00:00-04:00,0.0076000001281499,0.0076000001281499,0.0076000001281499,0.0076000001281499,6448497
2023-08-14 20:00:00-04:00,0.0076000001281499,0.0076000001281499,0.0076000001281499,0.0076000001281499,1787689
2023-08-15 20:00:00-04:00,0.0076000001281499,0.0076000001281499,0.0076000001281499,0.0076000001281499,40803
2023-08-16 20:00:00-04:00,0.0076000001281499,0.0076000001281499,0.0066499998793005,0.0066499998793005,139251
2023-08-17 20:00:00-04:00,0.0066499998793005,0.0066499998793005,0.0066499998793005,0.0066499998793005,0
2023-08-20 20:00:00-04:00,0.0076000001281499,0.0076000001281499,0.0076000001281499,0.0076000001281499,186358
2023-08-21 20:00:00-04:00,0.0066499998793005,0.0076000001281499,0.0066499998793005,0.0066499998793005,1622013
2023-08-22 20:00:00-04:00,0.0066499998793005,0.0076000001281499,0.0066499998793005,0.0076000001281499,115907
2023-08-23 20:00:00-04:00,0.0076000001281499,0.0076000001281499,0.0076000001281499,0.0076000001281499,8855834
2023-08-24 20:00:00-04:00,0.0076000001281499,0.0076000001281499,0.0076000001281499,0.0076000001281499,551
2023-08-27 20:00:00-04:00,0.0076000001281499,0.0076000001281499,0.0076000001281499,0.0076000001281499,37982
2023-08-28 20:00:00-04:00,0.0085500003769993,0.0085500003769993,0.0085500003769993,0.0085500003769993,3648602
2023-08-29 20:00:00-04:00,0.0094999996945261,0.0094999996945261,0.0094999996945261,0.0094999996945261,17039
2023-08-30 20:00:00-04:00,0.0094999996945261,0.0094999996945261,0.0090250000357627,0.0094999996945261,1402789
2023-08-31 20:00:00-04:00,0.0090250000357627,0.0094999996945261,0.0090250000357627,0.0094999996945261,157906
2023-09-03 20:00:00-04:00,0.0085500003769993,0.0085500003769993,0.0085500003769993,0.0085500003769993,743356
2023-09-04 20:00:00-04:00,0.0085500003769993,0.0085500003769993,0.0085500003769993,0.0085500003769993,11
2023-09-05 20:00:00-04:00,0.0085500003769993,0.0085500003769993,0.0085500003769993,0.0085500003769993,2429
2023-09-06 20:00:00-04:00,0.0085500003769993,0.0085500003769993,0.0085500003769993,0.0085500003769993,0
2023-09-07 20:00:00-04:00,0.0085500003769993,0.0085500003769993,0.0085500003769993,0.0085500003769993,0
2023-09-10 20:00:00-04:00,0.0085500003769993,0.0085500003769993,0.0085500003769993,0.0085500003769993,0
2023-09-11 20:00:00-04:00,0.0076000001281499,0.0076000001281499,0.0076000001281499,0.0076000001281499,1540075
2023-09-12 20:00:00-04:00,0.0076000001281499,0.0076000001281499,0.0076000001281499,0.0076000001281499,0
2023-09-13 20:00:00-04:00,0.0066499998793005,0.0071250000037252,0.0066499998793005,0.0071250000037252,154351
2023-09-14 20:00:00-04:00,0.0066499998793005,0.0066499998793005,0.0066499998793005,0.0066499998793005,42
2023-09-17 20:00:00-04:00,0.0085500003769993,0.0085500003769993,0.0085500003769993,0.0085500003769993,17543
2023-09-18 20:00:00-04:00,0.0085500003769993,0.0085500003769993,0.0085500003769993,0.0085500003769993,0
2023-09-19 20:00:00-04:00,0.0085500003769993,0.0085500003769993,0.0076000001281499,0.0076000001281499,400287
2023-09-20 20:00:00-04:00,0.0076000001281499,0.0076000001281499,0.0076000001281499,0.0076000001281499,1421052
2023-09-21 20:00:00-04:00,0.0076000001281499,0.0076000001281499,0.0076000001281499,0.0076000001281499,999999
2023-09-24 20:00:00-04:00,0.0076000001281499,0.0076000001281499,0.0076000001281499,0.0076000001281499,0
2023-09-25 20:00:00-04:00,0.0076000001281499,0.0076000001281499,0.0076000001281499,0.0076000001281499,0
2023-09-26 20:00:00-04:00,0.0076000001281499,0.0076000001281499,0.0076000001281499,0.0076000001281499,52631
2023-09-27 20:00:00-04:00,0.0085500003769993,0.0085500003769993,0.0076000001281499,0.0076000001281499,47494
2023-09-28 20:00:00-04:00,0.0085500003769993,0.0085500003769993,0.0076000001281499,0.0076000001281499,622922
2023-10-01 20:00:00-04:00,0.0076000001281499,0.0076000001281499,0.0076000001281499,0.0076000001281499,258
2023-10-02 20:00:00-04:00,0.0076000001281499,0.0076000001281499,0.0071250000037252,0.0071250000037252,263172
2023-10-03 20:00:00-04:00,0.0071250000037252,0.0071250000037252,0.0071250000037252,0.0071250000037252,0
2023-10-04 20:00:00-04:00,0.0071250000037252,0.0071250000037252,0.0071250000037252,0.0071250000037252,0
2023-10-05 20:00:00-04:00,0.0066499998793005,0.0066499998793005,0.0066499998793005,0.0066499998793005,49
2023-10-08 20:00:00-04:00,0.0071250000037252,0.0071250000037252,0.0066499998793005,0.0066499998793005,182385
2023-10-09 20:00:00-04:00,0.0066499998793005,0.0066499998793005,0.0066499998793005,0.0066499998793005,92369
2023-10-10 20:00:00-04:00,0.0076000001281499,0.0076000001281499,0.0052249999716877,0.0057000000961124,6123508
2023-10-11 20:00:00-04:00,0.0066499998793005,0.0066499998793005,0.0057000000961124,0.0057000000961124,988608
2023-10-12 20:00:00-04:00,0.0057000000961124,0.0057000000961124,0.0057000000961124,0.0057000000961124,473684
2023-10-15 20:00:00-04:00,0.0066499998793005,0.0066499998793005,0.0066499998793005,0.0066499998793005,8206
2023-10-16 20:00:00-04:00,0.0057000000961124,0.0066499998793005,0.0057000000961124,0.0066499998793005,8760
2023-10-17 20:00:00-04:00,0.0066499998793005,0.0066499998793005,0.0066499998793005,0.0066499998793005,3728
2023-10-18 20:00:00-04:00,0.0066499998793005,0.0066499998793005,0.004749999847263,0.004749999847263,3299324
2023-10-19 20:00:00-04:00,0.004749999847263,0.004749999847263,0.004749999847263,0.004749999847263,0
2023-10-22 20:00:00-04:00,0.004749999847263,0.0052249999716877,0.004749999847263,0.004749999847263,896697
2023-10-23 20:00:00-04:00,0.0057000000961124,0.0057000000961124,0.0057000000961124,0.0057000000961124,140713
2023-10-24 20:00:00-04:00,0.0057000000961124,0.0057000000961124,0.004749999847263,0.0057000000961124,1657355
2023-10-25 20:00:00-04:00,0.0057000000961124,0.0057000000961124,0.0057000000961124,0.0057000000961124,16708
2023-10-26 20:00:00-04:00,0.0057000000961124,0.0057000000961124,0.0057000000961124,0.0057000000961124,1222
2023-10-29 20:00:00-04:00,0.0057000000961124,0.0057000000961124,0.0038000000640749,0.0038000000640749,3300995
2023-10-30 20:00:00-04:00,0.0038000000640749,0.004749999847263,0.0038000000640749,0.004749999847263,834386
2023-10-31 20:00:00-04:00,0.004749999847263,0.004749999847263,0.004749999847263,0.004749999847263,0
2023-11-01 20:00:00-04:00,0.004749999847263,0.004749999847263,0.004749999847263,0.004749999847263,0
2023-11-02 20:00:00-04:00,0.004749999847263,0.004749999847263,0.004749999847263,0.004749999847263,0
2023-11-05 19:00:00-05:00,0.004749999847263,0.004749999847263,0.004749999847263,0.004749999847263,0
2023-11-06 19:00:00-05:00,0.004749999847263,0.004749999847263,0.004749999847263,0.004749999847263,0
2023-11-07 19:00:00-05:00,0.004749999847263,0.004749999847263,0.0038000000640749,0.0038000000640749,3432343
2023-11-08 19:00:00-05:00,0.0038000000640749,0.004749999847263,0.0028500000480562,0.004749999847263,4958645
2023-11-09 19:00:00-05:00,0.004749999847263,0.004749999847263,0.004749999847263,0.004749999847263,0
2023-11-12 19:00:00-05:00,0.004749999847263,0.004749999847263,0.004749999847263,0.004749999847263,0
2023-11-13 19:00:00-05:00,0.0049999998882412,0.0049999998882412,0.0040000001899898,0.0040000001899898,222778
2023-11-14 19:00:00-05:00,0.0040000001899898,0.0040000001899898,0.0040000001899898,0.0040000001899898,0
2023-11-15 19:00:00-05:00,0.0040000001899898,0.0040000001899898,0.0040000001899898,0.0040000001899898,50784
2023-11-16 19:00:00-05:00,0.0040000001899898,0.0040000001899898,0.0040000001899898,0.0040000001899898,546483
2023-11-19 19:00:00-05:00,0.0040000001899898,0.0040000001899898,0.0040000001899898,0.0040000001899898,0
2023-11-20 19:00:00-05:00,0.0040000001899898,0.0040000001899898,0.0040000001899898,0.0040000001899898,677538
2023-11-21 19:00:00-05:00,0.0040000001899898,0.0049999998882412,0.0040000001899898,0.0049999998882412,474871
2023-11-22 19:00:00-05:00,0.0049999998882412,0.0049999998882412,0.0040000001899898,0.0040000001899898,751981
2023-11-23 19:00:00-05:00,0.0040000001899898,0.0040000001899898,0.0040000001899898,0.0040000001899898,355000
2023-11-26 19:00:00-05:00,0.0040000001899898,0.0040000001899898,0.0040000001899898,0.0040000001899898,0
2023-11-27 19:00:00-05:00,0.0040000001899898,0.0040000001899898,0.0040000001899898,0.0040000001899898,0
2023-11-28 19:00:00-05:00,0.0040000001899898,0.0040000001899898,0.0040000001899898,0.0040000001899898,49638
2023-11-29 19:00:00-05:00,0.0040000001899898,0.0040000001899898,0.0040000001899898,0.0040000001899898,666255
2023-11-30 19:00:00-05:00,0.0040000001899898,0.0040000001899898,0.0040000001899898,0.0040000001899898,1644665
2023-12-03 19:00:00-05:00,0.0040000001899898,0.0040000001899898,0.0040000001899898,0.0040000001899898,482
2023-12-04 19:00:00-05:00,0.0049999998882412,0.0049999998882412,0.0049999998882412,0.0049999998882412,500000
2023-12-05 19:00:00-05:00,0.0049999998882412,0.0049999998882412,0.0049999998882412,0.0049999998882412,20
2023-12-06 19:00:00-05:00,0.0040000001899898,0.0040000001899898,0.0040000001899898,0.0040000001899898,201
2023-12-07 19:00:00-05:00,0.0040000001899898,0.0040000001899898,0.0040000001899898,0.0040000001899898,377
2023-12-10 19:00:00-05:00,0.0040000001899898,0.0040000001899898,0.0040000001899898,0.0040000001899898,3100000
2023-12-11 19:00:00-05:00,0.0040000001899898,0.0040000001899898,0.003000000026077,0.0040000001899898,905021
2023-12-12 19:00:00-05:00,0.0040000001899898,0.0040000001899898,0.003000000026077,0.003000000026077,125129
2023-12-13 19:00:00-05:00,0.0035000001080334,0.0035000001080334,0.003000000026077,0.003000000026077,119996
2023-12-14 19:00:00-05:00,0.003000000026077,0.0049999998882412,0.003000000026077,0.0049999998882412,1462578
2023-12-17 19:00:00-05:00,0.0049999998882412,0.0049999998882412,0.0040000001899898,0.0040000001899898,250045
2023-12-18 19:00:00-05:00,0.0040000001899898,0.0040000001899898,0.0040000001899898,0.0040000001899898,600220
2023-12-19 19:00:00-05:00,0.0040000001899898,0.0040000001899898,0.0040000001899898,0.0040000001899898,85
2023-12-20 19:00:00-05:00,0.0040000001899898,0.0040000001899898,0.0040000001899898,0.0040000001899898,19746
2023-12-21 19:00:00-05:00,0.0040000001899898,0.0040000001899898,0.0040000001899898,0.0040000001899898,0
2023-12-26 19:00:00-05:00,0.0040000001899898,0.0040000001899898,0.0040000001899898,0.0040000001899898,0
2023-12-27 19:00:00-05:00,0.0040000001899898,0.0040000001899898,0.0040000001899898,0.0040000001899898,0
2023-12-28 19:00:00-05:00,0.0040000001899898,0.0040000001899898,0.0040000001899898,0.0040000001899898,95
2024-01-01 19:00:00-05:00,0.0040000001899898,0.0040000001899898,0.0040000001899898,0.0040000001899898,12000
2024-01-02 19:00:00-05:00,0.0040000001899898,0.0040000001899898,0.0040000001899898,0.0040000001899898,258334
2024-01-03 19:00:00-05:00,0.0049999998882412,0.0049999998882412,0.0049999998882412,0.0049999998882412,21233
2024-01-04 19:00:00-05:00,0.0049999998882412,0.0049999998882412,0.0049999998882412,0.0049999998882412,0
2024-01-07 19:00:00-05:00,0.0049999998882412,0.0049999998882412,0.0049999998882412,0.0049999998882412,20
2024-01-08 19:00:00-05:00,0.0049999998882412,0.0049999998882412,0.0049999998882412,0.0049999998882412,1983353
2024-01-09 19:00:00-05:00,0.0049999998882412,0.0049999998882412,0.0049999998882412,0.0049999998882412,230850
2024-01-10 19:00:00-05:00,0.0049999998882412,0.0049999998882412,0.0049999998882412,0.0049999998882412,20
2024-01-11 19:00:00-05:00,0.0049999998882412,0.0049999998882412,0.0049999998882412,0.0049999998882412,20
2024-01-14 19:00:00-05:00,0.0049999998882412,0.0049999998882412,0.0049999998882412,0.0049999998882412,110020
2024-01-15 19:00:00-05:00,0.0040000001899898,0.0040000001899898,0.0040000001899898,0.0040000001899898,651045
2024-01-16 19:00:00-05:00,0.0040000001899898,0.0040000001899898,0.0040000001899898,0.0040000001899898,110
2024-01-17 19:00:00-05:00,0.0040000001899898,0.0040000001899898,0.0040000001899898,0.0040000001899898,371
2024-01-18 19:00:00-05:00,0.0040000001899898,0.0040000001899898,0.0040000001899898,0.0040000001899898,160
2024-01-21 19:00:00-05:00,0.0040000001899898,0.0040000001899898,0.0040000001899898,0.0040000001899898,157641
2024-01-22 19:00:00-05:00,0.0040000001899898,0.0040000001899898,0.0040000001899898,0.0040000001899898,0
2024-01-23 19:00:00-05:00,0.0049999998882412,0.0049999998882412,0.0040000001899898,0.0040000001899898,4704201
2024-01-24 19:00:00-05:00,0.003000000026077,0.0040000001899898,0.003000000026077,0.0040000001899898,1184303
2024-01-28 19:00:00-05:00,0.0040000001899898,0.0040000001899898,0.0035000001080334,0.0035000001080334,4197272
2024-01-29 19:00:00-05:00,0.003000000026077,0.0040000001899898,0.003000000026077,0.0040000001899898,55655
2024-01-30 19:00:00-05:00,0.0040000001899898,0.0040000001899898,0.0040000001899898,0.0040000001899898,6315787
2024-01-31 19:00:00-05:00,0.0040000001899898,0.0040000001899898,0.003000000026077,0.003000000026077,29652
2024-02-01 19:00:00-05:00,0.003000000026077,0.0035000001080334,0.003000000026077,0.0035000001080334,100146
2024-02-04 19:00:00-05:00,0.0035000001080334,0.0049999998882412,0.0035000001080334,0.0040000001899898,8010000
2024-02-05 19:00:00-05:00,0.003000000026077,0.0035000001080334,0.003000000026077,0.0035000001080334,360001
2024-02-06 19:00:00-05:00,0.0040000001899898,0.0040000001899898,0.0040000001899898,0.0040000001899898,4123879
2024-02-07 19:00:00-05:00,0.0040000001899898,0.0040000001899898,0.0040000001899898,0.0040000001899898,382939
2024-02-08 19:00:00-05:00,0.0049999998882412,0.0070000002160668,0.0049999998882412,0.0070000002160668,5609489
2024-02-11 19:00:00-05:00,0.0070000002160668,0.0070000002160668,0.006000000052154,0.0070000002160668,2392070
2024-02-12 19:00:00-05:00,0.0070000002160668,0.0080000003799796,0.006000000052154,0.0080000003799796,1611969
2024-02-13 19:00:00-05:00,0.0070000002160668,0.0070000002160668,0.0070000002160668,0.0070000002160668,414285
2024-02-14 19:00:00-05:00,0.0070000002160668,0.0070000002160668,0.0070000002160668,0.0070000002160668,595174
2024-02-15 19:00:00-05:00,0.0070000002160668,0.0070000002160668,0.0070000002160668,0.0070000002160668,519396
2024-02-18 19:00:00-05:00,0.006000000052154,0.006000000052154,0.006000000052154,0.006000000052154,247086
2024-02-19 19:00:00-05:00,0.006000000052154,0.006000000052154,0.006000000052154,0.006000000052154,890910
2024-02-20 19:00:00-05:00,0.006000000052154,0.006000000052154,0.0049999998882412,0.0049999998882412,2753669
2024-02-21 19:00:00-05:00,0.0049999998882412,0.0049999998882412,0.0049999998882412,0.0049999998882412,654717
2024-02-22 19:00:00-05:00,0.0049999998882412,0.0049999998882412,0.0049999998882412,0.0049999998882412,691528
2024-02-25 19:00:00-05:00,0.0049999998882412,0.0049999998882412,0.0049999998882412,0.0049999998882412,150628
2024-02-26 19:00:00-05:00,0.0049999998882412,0.0049999998882412,0.0049999998882412,0.0049999998882412,0
2024-02-27 19:00:00-05:00,0.0049999998882412,0.0049999998882412,0.0049999998882412,0.0049999998882412,268100
2024-02-28 19:00:00-05:00,0.0049999998882412,0.0049999998882412,0.0049999998882412,0.0049999998882412,35088
2024-02-29 19:00:00-05:00,0.0049999998882412,0.0049999998882412,0.0049999998882412,0.0049999998882412,0
2024-03-03 19:00:00-05:00,0.0040000001899898,0.0049999998882412,0.0040000001899898,0.0049999998882412,1300048
2024-03-04 19:00:00-05:00,0.0049999998882412,0.0049999998882412,0.0049999998882412,0.0049999998882412,421452
2024-03-05 19:00:00-05:00,0.0049999998882412,0.0049999998882412,0.0049999998882412,0.0049999998882412,39000
2024-03-06 19:00:00-05:00,0.0040000001899898,0.0040000001899898,0.0040000001899898,0.0040000001899898,604028
2024-03-07 19:00:00-05:00,0.0040000001899898,0.0049999998882412,0.0040000001899898,0.0049999998882412,2114020
2024-03-10 20:00:00-04:00,0.0049999998882412,0.0049999998882412,0.0049999998882412,0.0049999998882412,0
2024-03-11 20:00:00-04:00,0.0049999998882412,0.0049999998882412,0.0049999998882412,0.0049999998882412,0
2024-03-12 20:00:00-04:00,0.0049999998882412,0.0049999998882412,0.0049999998882412,0.0049999998882412,0
2024-03-13 20:00:00-04:00,0.0049999998882412,0.0049999998882412,0.0049999998882412,0.0049999998882412,0
2024-03-14 20:00:00-04:00,0.0049999998882412,0.0049999998882412,0.0049999998882412,0.0049999998882412,0
2024-03-17 20:00:00-04:00,0.0049999998882412,0.0049999998882412,0.0049999998882412,0.0049999998882412,0
2024-03-18 20:00:00-04:00,0.0040000001899898,0.0040000001899898,0.0040000001899898,0.0040000001899898,10471469
2024-03-19 20:00:00-04:00,0.0035000001080334,0.0040000001899898,0.0035000001080334,0.0040000001899898,152500
2024-03-20 20:00:00-04:00,0.003000000026077,0.003000000026077,0.003000000026077,0.003000000026077,1000000
2024-03-21 20:00:00-04:00,0.003000000026077,0.0040000001899898,0.003000000026077,0.0040000001899898,7991028
2024-03-24 20:00:00-04:00,0.0035000001080334,0.0035000001080334,0.003000000026077,0.003000000026077,13876
2024-03-25 20:00:00-04:00,0.003000000026077,0.003000000026077,0.003000000026077,0.003000000026077,0
2024-03-26 20:00:00-04:00,0.003000000026077,0.003000000026077,0.003000000026077,0.003000000026077,100000
2024-03-27 20:00:00-04:00,0.0035000001080334,0.0035000001080334,0.0035000001080334,0.0035000001080334,60000
2024-04-01 20:00:00-04:00,0.0040000001899898,0.0049999998882412,0.0040000001899898,0.0040000001899898,3547034
2024-04-02 20:00:00-04:00,0.0040000001899898,0.0040000001899898,0.0040000001899898,0.0040000001899898,0
2024-04-03 20:00:00-04:00,0.0040000001899898,0.0040000001899898,0.0040000001899898,0.0040000001899898,2998096
2024-04-04 20:00:00-04:00,0.0040000001899898,0.0040000001899898,0.0040000001899898,0.0040000001899898,8308763
2024-04-07 20:00:00-04:00,0.0040000001899898,0.0040000001899898,0.0040000001899898,0.0040000001899898,0
2024-04-08 20:00:00-04:00,0.0040000001899898,0.0040000001899898,0.0040000001899898,0.0040000001899898,0
2024-04-09 20:00:00-04:00,0.0040000001899898,0.0040000001899898,0.0040000001899898,0.0040000001899898,77000
2024-04-10 20:00:00-04:00,0.0040000001899898,0.0049999998882412,0.0040000001899898,0.0049999998882412,250131
2024-04-11 20:00:00-04:00,0.0049999998882412,0.0049999998882412,0.0049999998882412,0.0049999998882412,247380
2024-04-14 20:00:00-04:00,0.0049999998882412,0.0049999998882412,0.0040000001899898,0.0040000001899898,130889
2024-04-15 20:00:00-04:00,0.0040000001899898,0.0044999998062849,0.0040000001899898,0.0044999998062849,20842
2024-04-16 20:00:00-04:00,0.0040000001899898,0.0040000001899898,0.0040000001899898,0.0040000001899898,410138
2024-04-17 20:00:00-04:00,0.0040000001899898,0.0040000001899898,0.0040000001899898,0.0040000001899898,15611951
2024-04-18 20:00:00-04:00,0.0040000001899898,0.0040000001899898,0.0040000001899898,0.0040000001899898,0
2024-04-21 20:00:00-04:00,0.0040000001899898,0.0040000001899898,0.0040000001899898,0.0040000001899898,679132
2024-04-22 20:00:00-04:00,0.0035000001080334,0.0040000001899898,0.0035000001080334,0.0040000001899898,385045
2024-04-23 20:00:00-04:00,0.0040000001899898,0.0040000001899898,0.0035000001080334,0.0035000001080334,114430
2024-04-25 20:00:00-04:00,0.0035000001080334,0.0035000001080334,0.003000000026077,0.003000000026077,4417500
2024-04-28 20:00:00-04:00,0.0040000001899898,0.0040000001899898,0.0035000001080334,0.0035000001080334,321730
2024-04-29 20:00:00-04:00,0.003000000026077,0.003000000026077,0.003000000026077,0.003000000026077,27
2024-04-30 20:00:00-04:00,0.0040000001899898,0.0040000001899898,0.0040000001899898,0.0040000001899898,1430239
2024-05-01 20:00:00-04:00,0.0040000001899898,0.0040000001899898,0.0040000001899898,0.0040000001899898,0
2024-05-02 20:00:00-04:00,0.0040000001899898,0.0040000001899898,0.0040000001899898,0.0040000001899898,0
2024-05-05 20:00:00-04:00,0.0040000001899898,0.0040000001899898,0.0040000001899898,0.0040000001899898,263
2024-05-06 20:00:00-04:00,0.0040000001899898,0.0040000001899898,0.0040000001899898,0.0040000001899898,0
2024-05-07 20:00:00-04:00,0.0040000001899898,0.0040000001899898,0.0040000001899898,0.0040000001899898,50000
2024-05-08 20:00:00-04:00,0.0040000001899898,0.0040000001899898,0.0040000001899898,0.0040000001899898,22625
2024-05-09 20:00:00-04:00,0.003000000026077,0.003000000026077,0.003000000026077,0.003000000026077,105890
2024-05-12 20:00:00-04:00,0.003000000026077,0.003000000026077,0.003000000026077,0.003000000026077,75214
2024-05-13 20:00:00-04:00,0.003000000026077,0.003000000026077,0.003000000026077,0.003000000026077,0
2024-05-14 20:00:00-04:00,0.003000000026077,0.003000000026077,0.003000000026077,0.003000000026077,0
2024-05-15 20:00:00-04:00,0.0040000001899898,0.0049999998882412,0.0040000001899898,0.0049999998882412,3170103
2024-05-16 20:00:00-04:00,0.0040000001899898,0.0040000001899898,0.0040000001899898,0.0040000001899898,1187105
2024-05-19 20:00:00-04:00,0.0040000001899898,0.0040000001899898,0.0035000001080334,0.0040000001899898,322787
2024-05-20 20:00:00-04:00,0.0035000001080334,0.0040000001899898,0.0035000001080334,0.0040000001899898,373000
2024-05-21 20:00:00-04:00,0.0040000001899898,0.0040000001899898,0.0035000001080334,0.0040000001899898,675078
2024-05-22 20:00:00-04:00,0.0040000001899898,0.0040000001899898,0.0040000001899898,0.0040000001899898,0
2024-05-23 20:00:00-04:00,0.0040000001899898,0.0040000001899898,0.0040000001899898,0.0040000001899898,250547
2024-05-26 20:00:00-04:00,0.0035000001080334,0.0035000001080334,0.0035000001080334,0.0035000001080334,822097
2024-05-27 20:00:00-04:00,0.0040000001899898,0.0040000001899898,0.0040000001899898,0.0040000001899898,1000000
2024-05-28 20:00:00-04:00,0.0040000001899898,0.0040000001899898,0.0040000001899898,0.0040000001899898,3627695
2024-05-29 20:00:00-04:00,0.003000000026077,0.0040000001899898,0.003000000026077,0.0040000001899898,75130
2024-05-30 20:00:00-04:00,0.0040000001899898,0.0040000001899898,0.0040000001899898,0.0040000001899898,56300
2024-06-02 20:00:00-04:00,0.0035000001080334,0.0035000001080334,0.0035000001080334,0.0035000001080334,15000
2024-06-03 20:00:00-04:00,0.0035000001080334,0.0035000001080334,0.0035000001080334,0.0035000001080334,1
2024-06-04 20:00:00-04:00,0.0035000001080334,0.0035000001080334,0.0035000001080334,0.0035000001080334,0
2024-06-05 20:00:00-04:00,0.0035000001080334,0.0035000001080334,0.0035000001080334,0.0035000001080334,1891691
2024-06-06 20:00:00-04:00,0.003000000026077,0.003000000026077,0.003000000026077,0.003000000026077,100000
2024-06-10 20:00:00-04:00,0.003000000026077,0.003000000026077,0.003000000026077,0.003000000026077,0
2024-06-11 20:00:00-04:00,0.003000000026077,0.003000000026077,0.003000000026077,0.003000000026077,0
2024-06-12 20:00:00-04:00,0.0040000001899898,0.0040000001899898,0.0040000001899898,0.0040000001899898,75948
2024-06-13 20:00:00-04:00,0.0040000001899898,0.0040000001899898,0.0040000001899898,0.0040000001899898,0
2024-06-16 20:00:00-04:00,0.003000000026077,0.003000000026077,0.003000000026077,0.003000000026077,53903
2024-06-17 20:00:00-04:00,0.003000000026077,0.003000000026077,0.003000000026077,0.003000000026077,0
2024-06-18 20:00:00-04:00,0.0035000001080334,0.0040000001899898,0.0035000001080334,0.0040000001899898,3021762
2024-06-19 20:00:00-04:00,0.0040000001899898,0.0040000001899898,0.003000000026077,0.003000000026077,1180486
2024-06-20 20:00:00-04:00,0.0040000001899898,0.0040000001899898,0.003000000026077,0.003000000026077,288750
2024-06-23 20:00:00-04:00,0.0035000001080334,0.0049999998882412,0.0035000001080334,0.0040000001899898,10426863
2024-06-24 20:00:00-04:00,0.0040000001899898,0.0040000001899898,0.003000000026077,0.003000000026077,1765135
2024-06-25 20:00:00-04:00,0.0040000001899898,0.0040000001899898,0.003000000026077,0.003000000026077,1068394
2024-06-26 20:00:00-04:00,0.003000000026077,0.003000000026077,0.003000000026077,0.003000000026077,12231438
2024-06-27 20:00:00-04:00,0.003000000026077,0.003000000026077,0.0024999999441206,0.003000000026077,13802323
2024-06-30 20:00:00-04:00,0.003000000026077,0.003000000026077,0.003000000026077,0.003000000026077,36363
2024-07-01 20:00:00-04:00,0.0035000001080334,0.0035000001080334,0.0035000001080334,0.0035000001080334,59753
2024-07-02 20:00:00-04:00,0.003000000026077,0.003000000026077,0.003000000026077,0.003000000026077,306
2024-07-03 20:00:00-04:00,0.003000000026077,0.003000000026077,0.003000000026077,0.003000000026077,0
2024-07-04 20:00:00-04:00,0.003000000026077,0.003000000026077,0.003000000026077,0.003000000026077,0
2024-07-07 20:00:00-04:00,0.003000000026077,0.003000000026077,0.003000000026077,0.003000000026077,0
2024-07-08 20:00:00-04:00,0.003000000026077,0.003000000026077,0.003000000026077,0.003000000026077,0
2024-07-09 20:00:00-04:00,0.003000000026077,0.003000000026077,0.003000000026077,0.003000000026077,0
2024-07-10 20:00:00-04:00,0.003000000026077,0.003000000026077,0.003000000026077,0.003000000026077,248500
2024-07-11 20:00:00-04:00,0.003000000026077,0.003000000026077,0.003000000026077,0.003000000026077,0
2024-07-14 20:00:00-04:00,0.003000000026077,0.003000000026077,0.003000000026077,0.003000000026077,0
2024-07-15 20:00:00-04:00,0.003000000026077,0.003000000026077,0.003000000026077,0.003000000026077,36362
2024-07-16 20:00:00-04:00,0.003000000026077,0.003000000026077,0.003000000026077,0.003000000026077,0
2024-07-17 20:00:00-04:00,0.003000000026077,0.003000000026077,0.003000000026077,0.003000000026077,139999
2024-07-18 20:00:00-04:00,0.003000000026077,0.003000000026077,0.003000000026077,0.003000000026077,300000
2024-07-21 20:00:00-04:00,0.003000000026077,0.003000000026077,0.003000000026077,0.003000000026077,326750
2024-07-22 20:00:00-04:00,0.003000000026077,0.003000000026077,0.003000000026077,0.003000000026077,0
2024-07-23 20:00:00-04:00,0.003000000026077,0.003000000026077,0.003000000026077,0.003000000026077,0
2024-07-24 20:00:00-04:00,0.003000000026077,0.003000000026077,0.003000000026077,0.003000000026077,4000000
2024-07-25 20:00:00-04:00,0.003000000026077,0.003000000026077,0.003000000026077,0.003000000026077,0
2024-07-28 20:00:00-04:00,0.003000000026077,0.003000000026077,0.003000000026077,0.003000000026077,0
2024-07-29 20:00:00-04:00,0.003000000026077,0.003000000026077,0.003000000026077,0.003000000026077,5445275
2024-07-30 20:00:00-04:00,0.003000000026077,0.0040000001899898,0.003000000026077,0.0040000001899898,3839244
2024-07-31 20:00:00-04:00,0.0040000001899898,0.0040000001899898,0.0040000001899898,0.0040000001899898,0
2024-08-01 20:00:00-04:00,0.0040000001899898,0.0040000001899898,0.0040000001899898,0.0040000001899898,0
2024-08-04 20:00:00-04:00,0.0040000001899898,0.0040000001899898,0.003000000026077,0.003000000026077,727899
2024-08-05 20:00:00-04:00,0.0040000001899898,0.0040000001899898,0.0040000001899898,0.0040000001899898,1100000
2024-08-06 20:00:00-04:00,0.003000000026077,0.0040000001899898,0.003000000026077,0.0040000001899898,3896600
2024-08-07 20:00:00-04:00,0.003000000026077,0.003000000026077,0.003000000026077,0.003000000026077,547
2024-08-08 20:00:00-04:00,0.003000000026077,0.0040000001899898,0.003000000026077,0.0040000001899898,5966983
2024-08-11 20:00:00-04:00,0.0040000001899898,0.0040000001899898,0.0040000001899898,0.0040000001899898,550000
2024-08-12 20:00:00-04:00,0.0040000001899898,0.0040000001899898,0.0040000001899898,0.0040000001899898,5894447
2024-08-13 20:00:00-04:00,0.0049999998882412,0.0049999998882412,0.0040000001899898,0.0040000001899898,1099615
2024-08-14 20:00:00-04:00,0.0040000001899898,0.006000000052154,0.0040000001899898,0.0049999998882412,9627292
2024-08-15 20:00:00-04:00,0.006000000052154,0.006000000052154,0.006000000052154,0.006000000052154,5646358
2024-08-18 20:00:00-04:00,0.006000000052154,0.006000000052154,0.0049999998882412,0.0049999998882412,1718385
2024-08-19 20:00:00-04:00,0.0054999999701976,0.0054999999701976,0.0054999999701976,0.0054999999701976,1020000
2024-08-20 20:00:00-04:00,0.0049999998882412,0.0049999998882412,0.0049999998882412,0.0049999998882412,164
2024-08-21 20:00:00-04:00,0.006000000052154,0.006000000052154,0.0054999999701976,0.0054999999701976,650000
2024-08-22 20:00:00-04:00,0.0049999998882412,0.0049999998882412,0.0049999998882412,0.0049999998882412,424
2024-08-25 20:00:00-04:00,0.0080000003799796,0.0109999999403953,0.0070000002160668,0.0109999999403953,15582733
2024-08-26 20:00:00-04:00,0.0109999999403953,0.0109999999403953,0.0109999999403953,0.0109999999403953,0
2024-08-27 20:00:00-04:00,0.0099999997764825,0.0099999997764825,0.0070000002160668,0.0080000003799796,18838399
2024-08-28 20:00:00-04:00,0.0080000003799796,0.0080000003799796,0.0070000002160668,0.0070000002160668,944688
2024-08-29 20:00:00-04:00,0.0070000002160668,0.0070000002160668,0.0070000002160668,0.0070000002160668,1017
2024-09-01 20:00:00-04:00,0.0080000003799796,0.0094999996945261,0.0074999998323619,0.0080000003799796,7256044
2024-09-02 20:00:00-04:00,0.0085000004619359,0.0089999996125698,0.0085000004619359,0.0089999996125698,2877710
2024-09-03 20:00:00-04:00,0.0089999996125698,0.0099999997764825,0.0089999996125698,0.0099999997764825,1009227
2024-09-04 20:00:00-04:00,0.0099999997764825,0.0099999997764825,0.0085000004619359,0.0089999996125698,3027886
2024-09-05 20:00:00-04:00,0.0089999996125698,0.0099999997764825,0.0089999996125698,0.0099999997764825,850000
2024-09-08 20:00:00-04:00,0.0099999997764825,0.0099999997764825,0.0099999997764825,0.0099999997764825,3490
2024-09-09 20:00:00-04:00,0.0099999997764825,0.0099999997764825,0.0089999996125698,0.0089999996125698,110351
2024-09-10 20:00:00-04:00,0.0094999996945261,0.0094999996945261,0.0094999996945261,0.0094999996945261,373409
2024-09-11 20:00:00-04:00,0.0089999996125698,0.0094999996945261,0.0089999996125698,0.0094999996945261,159028
2024-09-12 20:00:00-04:00,0.0089999996125698,0.0099999997764825,0.0089999996125698,0.0099999997764825,1150223
2024-09-15 20:00:00-04:00,0.0099999997764825,0.0109999999403953,0.0099999997764825,0.0109999999403953,5087527
2024-09-16 20:00:00-04:00,0.0109999999403953,0.0109999999403953,0.0109999999403953,0.0109999999403953,208186
2024-09-17 20:00:00-04:00,0.0109999999403953,0.0130000002682209,0.0109999999403953,0.0120000001043081,7820317
2024-09-18 20:00:00-04:00,0.0130000002682209,0.0140000004321336,0.0120000001043081,0.0120000001043081,6195676
2024-09-19 20:00:00-04:00,0.0130000002682209,0.0130000002682209,0.0120000001043081,0.0130000002682209,4285992
2024-09-22 20:00:00-04:00,0.0120000001043081,0.0149999996647238,0.0120000001043081,0.0140000004321336,9540986
2024-09-23 20:00:00-04:00,0.0137889999896287,0.0157590005546808,0.0137889999896287,0.0157590005546808,2854998
2024-09-24 20:00:00-04:00,0.0157590005546808,0.0157590005546808,0.0157590005546808,0.0157590005546808,0
2024-09-25 20:00:00-04:00,0.0157590005546808,0.0157590005546808,0.0157590005546808,0.0157590005546808,0
2024-09-26 20:00:00-04:00,0.0157590005546808,0.0187139995396137,0.0128039997071027,0.0128039997071027,13487339
2024-09-29 20:00:00-04:00,0.0137889999896287,0.0157590005546808,0.0137889999896287,0.0157590005546808,4136645
2024-09-30 20:00:00-04:00,0.0157590005546808,0.0157590005546808,0.0137889999896287,0.0147740002721548,1708857
2024-10-01 20:00:00-04:00,0.0147740002721548,0.0157590005546808,0.0137889999896287,0.0157590005546808,5663708
2024-10-02 20:00:00-04:00,0.0149999996647238,0.0160000007599592,0.0144999995827674,0.0149999996647238,388711
2024-10-03 20:00:00-04:00,0.0149999996647238,0.0149999996647238,0.0130000002682209,0.0130000002682209,905235
2024-10-06 20:00:00-04:00,0.0130000002682209,0.0130000002682209,0.0130000002682209,0.0130000002682209,929612
2024-10-07 20:00:00-04:00,0.0120000001043081,0.0130000002682209,0.0120000001043081,0.0130000002682209,2193188
2024-10-08 20:00:00-04:00,0.0130000002682209,0.0130000002682209,0.0120000001043081,0.0120000001043081,114151
2024-10-09 20:00:00-04:00,0.0130000002682209,0.0130000002682209,0.0120000001043081,0.0120000001043081,984441
2024-10-10 20:00:00-04:00,0.0120000001043081,0.0130000002682209,0.0109999999403953,0.0109999999403953,3779643
2024-10-13 20:00:00-04:00,0.0109999999403953,0.0120000001043081,0.0109999999403953,0.0120000001043081,64322
2024-10-14 20:00:00-04:00,0.0120000001043081,0.0120000001043081,0.0109999999403953,0.0109999999403953,125094
2024-10-15 20:00:00-04:00,0.0109999999403953,0.0109999999403953,0.0109999999403953,0.0109999999403953,1135575
2024-10-16 20:00:00-04:00,0.0109999999403953,0.0109999999403953,0.0109999999403953,0.0109999999403953,705189
2024-10-17 20:00:00-04:00,0.0109999999403953,0.0109999999403953,0.0109999999403953,0.0109999999403953,2902484
2024-10-20 20:00:00-04:00,0.0120000001043081,0.0120000001043081,0.0109999999403953,0.0109999999403953,5871216
2024-10-21 20:00:00-04:00,0.0109999999403953,0.0109999999403953,0.0099999997764825,0.0109999999403953,3892740
2024-10-22 20:00:00-04:00,0.0099999997764825,0.0109999999403953,0.0099999997764825,0.0109999999403953,4430164
2024-10-23 20:00:00-04:00,0.0099999997764825,0.0109999999403953,0.0099999997764825,0.0109999999403953,174902
2024-10-24 20:00:00-04:00,0.0109999999403953,0.0109999999403953,0.0109999999403953,0.0109999999403953,5082787
2024-10-27 20:00:00-04:00,0.0109999999403953,0.0120000001043081,0.0109999999403953,0.0120000001043081,1247706
2024-10-28 20:00:00-04:00,0.0120000001043081,0.0120000001043081,0.0120000001043081,0.0120000001043081,4622
2024-10-29 20:00:00-04:00,0.0120000001043081,0.0120000001043081,0.0120000001043081,0.0120000001043081,2527
2024-10-30 20:00:00-04:00,0.0109999999403953,0.0109999999403953,0.0109999999403953,0.0109999999403953,197454
2024-10-31 20:00:00-04:00,0.0109999999403953,0.0109999999403953,0.0109999999403953,0.0109999999403953,489718
2024-11-03 19:00:00-05:00,0.0109999999403953,0.0109999999403953,0.0109999999403953,0.0109999999403953,720139
2024-11-04 19:00:00-05:00,0.0109999999403953,0.0109999999403953,0.0109999999403953,0.0109999999403953,132537
2024-11-05 19:00:00-05:00,0.0109999999403953,0.0109999999403953,0.0109999999403953,0.0109999999403953,0
2024-11-06 19:00:00-05:00,0.0109999999403953,0.0109999999403953,0.0099999997764825,0.0104999998584389,678485
2024-11-07 19:00:00-05:00,0.0109999999403953,0.0120000001043081,0.0099999997764825,0.0120000001043081,3070424
2024-11-10 19:00:00-05:00,0.0120000001043081,0.0130000002682209,0.0120000001043081,0.0120000001043081,5369289
2024-11-11 19:00:00-05:00,0.0120000001043081,0.0120000001043081,0.0109999999403953,0.0109999999403953,169959
2024-11-12 19:00:00-05:00,0.0120000001043081,0.0120000001043081,0.0109999999403953,0.0109999999403953,5714951
2024-11-13 19:00:00-05:00,0.0120000001043081,0.0120000001043081,0.0099999997764825,0.0099999997764825,4479211
2024-11-14 19:00:00-05:00,0.0099999997764825,0.0109999999403953,0.0099999997764825,0.0099999997764825,192710
2024-11-17 19:00:00-05:00,0.0109999999403953,0.0109999999403953,0.0099999997764825,0.0099999997764825,1004601
2024-11-18 19:00:00-05:00,0.0109999999403953,0.0109999999403953,0.0109999999403953,0.0109999999403953,151400
2024-11-19 19:00:00-05:00,0.0109999999403953,0.0109999999403953,0.0099999997764825,0.0104999998584389,1674641
2024-11-20 19:00:00-05:00,0.0109999999403953,0.0109999999403953,0.0109999999403953,0.0109999999403953,2362975
2024-11-21 19:00:00-05:00,0.0109999999403953,0.0109999999403953,0.0109999999403953,0.0109999999403953,370458
2024-11-24 19:00:00-05:00,0.0109999999403953,0.0109999999403953,0.0099999997764825,0.0109999999403953,1297471
2024-11-25 19:00:00-05:00,0.0109999999403953,0.0109999999403953,0.0109999999403953,0.0109999999403953,1164966
2024-11-26 19:00:00-05:00,0.0099999997764825,0.0099999997764825,0.0094999996945261,0.0099999997764825,2131055
2024-11-27 19:00:00-05:00,0.0109999999403953,0.0120000001043081,0.0099999997764825,0.0109999999403953,7499984
2024-11-28 19:00:00-05:00,0.0109999999403953,0.0109999999403953,0.0109999999403953,0.0109999999403953,1244168
2024-12-01 19:00:00-05:00,0.0109999999403953,0.0109999999403953,0.0099999997764825,0.0099999997764825,2400656
2024-12-02 19:00:00-05:00,0.0099999997764825,0.0099999997764825,0.0099999997764825,0.0099999997764825,164000
2024-12-03 19:00:00-05:00,0.0099999997764825,0.0099999997764825,0.0099999997764825,0.0099999997764825,3913653
2024-12-04 19:00:00-05:00,0.0099999997764825,0.0099999997764825,0.0089999996125698,0.0099999997764825,3700405
2024-12-05 19:00:00-05:00,0.0099999997764825,0.0099999997764825,0.0089999996125698,0.0099999997764825,1171087
2024-12-08 19:00:00-05:00,0.0094999996945261,0.0099999997764825,0.0089999996125698,0.0099999997764825,1994461
2024-12-09 19:00:00-05:00,0.0099999997764825,0.0099999997764825,0.0099999997764825,0.0099999997764825,0
2024-12-10 19:00:00-05:00,0.0089999996125698,0.0094999996945261,0.0089999996125698,0.0094999996945261,21388
2024-12-11 19:00:00-05:00,0.0094999996945261,0.0094999996945261,0.0089999996125698,0.0089999996125698,2885538
2024-12-12 19:00:00-05:00,0.0094999996945261,0.0099999997764825,0.0094999996945261,0.0099999997764825,1000000
2024-12-15 19:00:00-05:00,0.0089999996125698,0.0089999996125698,0.0089999996125698,0.0089999996125698,130
2024-12-16 19:00:00-05:00,0.0089999996125698,0.0089999996125698,0.0089999996125698,0.0089999996125698,0
2024-12-17 19:00:00-05:00,0.0089999996125698,0.0089999996125698,0.0089999996125698,0.0089999996125698,0
2024-12-18 19:00:00-05:00,0.0094999996945261,0.0099999997764825,0.0094999996945261,0.0099999997764825,249293
2024-12-19 19:00:00-05:00,0.0089999996125698,0.0089999996125698,0.0089999996125698,0.0089999996125698,630000
2024-12-22 19:00:00-05:00,0.0089999996125698,0.0089999996125698,0.0089999996125698,0.0089999996125698,29214
2024-12-23 19:00:00-05:00,0.0089999996125698,0.0089999996125698,0.0089999996125698,0.0089999996125698,0
2024-12-26 19:00:00-05:00,0.0099999997764825,0.0099999997764825,0.0094999996945261,0.0094999996945261,157121
2024-12-29 19:00:00-05:00,0.0094999996945261,0.0094999996945261,0.0094999996945261,0.0094999996945261,104
2024-12-30 19:00:00-05:00,0.0094999996945261,0.0094999996945261,0.0094999996945261,0.0094999996945261,0
2025-01-01 19:00:00-05:00,0.0089999996125698,0.0094999996945261,0.0089999996125698,0.0094999996945261,348166
2025-01-02 19:00:00-05:00,0.0094999996945261,0.0094999996945261,0.0094999996945261,0.0094999996945261,0
2025-01-05 19:00:00-05:00,0.0099999997764825,0.0099999997764825,0.0089999996125698,0.0089999996125698,458393
2025-01-06 19:00:00-05:00,0.0094999996945261,0.0094999996945261,0.0094999996945261,0.0094999996945261,137425
2025-01-07 19:00:00-05:00,0.0089999996125698,0.0099999997764825,0.0089999996125698,0.0099999997764825,46980
2025-01-08 19:00:00-05:00,0.0099999997764825,0.0099999997764825,0.0099999997764825,0.0099999997764825,1515
2025-01-09 19:00:00-05:00,0.0099999997764825,0.0099999997764825,0.0099999997764825,0.0099999997764825,2465649
2025-01-12 19:00:00-05:00,0.0089999996125698,0.0089999996125698,0.0089999996125698,0.0089999996125698,26
2025-01-13 19:00:00-05:00,0.0089999996125698,0.0089999996125698,0.0080000003799796,0.0080000003799796,3743771
2025-01-14 19:00:00-05:00,0.0089999996125698,0.0089999996125698,0.0089999996125698,0.0089999996125698,740338
2025-01-15 19:00:00-05:00,0.0080000003799796,0.0099999997764825,0.0080000003799796,0.0099999997764825,734043
2025-01-16 19:00:00-05:00,0.0099999997764825,0.0099999997764825,0.0080000003799796,0.0089999996125698,922949
2025-01-19 19:00:00-05:00,0.0089999996125698,0.0089999996125698,0.0089999996125698,0.0089999996125698,1340169
2025-01-20 19:00:00-05:00,0.0089999996125698,0.0089999996125698,0.0089999996125698,0.0089999996125698,0
2025-01-21 19:00:00-05:00,0.0089999996125698,0.0089999996125698,0.0089999996125698,0.0089999996125698,0
2025-01-22 19:00:00-05:00,0.0089999996125698,0.0089999996125698,0.0089999996125698,0.0089999996125698,3859
2025-01-23 19:00:00-05:00,0.0089999996125698,0.0089999996125698,0.0080000003799796,0.0080000003799796,291480
2025-01-27 19:00:00-05:00,0.0085000004619359,0.0085000004619359,0.0080000003799796,0.0080000003799796,152296
2025-01-28 19:00:00-05:00,0.0085000004619359,0.0085000004619359,0.0080000003799796,0.0080000003799796,109750
2025-01-29 19:00:00-05:00,0.0080000003799796,0.0080000003799796,0.0080000003799796,0.0080000003799796,600000
2025-01-30 19:00:00-05:00,0.0080000003799796,0.0080000003799796,0.0080000003799796,0.0080000003799796,4585780
2025-02-02 19:00:00-05:00,0.0080000003799796,0.0089999996125698,0.0080000003799796,0.0089999996125698,11576
2025-02-03 19:00:00-05:00,0.0089999996125698,0.0089999996125698,0.0089999996125698,0.0089999996125698,55556
2025-02-04 19:00:00-05:00,0.0109999999403953,0.0120000001043081,0.0080000003799796,0.0080000003799796,25616925
2025-02-05 19:00:00-05:00,0.0089999996125698,0.0089999996125698,0.0080000003799796,0.0089999996125698,2599573
2025-02-06 19:00:00-05:00,0.0089999996125698,0.0089999996125698,0.0089999996125698,0.0089999996125698,71810
2025-02-09 19:00:00-05:00,0.0089999996125698,0.0089999996125698,0.0080000003799796,0.0080000003799796,4020726
2025-02-10 19:00:00-05:00,0.0080000003799796,0.0099999997764825,0.0070000002160668,0.0099999997764825,2402064
2025-02-11 19:00:00-05:00,0.0099999997764825,0.0109999999403953,0.0099999997764825,0.0099999997764825,3686859
2025-02-12 19:00:00-05:00,0.0109999999403953,0.0120000001043081,0.0099999997764825,0.0099999997764825,7084553
2025-02-13 19:00:00-05:00,0.0099999997764825,0.0099999997764825,0.0099999997764825,0.0099999997764825,512888
2025-02-16 19:00:00-05:00,0.0109999999403953,0.0109999999403953,0.0089999996125698,0.0089999996125698,2213251
2025-02-17 19:00:00-05:00,0.0089999996125698,0.0109999999403953,0.0085000004619359,0.0089999996125698,5619340
2025-02-18 19:00:00-05:00,0.0089999996125698,0.0089999996125698,0.0089999996125698,0.0089999996125698,0
2025-02-19 19:00:00-05:00,0.0089999996125698,0.0089999996125698,0.0089999996125698,0.0089999996125698,0
2025-02-20 19:00:00-05:00,0.0089999996125698,0.0099999997764825,0.0089999996125698,0.0094999996945261,307692
2025-02-23 19:00:00-05:00,0.0089999996125698,0.0089999996125698,0.0089999996125698,0.0089999996125698,480700
2025-02-24 19:00:00-05:00,0.0089999996125698,0.0089999996125698,0.0089999996125698,0.0089999996125698,0
2025-02-25 19:00:00-05:00,0.0099999997764825,0.0099999997764825,0.0089999996125698,0.0089999996125698,1519327
2025-02-26 19:00:00-05:00,0.0089999996125698,0.0089999996125698,0.0089999996125698,0.0089999996125698,0
2025-02-27 19:00:00-05:00,0.0089999996125698,0.0089999996125698,0.0089999996125698,0.0089999996125698,0
2025-03-02 19:00:00-05:00,0.0089999996125698,0.0089999996125698,0.0070000002160668,0.0070000002160668,2125291
2025-03-03 19:00:00-05:00,0.0070000002160668,0.0070000002160668,0.0070000002160668,0.0070000002160668,4054212
2025-03-04 19:00:00-05:00,0.0070000002160668,0.0070000002160668,0.006000000052154,0.0070000002160668,1590834
2025-03-05 19:00:00-05:00,0.0070000002160668,0.0070000002160668,0.0070000002160668,0.0070000002160668,885981
2025-03-06 19:00:00-05:00,0.0080000003799796,0.0080000003799796,0.0080000003799796,0.0080000003799796,108125
2025-03-09 20:00:00-04:00,0.0070000002160668,0.0070000002160668,0.0070000002160668,0.0070000002160668,719428
2025-03-10 20:00:00-04:00,0.0070000002160668,0.0070000002160668,0.006000000052154,0.006000000052154,1357112
2025-03-11 20:00:00-04:00,0.0070000002160668,0.0070000002160668,0.006000000052154,0.006000000052154,230076
2025-03-12 20:00:00-04:00,0.006000000052154,0.0070000002160668,0.006000000052154,0.0070000002160668,4576125
2025-03-13 20:00:00-04:00,0.0070000002160668,0.0070000002160668,0.006000000052154,0.006000000052154,391502
2025-03-16 20:00:00-04:00,0.006000000052154,0.006000000052154,0.006000000052154,0.006000000052154,637651
2025-03-17 20:00:00-04:00,0.0070000002160668,0.0070000002160668,0.006000000052154,0.006000000052154,455608
2025-03-18 20:00:00-04:00,0.006000000052154,0.006000000052154,0.0049999998882412,0.006000000052154,1806031
2025-03-19 20:00:00-04:00,0.006000000052154,0.0070000002160668,0.006000000052154,0.0070000002160668,100765
2025-03-20 20:00:00-04:00,0.0070000002160668,0.0070000002160668,0.0070000002160668,0.0070000002160668,283578
2025-03-23 20:00:00-04:00,0.006000000052154,0.006000000052154,0.006000000052154,0.006000000052154,7
2025-03-24 20:00:00-04:00,0.0070000002160668,0.0070000002160668,0.0070000002160668,0.0070000002160668,2442165
2025-03-25 20:00:00-04:00,0.0070000002160668,0.0070000002160668,0.006000000052154,0.006000000052154,27469
2025-03-26 20:00:00-04:00,0.006000000052154,0.0070000002160668,0.006000000052154,0.0070000002160668,242857
2025-03-27 20:00:00-04:00,0.006000000052154,0.006000000052154,0.006000000052154,0.006000000052154,2145
2025-03-30 20:00:00-04:00,0.006000000052154,0.006000000052154,0.006000000052154,0.006000000052154,3711446
2025-03-31 20:00:00-04:00,0.006000000052154,0.006000000052154,0.006000000052154,0.006000000052154,0
2025-04-01 20:00:00-04:00,0.006000000052154,0.0070000002160668,0.006000000052154,0.0070000002160668,2463082
2025-04-02 20:00:00-04:00,0.0070000002160668,0.0070000002160668,0.0070000002160668,0.0070000002160668,1553393
2025-04-03 20:00:00-04:00,0.0070000002160668,0.0070000002160668,0.0070000002160668,0.0070000002160668,621729
2025-04-06 20:00:00-04:00,0.006000000052154,0.006000000052154,0.0049999998882412,0.0049999998882412,3117296
2025-04-07 20:00:00-04:00,0.006000000052154,0.006000000052154,0.006000000052154,0.006000000052154,83333
2025-04-08 20:00:00-04:00,0.006000000052154,0.0070000002160668,0.006000000052154,0.0070000002160668,2271624
2025-04-09 20:00:00-04:00,0.0070000002160668,0.0070000002160668,0.0070000002160668,0.0070000002160668,0
2025-04-10 20:00:00-04:00,0.0070000002160668,0.0070000002160668,0.0070000002160668,0.0070000002160668,500141
2025-04-13 20:00:00-04:00,0.006000000052154,0.006000000052154,0.006000000052154,0.006000000052154,3328
2025-04-14 20:00:00-04:00,0.006000000052154,0.006000000052154,0.006000000052154,0.006000000052154,174615
2025-04-15 20:00:00-04:00,0.006000000052154,0.006000000052154,0.006000000052154,0.006000000052154,0
2025-04-16 20:00:00-04:00,0.006000000052154,0.006000000052154,0.006000000052154,0.006000000052154,0
2025-04-21 20:00:00-04:00,0.006000000052154,0.006000000052154,0.006000000052154,0.006000000052154,0
2025-04-22 20:00:00-04:00,0.0049999998882412,0.0049999998882412,0.0049999998882412,0.0049999998882412,9478713
2025-04-23 20:00:00-04:00,0.006000000052154,0.006000000052154,0.0049999998882412,0.0049999998882412,839656
2025-04-27 20:00:00-04:00,0.0049999998882412,0.0049999998882412,0.0049999998882412,0.0049999998882412,34
2025-04-28 20:00:00-04:00,0.0049999998882412,0.006000000052154,0.0049999998882412,0.006000000052154,962232
2025-04-29 20:00:00-04:00,0.0054999999701976,0.0054999999701976,0.0054999999701976,0.0054999999701976,292686
2025-04-30 20:00:00-04:00,0.0054999999701976,0.0054999999701976,0.0054999999701976,0.0054999999701976,186000
2025-05-01 20:00:00-04:00,0.006000000052154,0.006000000052154,0.0049999998882412,0.0049999998882412,4566666
2025-05-04 20:00:00-04:00,0.006000000052154,0.0070000002160668,0.006000000052154,0.0070000002160668,2196679
2025-05-05 20:00:00-04:00,0.0070000002160668,0.0070000002160668,0.0054999999701976,0.006000000052154,730244
2025-05-06 20:00:00-04:00,0.006000000052154,0.006000000052154,0.006000000052154,0.006000000052154,0
2025-05-07 20:00:00-04:00,0.0054999999701976,0.0054999999701976,0.0054999999701976,0.0054999999701976,51000
2025-05-08 20:00:00-04:00,0.006000000052154,0.0070000002160668,0.006000000052154,0.0070000002160668,5094926
2025-05-11 20:00:00-04:00,0.0070000002160668,0.0070000002160668,0.0070000002160668,0.0070000002160668,0
2025-05-12 20:00:00-04:00,0.0070000002160668,0.0070000002160668,0.006000000052154,0.006000000052154,1009561
2025-05-13 20:00:00-04:00,0.006000000052154,0.006000000052154,0.006000000052154,0.006000000052154,0
2025-05-14 20:00:00-04:00,0.0049999998882412,0.0049999998882412,0.0049999998882412,0.0049999998882412,10608551
2025-05-15 20:00:00-04:00,0.0049999998882412,0.0049999998882412,0.0049999998882412,0.0049999998882412,442792
2025-05-18 20:00:00-04:00,0.0049999998882412,0.0049999998882412,0.0049999998882412,0.0049999998882412,1296169
2025-05-19 20:00:00-04:00,0.0040000001899898,0.006000000052154,0.0040000001899898,0.006000000052154,208538
2025-05-20 20:00:00-04:00,0.0049999998882412,0.0049999998882412,0.0040000001899898,0.0049999998882412,3542641
2025-05-21 20:00:00-04:00,0.0049999998882412,0.0049999998882412,0.0049999998882412,0.0049999998882412,0
2025-05-22 20:00:00-04:00,0.0049999998882412,0.0049999998882412,0.0049999998882412,0.0049999998882412,100000
2025-05-25 20:00:00-04:00,0.0040000001899898,0.0049999998882412,0.0040000001899898,0.0049999998882412,90565
2025-05-26 20:00:00-04:00,0.0049999998882412,0.006000000052154,0.0049999998882412,0.0049999998882412,3196963
2025-05-27 20:00:00-04:00,0.006000000052154,0.006000000052154,0.006000000052154,0.006000000052154,246245
2025-05-28 20:00:00-04:00,0.006000000052154,0.006000000052154,0.006000000052154,0.006000000052154,5692
2025-05-29 20:00:00-04:00,0.0049999998882412,0.0049999998882412,0.0040000001899898,0.0040000001899898,2520373
2025-06-01 20:00:00-04:00,0.0049999998882412,0.0049999998882412,0.0049999998882412,0.0049999998882412,10300784
2025-06-02 20:00:00-04:00,0.0049999998882412,0.0049999998882412,0.0049999998882412,0.0049999998882412,0
2025-06-03 20:00:00-04:00,0.0049999998882412,0.0049999998882412,0.0049999998882412,0.0049999998882412,10171112
2025-06-04 20:00:00-04:00,0.0049999998882412,0.0049999998882412,0.0049999998882412,0.0049999998882412,0
2025-06-05 20:00:00-04:00,0.0049999998882412,0.0049999998882412,0.0049999998882412,0.0049999998882412,667494
2025-06-09 20:00:00-04:00,0.0049999998882412,0.0049999998882412,0.0049999998882412,0.0049999998882412,1680811
2025-06-10 20:00:00-04:00,0.0049999998882412,0.0049999998882412,0.0049999998882412,0.0049999998882412,201831
2025-06-11 20:00:00-04:00,0.0049999998882412,0.006000000052154,0.0049999998882412,0.0049999998882412,1340518
2025-06-12 20:00:00-04:00,0.0049999998882412,0.006000000052154,0.0049999998882412,0.0054999999701976,1332471
2025-06-15 20:00:00-04:00,0.0049999998882412,0.006000000052154,0.0049999998882412,0.006000000052154,2908494
2025-06-16 20:00:00-04:00,0.0054999999701976,0.0054999999701976,0.0049999998882412,0.0049999998882412,24326
2025-06-17 20:00:00-04:00,0.0049999998882412,0.0049999998882412,0.0049999998882412,0.0049999998882412,0
2025-06-18 20:00:00-04:00,0.0049999998882412,0.0049999998882412,0.0049999998882412,0.0049999998882412,453186
2025-06-19 20:00:00-04:00,0.0049999998882412,0.0049999998882412,0.0049999998882412,0.0049999998882412,0
2025-06-22 20:00:00-04:00,0.0049999998882412,0.0049999998882412,0.0049999998882412,0.0049999998882412,3244480
2025-06-23 20:00:00-04:00,0.0049999998882412,0.0049999998882412,0.0049999998882412,0.0049999998882412,0
2025-06-24 20:00:00-04:00,0.0049999998882412,0.0049999998882412,0.0040000001899898,0.0040000001899898,7946031
2025-06-25 20:00:00-04:00,0.0040000001899898,0.006000000052154,0.0040000001899898,0.006000000052154,2962289
2025-06-26 20:00:00-04:00,0.006000000052154,0.006000000052154,0.0049999998882412,0.0049999998882412,261602
2025-06-29 20:00:00-04:00,0.0049999998882412,0.0049999998882412,0.0049999998882412,0.0049999998882412,1219565
2025-06-30 20:00:00-04:00,0.0049999998882412,0.0049999998882412,0.0040000001899898,0.0040000001899898,4906284
2025-07-01 20:00:00-04:00,0.0040000001899898,0.0040000001899898,0.0040000001899898,0.0040000001899898,3309364
2025-07-02 20:00:00-04:00,0.0040000001899898,0.0049999998882412,0.0040000001899898,0.0049999998882412,3581916
2025-07-03 20:00:00-04:00,0.0049999998882412,0.0070000002160668,0.0049999998882412,0.006000000052154,7704000
2025-07-06 20:00:00-04:00,0.0070000002160668,0.0089999996125698,0.0070000002160668,0.0080000003799796,7123612
2025-07-07 20:00:00-04:00,0.0070000002160668,0.0099999997764825,0.0070000002160668,0.0099999997764825,6704248
2025-07-08 20:00:00-04:00,0.0099999997764825,0.0109999999403953,0.0080000003799796,0.0080000003799796,7288793
2025-07-09 20:00:00-04:00,0.0089999996125698,0.0099999997764825,0.0089999996125698,0.0089999996125698,2827945
2025-07-10 20:00:00-04:00,0.0099999997764825,0.0099999997764825,0.0089999996125698,0.0089999996125698,6636759
2025-07-13 20:00:00-04:00,0.0099999997764825,0.0099999997764825,0.0089999996125698,0.0089999996125698,2517042
2025-07-14 20:00:00-04:00,0.0089999996125698,0.0099999997764825,0.0089999996125698,0.0099999997764825,9792899
2025-07-15 20:00:00-04:00,0.0109999999403953,0.0109999999403953,0.0099999997764825,0.0109999999403953,2795880
2025-07-16 20:00:00-04:00,0.0109999999403953,0.0130000002682209,0.0109999999403953,0.0130000002682209,10426187
2025-07-17 20:00:00-04:00,0.0130000002682209,0.0140000004321336,0.0120000001043081,0.0130000002682209,3416712
2025-07-20 20:00:00-04:00,0.0130000002682209,0.0130000002682209,0.0109999999403953,0.0120000001043081,5940175
2025-07-21 20:00:00-04:00,0.0120000001043081,0.0120000001043081,0.0109999999403953,0.0120000001043081,1501465
2025-07-22 20:00:00-04:00,0.0120000001043081,0.0120000001043081,0.0120000001043081,0.0120000001043081,2138017
2025-07-23 20:00:00-04:00,0.0109999999403953,0.0120000001043081,0.0109999999403953,0.0120000001043081,2043224
2025-07-24 20:00:00-04:00,0.0120000001043081,0.0120000001043081,0.0120000001043081,0.0120000001043081,100
2025-07-27 20:00:00-04:00,0.0109999999403953,0.0109999999403953,0.0109999999403953,0.0109999999403953,1288690
2025-07-28 20:00:00-04:00,0.0109999999403953,0.0120000001043081,0.0109999999403953,0.0120000001043081,152554
2025-07-29 20:00:00-04:00,0.0109999999403953,0.0115000000223517,0.0109999999403953,0.0109999999403953,2297408
2025-07-30 20:00:00-04:00,0.0109999999403953,0.0115000000223517,0.0109999999403953,0.0115000000223517,461027
2025-07-31 20:00:00-04:00,0.0109999999403953,0.0120000001043081,0.0109999999403953,0.0109999999403953,1193009
2025-08-03 20:00:00-04:00,0.0099999997764825,0.0099999997764825,0.0099999997764825,0.0099999997764825,313
2025-08-04 20:00:00-04:00,0.0099999997764825,0.0109999999403953,0.0099999997764825,0.0109999999403953,860266
2025-08-05 20:00:00-04:00,0.0109999999403953,0.0120000001043081,0.0109999999403953,0.0109999999403953,2236634
2025-08-06 20:00:00-04:00,0.0115000000223517,0.0120000001043081,0.0109999999403953,0.0115000000223517,2227359
2025-08-07 20:00:00-04:00,0.0120000001043081,0.0120000001043081,0.0109999999403953,0.0109999999403953,588735
2025-08-10 20:00:00-04:00,0.0109999999403953,0.0120000001043081,0.0109999999403953,0.0120000001043081,2420279
2025-08-11 20:00:00-04:00,0.0120000001043081,0.0120000001043081,0.0099999997764825,0.0099999997764825,7171664
2025-08-12 20:00:00-04:00,0.0109999999403953,0.0109999999403953,0.0109999999403953,0.0109999999403953,4042474
2025-08-13 20:00:00-04:00,0.0109999999403953,0.0120000001043081,0.0109999999403953,0.0120000001043081,2970937
2025-08-14 20:00:00-04:00,0.0120000001043081,0.0120000001043081,0.0109999999403953,0.0120000001043081,8893919
2025-08-17 20:00:00-04:00,0.0120000001043081,0.0120000001043081,0.0109999999403953,0.0109999999403953,2364680
2025-08-18 20:00:00-04:00,0.0109999999403953,0.0120000001043081,0.0109999999403953,0.0120000001043081,765877
2025-08-19 20:00:00-04:00,0.0120000001043081,0.0120000001043081,0.0120000001043081,0.0120000001043081,915000
2025-08-20 20:00:00-04:00,0.0120000001043081,0.0120000001043081,0.0120000001043081,0.0120000001043081,990011
2025-08-21 20:00:00-04:00,0.0120000001043081,0.0120000001043081,0.0120000001043081,0.0120000001043081,1501461
2025-08-24 20:00:00-04:00,0.0120000001043081,0.0120000001043081,0.0109999999403953,0.0109999999403953,292413
2025-08-25 20:00:00-04:00,0.0120000001043081,0.0130000002682209,0.0120000001043081,0.0120000001043081,1340282
2025-08-26 20:00:00-04:00,0.0120000001043081,0.0120000001043081,0.0120000001043081,0.0120000001043081,196070
2025-08-27 20:00:00-04:00,0.0120000001043081,0.0120000001043081,0.0109999999403953,0.0109999999403953,811058
2025-08-28 20:00:00-04:00,0.0109999999403953,0.0120000001043081,0.0109999999403953,0.0120000001043081,1930269
2025-08-31 20:00:00-04:00,0.0130000002682209,0.0130000002682209,0.0125000001862645,0.0125000001862645,879061
2025-09-01 20:00:00-04:00,0.0120000001043081,0.0120000001043081,0.0120000001043081,0.0120000001043081,850528
2025-09-02 20:00:00-04:00,0.0120000001043081,0.0130000002682209,0.0120000001043081,0.0130000002682209,2239489
2025-09-03 20:00:00-04:00,0.0120000001043081,0.0130000002682209,0.0120000001043081,0.0130000002682209,965351
2025-09-04 20:00:00-04:00,0.0120000001043081,0.0130000002682209,0.0120000001043081,0.0120000001043081,2348255
2025-09-07 20:00:00-04:00,0.0120000001043081,0.0120000001043081,0.0109999999403953,0.0120000001043081,867422
2025-09-08 20:00:00-04:00,0.0120000001043081,0.0120000001043081,0.0109999999403953,0.0109999999403953,2328969
2025-09-09 20:00:00-04:00,0.0109999999403953,0.0109999999403953,0.0104999998584389,0.0109999999403953,792087
2025-09-10 20:00:00-04:00,0.0109999999403953,0.0109999999403953,0.0109999999403953,0.0109999999403953,279921
2025-09-11 20:00:00-04:00,0.0120000001043081,0.0130000002682209,0.0120000001043081,0.0120000001043081,2105393
2025-09-14 20:00:00-04:00,0.0120000001043081,0.0120000001043081,0.0109999999403953,0.0109999999403953,1845966
2025-09-15 20:00:00-04:00,0.0109999999403953,0.0109999999403953,0.0099999997764825,0.0109999999403953,987336
2025-09-16 20:00:00-04:00,0.0109999999403953,0.0109999999403953,0.0099999997764825,0.0109999999403953,2236344
2025-09-17 20:00:00-04:00,0.0109999999403953,0.0109999999403953,0.0109999999403953,0.0109999999403953,51554
2025-09-18 20:00:00-04:00,0.0120000001043081,0.0120000001043081,0.0109999999403953,0.0109999999403953,1549818
2025-09-21 20:00:00-04:00,0.0120000001043081,0.0120000001043081,0.0099999997764825,0.0099999997764825,1609587
2025-09-22 20:00:00-04:00,0.0109999999403953,0.0109999999403953,0.0109999999403953,0.0109999999403953,115569
2025-09-23 20:00:00-04:00,0.0109999999403953,0.0109999999403953,0.0109999999403953,0.0109999999403953,0
2025-09-24 20:00:00-04:00,0.0120000001043081,0.0120000001043081,0.0120000001043081,0.0120000001043081,803957
2025-09-25 20:00:00-04:00,0.0120000001043081,0.0130000002682209,0.0120000001043081,0.0120000001043081,4363872
2025-09-28 20:00:00-04:00,0.0120000001043081,0.0120000001043081,0.0120000001043081,0.0120000001043081,125000
2025-09-29 20:00:00-04:00,0.0130000002682209,0.0130000002682209,0.0120000001043081,0.0120000001043081,1391772
2025-09-30 20:00:00-04:00,0.0120000001043081,0.0125000001862645,0.0120000001043081,0.0120000001043081,1317337
2025-10-01 20:00:00-04:00,0.0120000001043081,0.0140000004321336,0.0109999999403953,0.0140000004321336,3162662
2025-10-02 20:00:00-04:00,0.0135000003501772,0.0140000004321336,0.0130000002682209,0.0140000004321336,2474956
2025-10-05 20:00:00-04:00,0.0140000004321336,0.0140000004321336,0.0140000004321336,0.0140000004321336,0
2025-10-06 20:00:00-04:00,0.0140000004321336,0.0140000004321336,0.0140000004321336,0.0140000004321336,0
2025-10-07 20:00:00-04:00,0.0160000007599592,0.0179999992251396,0.0160000007599592,0.0170000009238719,36344937
2025-10-08 20:00:00-04:00,0.0170000009238719,0.0189999993890523,0.016499999910593,0.0189999993890523,11691213
2025-10-09 20:00:00-04:00,0.0189999993890523,0.0209999997168779,0.0189999993890523,0.0209999997168779,9637778
2025-10-12 20:00:00-04:00,0.0209999997168779,0.0209999997168779,0.0189999993890523,0.0199999995529651,2422732
2025-10-13 20:00:00-04:00,0.0189999993890523,0.0199999995529651,0.0179999992251396,0.0179999992251396,3271152
2025-10-14 20:00:00-04:00,0.0179999992251396,0.0189999993890523,0.0179999992251396,0.0189999993890523,2070228
2025-10-15 20:00:00-04:00,0.0189999993890523,0.0189999993890523,0.0179999992251396,0.0189999993890523,1725798
2025-10-16 20:00:00-04:00,0.0189999993890523,0.0189999993890523,0.0179999992251396,0.0179999992251396,3869220
2025-10-19 20:00:00-04:00,0.0170000009238719,0.0170000009238719,0.0149999996647238,0.0160000007599592,3201474
2025-10-20 20:00:00-04:00,0.0170000009238719,0.0170000009238719,0.0140000004321336,0.0160000007599592,5589276
2025-10-21 20:00:00-04:00,0.0160000007599592,0.0179999992251396,0.0160000007599592,0.0179999992251396,4680264
2025-10-22 20:00:00-04:00,0.0179999992251396,0.0189999993890523,0.0170000009238719,0.0179999992251396,4633737
2025-10-23 20:00:00-04:00,0.0179999992251396,0.0199999995529651,0.0179999992251396,0.0199999995529651,7214584
2025-10-26 20:00:00-04:00,0.0199999995529651,0.0209999997168779,0.0199999995529651,0.0199999995529651,6340035
2025-10-27 20:00:00-04:00,0.0209999997168779,0.0209999997168779,0.0189999993890523,0.0189999993890523,2238229
2025-10-28 20:00:00-04:00,0.0189999993890523,0.0189999993890523,0.0189999993890523,0.0189999993890523,940877
2025-10-29 20:00:00-04:00,0.0199999995529651,0.0219999998807907,0.0195000004023313,0.0209999997168779,13109786
2025-10-30 20:00:00-04:00,0.0209999997168779,0.0209999997168779,0.0199999995529651,0.0199999995529651,5397359
2025-11-02 19:00:00-05:00,0.0209999997168779,0.0230000000447034,0.0209999997168779,0.0225000008940696,5295644
2025-11-03 19:00:00-05:00,0.0230000000447034,0.0230000000447034,0.0219999998807907,0.0219999998807907,3847568
2025-11-04 19:00:00-05:00,0.0230000000447034,0.0230000000447034,0.0209999997168779,0.0219999998807907,10257691
2025-11-05 19:00:00-05:00,0.0219999998807907,0.0230000000447034,0.0219999998807907,0.0230000000447034,2892409
2025-11-06 19:00:00-05:00,0.0219999998807907,0.0230000000447034,0.0209999997168779,0.0209999997168779,1218177
2025-11-09 19:00:00-05:00,0.0209999997168779,0.0209999997168779,0.0199999995529651,0.0209999997168779,2055343
2025-11-10 19:00:00-05:00,0.0209999997168779,0.0219999998807907,0.0199999995529651,0.0209999997168779,3641183
2025-11-11 19:00:00-05:00,0.0209999997168779,0.0209999997168779,0.0189999993890523,0.0199999995529651,2146650
2025-11-12 19:00:00-05:00,0.0199999995529651,0.0199999995529651,0.0189999993890523,0.0189999993890523,7204
2025-11-13 19:00:00-05:00,0.0189999993890523,0.0189999993890523,0.0170000009238719,0.0170000009238719,3323210
2025-11-16 19:00:00-05:00,0.0170000009238719,0.0199999995529651,0.0170000009238719,0.0189999993890523,2006134
2025-11-17 19:00:00-05:00,0.0189999993890523,0.0199999995529651,0.0189999993890523,0.0189999993890523,4219703
2025-11-18 19:00:00-05:00,0.0189999993890523,0.0189999993890523,0.0189999993890523,0.0189999993890523,578157
2025-11-19 19:00:00-05:00,0.0189999993890523,0.0189999993890523,0.0189999993890523,0.0189999993890523,1107338
2025-11-20 19:00:00-05:00,0.0199999995529651,0.0199999995529651,0.0179999992251396,0.0189999993890523,942523
2025-11-23 19:00:00-05:00,0.0189999993890523,0.0189999993890523,0.0160000007599592,0.0170000009238719,2191797
2025-11-24 19:00:00-05:00,0.0170000009238719,0.0170000009238719,0.0170000009238719,0.0170000009238719,1371876
2025-11-25 19:00:00-05:00,0.0160000007599592,0.0170000009238719,0.0149999996647238,0.0170000009238719,2939180
2025-11-26 19:00:00-05:00,0.0170000009238719,0.0189999993890523,0.0170000009238719,0.0189999993890523,1415875
2025-11-27 19:00:00-05:00,0.0170000009238719,0.0179999992251396,0.0160000007599592,0.0170000009238719,1610241
2025-11-30 19:00:00-05:00,0.0179999992251396,0.0179999992251396,0.0170000009238719,0.0170000009238719,2128141
2025-12-01 19:00:00-05:00,0.0170000009238719,0.0170000009238719,0.0160000007599592,0.0160000007599592,1755022
2025-12-02 19:00:00-05:00,0.0170000009238719,0.0170000009238719,0.0160000007599592,0.0160000007599592,620765
2025-12-03 19:00:00-05:00,0.0149999996647238,0.0149999996647238,0.0149999996647238,0.0149999996647238,2570318
2025-12-04 19:00:00-05:00,0.0160000007599592,0.0160000007599592,0.0160000007599592,0.0160000007599592,2863058
2025-12-07 19:00:00-05:00,0.0149999996647238,0.0149999996647238,0.0149999996647238,0.0149999996647238,1202338
2025-12-08 19:00:00-05:00,0.0149999996647238,0.0149999996647238,0.0149999996647238,0.0149999996647238,689328
2025-12-09 19:00:00-05:00,0.0140000004321336,0.0140000004321336,0.0140000004321336,0.0140000004321336,2928011
2025-12-10 19:00:00-05:00,0.0149999996647238,0.0149999996647238,0.0140000004321336,0.0140000004321336,650694
2025-12-11 19:00:00-05:00,0.0149999996647238,0.0149999996647238,0.0140000004321336,0.0140000004321336,739799
2025-12-14 19:00:00-05:00,0.0140000004321336,0.0140000004321336,0.0125000001862645,0.0140000004321336,9259064
2025-12-15 19:00:00-05:00,0.0140000004321336,0.0140000004321336,0.0130000002682209,0.0130000002682209,128822
2025-12-16 19:00:00-05:00,0.0130000002682209,0.0130000002682209,0.0130000002682209,0.0130000002682209,859679
2025-12-17 19:00:00-05:00,0.0115000000223517,0.0120000001043081,0.0109999999403953,0.0120000001043081,3719008
2025-12-18 19:00:00-05:00,0.0130000002682209,0.0140000004321336,0.0120000001043081,0.0130000002682209,4215029
2025-12-21 19:00:00-05:00,0.0140000004321336,0.0160000007599592,0.0130000002682209,0.0140000004321336,1398926
2025-12-22 19:00:00-05:00,0.0140000004321336,0.0149999996647238,0.0140000004321336,0.0149999996647238,124220
2025-12-23 19:00:00-05:00,0.0140000004321336,0.0149999996647238,0.0140000004321336,0.0140000004321336,181159
2025-12-28 19:00:00-05:00,0.0140000004321336,0.0140000004321336,0.0140000004321336,0.0140000004321336,991534
2025-12-29 19:00:00-05:00,0.0149999996647238,0.0149999996647238,0.0140000004321336,0.0140000004321336,1253663
2025-12-30 19:00:00-05:00,0.0140000004321336,0.0140000004321336,0.0140000004321336,0.0140000004321336,2896809
2026-01-01 19:00:00-05:00,0.0140000004321336,0.0140000004321336,0.0140000004321336,0.0140000004321336,324558
2026-01-04 19:00:00-05:00,0.0140000004321336,0.0149999996647238,0.0140000004321336,0.0149999996647238,563231
2026-01-05 19:00:00-05:00,0.0149999996647238,0.0149999996647238,0.0149999996647238,0.0149999996647238,4580
2026-01-06 19:00:00-05:00,0.0144999995827674,0.0149999996647238,0.0144999995827674,0.0149999996647238,1369533
2026-01-07 19:00:00-05:00,0.0149999996647238,0.0149999996647238,0.0149999996647238,0.0149999996647238,305955
2026-01-08 19:00:00-05:00,0.0149999996647238,0.0160000007599592,0.0140000004321336,0.0149999996647238,1149672
2026-01-11 19:00:00-05:00,0.0140000004321336,0.0149999996647238,0.0140000004321336,0.0149999996647238,209965
2026-01-12 19:00:00-05:00,0.0149999996647238,0.0149999996647238,0.0149999996647238,0.0149999996647238,66
2026-01-13 19:00:00-05:00,0.0149999996647238,0.0149999996647238,0.0149999996647238,0.0149999996647238,496748
2026-01-14 19:00:00-05:00,0.0149999996647238,0.0149999996647238,0.0149999996647238,0.0149999996647238,0
2026-01-15 19:00:00-05:00,0.0149999996647238,0.0149999996647238,0.0140000004321336,0.0140000004321336,341409
2026-01-18 19:00:00-05:00,0.0140000004321336,0.0160000007599592,0.0140000004321336,0.0160000007599592,2141446
2026-01-19 19:00:00-05:00,0.0160000007599592,0.0160000007599592,0.0160000007599592,0.0160000007599592,0
2026-01-20 19:00:00-05:00,0.0149999996647238,0.0149999996647238,0.0140000004321336,0.0140000004321336,894775
2026-01-21 19:00:00-05:00,0.0140000004321336,0.0140000004321336,0.0140000004321336,0.0140000004321336,0
2026-01-22 19:00:00-05:00,0.0149999996647238,0.0149999996647238,0.0149999996647238,0.0149999996647238,771309
2026-01-26 19:00:00-05:00,0.0149999996647238,0.0149999996647238,0.0149999996647238,0.0149999996647238,67199
2026-01-27 19:00:00-05:00,0.0149999996647238,0.0149999996647238,0.0149999996647238,0.0149999996647238,20
2026-01-28 19:00:00-05:00,0.0149999996647238,0.0149999996647238,0.0130000002682209,0.0130000002682209,2891480
2026-01-29 19:00:00-05:00,0.0130000002682209,0.0140000004321336,0.0130000002682209,0.0140000004321336,3497896
2026-02-01 19:00:00-05:00,0.0140000004321336,0.0140000004321336,0.0140000004321336,0.0140000004321336,815363
2026-02-02 19:00:00-05:00,0.0149999996647238,0.0149999996647238,0.0140000004321336,0.0140000004321336,2139882
2026-02-03 19:00:00-05:00,0.0140000004321336,0.0140000004321336,0.0140000004321336,0.0140000004321336,977424
2026-02-04 19:00:00-05:00,0.0140000004321336,0.0140000004321336,0.0130000002682209,0.0130000002682209,1452489
2026-02-05 19:00:00-05:00,0.0130000002682209,0.0130000002682209,0.0120000001043081,0.0130000002682209,253483
2026-02-08 19:00:00-05:00,0.0130000002682209,0.0140000004321336,0.0120000001043081,0.0140000004321336,34345
2026-02-09 19:00:00-05:00,0.0140000004321336,0.0140000004321336,0.0130000002682209,0.0130000002682209,5894
2026-02-10 19:00:00-05:00,0.0135000003501772,0.0135000003501772,0.0135000003501772,0.0135000003501772,100870
2026-02-11 19:00:00-05:00,0.0135000003501772,0.0135000003501772,0.0135000003501772,0.0135000003501772,5000
2026-02-12 19:00:00-05:00,0.0135000003501772,0.0140000004321336,0.0135000003501772,0.0135000003501772,592201
2026-02-15 19:00:00-05:00,0.0140000004321336,0.0140000004321336,0.0135000003501772,0.0135000003501772,1925729
2026-02-16 19:00:00-05:00,0.0135000003501772,0.0140000004321336,0.0130000002682209,0.0130000002682209,2105265
2026-02-17 19:00:00-05:00,0.0130000002682209,0.0130000002682209,0.0130000002682209,0.0130000002682209,10469
2026-02-18 19:00:00-05:00,0.0130000002682209,0.0130000002682209,0.0130000002682209,0.0130000002682209,0
2026-02-19 19:00:00-05:00,0.0130000002682209,0.0130000002682209,0.0130000002682209,0.0130000002682209,0
2026-02-22 19:00:00-05:00,0.0130000002682209,0.0130000002682209,0.0130000002682209,0.0130000002682209,435329
2026-02-23 19:00:00-05:00,0.0130000002682209,0.0130000002682209,0.0120000001043081,0.0120000001043081,1846760
2026-02-24 19:00:00-05:00,0.0120000001043081,0.0125000001862645,0.0120000001043081,0.0125000001862645,755
2026-02-25 19:00:00-05:00,0.0125000001862645,0.0125000001862645,0.0125000001862645,0.0125000001862645,0
2026-02-26 00:00:00,0.012500000186264515,0.012500000186264515,0.012500000186264515,0.012500000186264515,0
