Date,Open,High,Low,Close,Volume
2021-10-21 20:00:00-04:00,5.793861730013929,5.793861730013929,5.437141684995279,5.521209239959717,3192300
2021-10-24 20:00:00-04:00,5.716610145174706,5.7688684013157125,5.6607163549686605,5.668896198272705,1267200
2021-10-25 20:00:00-04:00,5.642767086309591,5.675712680862893,5.584828655689314,5.598461151123047,1276800
2021-10-26 20:00:00-04:00,5.32353684715355,5.362162611489106,5.250829628020552,5.325809001922607,509200
2021-10-27 20:00:00-04:00,5.562107839257965,5.582556800189513,5.234925331091666,5.541658878326416,426900
2021-10-28 20:00:00-04:00,5.521208957951311,5.691616647188933,5.509394014429976,5.650719165802002,272400
2021-10-31 20:00:00-04:00,5.582556037716106,5.598460686630756,5.405332311673805,5.528025627136231,293000
2021-11-01 20:00:00-04:00,5.702978137736702,5.7915900086168985,5.67798486815748,5.737059593200684,460600
2021-11-02 20:00:00-04:00,5.623453744841551,5.700705265298805,5.478039322036912,5.650719165802002,319300
2021-11-03 20:00:00-04:00,5.623454746480064,5.623454746480064,5.455319181821939,5.505305290222168,391100
2021-11-04 20:00:00-04:00,5.543930628904147,5.5666517431008495,5.459863069756319,5.500760555267334,277100
2021-11-07 19:00:00-05:00,5.902922364449766,5.99835068958871,5.873612307210597,5.957452774047852,453700
2021-11-08 19:00:00-05:00,6.1028672183628885,6.13467651345825,5.955180214862098,6.059697151184082,468700
2021-11-09 19:00:00-05:00,6.143766062304126,6.196024321701062,5.859753217708762,5.921099662780762,765900
2021-11-10 19:00:00-05:00,5.814311280184556,5.89383496732461,5.800678784305162,5.830215930938721,400400
2021-11-11 19:00:00-05:00,5.718882514648748,5.775685082162793,5.5871005753509335,5.757508277893066,867200
2021-11-14 19:00:00-05:00,5.846119626165156,5.8529360896753415,5.698433050397755,5.725698471069336,729300
2021-11-15 19:00:00-05:00,5.453046841416976,5.500760793262146,5.305360242802445,5.346258163452148,637000
2021-11-16 19:00:00-05:00,5.40306021374199,5.437141666540793,5.318992225693705,5.418964862823486,428700
2021-11-17 19:00:00-05:00,5.289455737684599,5.309904698571941,5.071333632676032,5.1962995529174805,689100
2021-11-18 19:00:00-05:00,5.180393218994141,5.228107594012396,5.166760726147125,5.180393218994141,337700
2021-11-21 19:00:00-05:00,5.228108171535413,5.237196356647639,4.987265415577481,4.998625755310059,313400
2021-11-22 19:00:00-05:00,5.105414277960907,5.184937953948975,5.073604980913347,5.184937953948975,209800
2021-11-23 19:00:00-05:00,5.021346469703693,5.137223745931757,4.998625358672262,5.134951591491699,250000
2021-11-25 19:00:00-05:00,4.887293080945475,4.887293080945475,4.805497243038187,4.837306976318359,224300
2021-11-28 19:00:00-05:00,5.109958981111023,5.259917726426197,5.073605372147903,5.191754817962647,333700
2021-11-29 19:00:00-05:00,5.223565035614465,5.298544421451255,5.039524803718575,5.123592376708984,421500
2021-11-30 19:00:00-05:00,5.237196441429527,5.284910822490972,5.046339783922124,5.064517021179199,509200
2021-12-01 19:00:00-05:00,5.041796211304323,5.121319895611619,4.991809672578427,5.075877666473389,314500
2021-12-02 19:00:00-05:00,5.050883545760576,5.055427854582278,4.585102725764696,4.748693943023682,853100
2021-12-05 19:00:00-05:00,4.303363245692044,4.401063744992578,4.253831306196849,4.344261169433594,713700
2021-12-06 19:00:00-05:00,4.541933733782704,4.632817764883483,4.471498663850756,4.494219779968262,211000
2021-12-07 19:00:00-05:00,4.482859204173883,4.560110742380274,4.441961280021174,4.514668941497803,398000
2021-12-08 19:00:00-05:00,4.369253691516933,4.369253691516933,4.205662441769148,4.232700347900391,523900
2021-12-09 19:00:00-05:00,4.410151886861109,4.423784383513175,4.205662703603091,4.310179233551025,492700
2021-12-12 19:00:00-05:00,4.260192041462246,4.264736350315068,4.060247218998708,4.144314765930176,852800
2021-12-13 19:00:00-05:00,4.167036857512354,4.257920889112066,4.126138934950172,4.248832702636719,1104800
2021-12-14 19:00:00-05:00,4.239743281939445,4.403334507917888,4.135226773684397,4.378341674804688,786300
2021-12-15 19:00:00-05:00,4.332899174992406,4.344259946928759,4.226110519005516,4.255647659301758,438700
2021-12-16 19:00:00-05:00,4.139771101196206,4.2056622897068765,4.035254581534163,4.098873615264893,179700
2021-12-19 19:00:00-05:00,4.055703844928654,4.194301829931431,4.040480883469084,4.178397178649902,445200
2021-12-20 19:00:00-05:00,4.330628117133816,4.347214458328381,4.292002349508326,4.316995620727539,385300
2021-12-21 19:00:00-05:00,4.332899722065808,4.376069794136341,4.310178608693465,4.357892990112305,524300
2021-12-22 19:00:00-05:00,4.319267271444949,4.564654344956888,4.307906497958306,4.530572891235352,835600
2021-12-26 19:00:00-05:00,4.555566458365201,4.63054584195139,4.526029309290935,4.546478271484375,384300
2021-12-27 19:00:00-05:00,4.357892640660571,4.369252979751182,4.203389602160994,4.242015361785889,370200
2021-12-28 19:00:00-05:00,4.203390172943268,4.260192742847907,4.169308717674328,4.198845863342285,272000
2021-12-29 19:00:00-05:00,4.192029527318457,4.251103814356415,4.176124444872193,4.187485218048096,477300
2021-12-30 19:00:00-05:00,4.264737964571102,4.273826152347591,4.048887979420804,4.064792633056641,465800
2022-01-02 19:00:00-05:00,4.176124146074366,4.192029227382636,4.051158683664887,4.067063331604004,423300
2022-01-03 19:00:00-05:00,4.167036428804661,4.217022532699585,4.030710178745811,4.10341739654541,903600
2022-01-04 19:00:00-05:00,4.107962172243396,4.148860095239781,3.8603029126490656,3.8784797191619873,1357600
2022-01-05 19:00:00-05:00,3.79213901251996,3.858029756517392,3.767145747536897,3.830764770507813,1317500
2022-01-06 19:00:00-05:00,3.705799315597249,3.733064738188514,3.5876500900016794,3.70807147026062,1571100
2022-01-09 19:00:00-05:00,3.5217593339773323,3.7285206537542064,3.4967662812265328,3.692167043685913,1386500
2022-01-10 19:00:00-05:00,3.6649004548256,3.8216756192811863,3.651267963724399,3.796682357788086,1179400
2022-01-11 19:00:00-05:00,3.8875675966190304,3.901200090557747,3.8398532177797695,3.880751132965088,420800
2022-01-12 19:00:00-05:00,3.919376772388006,3.935281420386168,3.74669693215096,3.783050537109375,381600
2022-01-13 19:00:00-05:00,3.744424761146616,3.844397391025677,3.728520113218638,3.819404125213623,951100
2022-01-17 19:00:00-05:00,3.6694459290509256,3.7012556628875934,3.648996969216359,3.692167043685913,432700
2022-01-18 19:00:00-05:00,3.742152839448548,3.773962570652316,3.6737628491041816,3.680806398391724,724100
2022-01-19 19:00:00-05:00,3.758057992253748,3.855758042203176,3.758057992253748,3.7785065174102783,1053100
2022-01-20 19:00:00-05:00,3.41497005369504,3.453595814173009,3.3240860388554543,3.387704849243164,2060300
2022-01-23 19:00:00-05:00,2.971910188402206,3.326358289932239,2.9401006739429114,3.292276620864868,2417800
2022-01-24 19:00:00-05:00,3.2422910997845342,3.3263588851654964,3.1854885245256708,3.267284154891968,2022400
2022-01-25 19:00:00-05:00,3.403609827391652,3.4404180411493543,3.2491069871969844,3.276372194290161,813700
2022-01-26 19:00:00-05:00,3.2718279891942847,3.292276949337998,3.140046042362143,3.146862506866455,391600
2022-01-27 19:00:00-05:00,3.280916342237223,3.353623779058179,3.240018639252831,3.3422632217407227,568400
2022-01-30 19:00:00-05:00,3.3059096900740648,3.4308753901605016,3.2950035201211234,3.4058821201324463,228800
2022-01-31 19:00:00-05:00,3.451323840308064,3.474044953549705,3.380888779291248,3.410426139831543,353700
2022-02-01 19:00:00-05:00,3.394521249786732,3.394521249786732,3.277508102471505,3.3240861892700195,387900
2022-02-02 19:00:00-05:00,3.2241132083953485,3.283187922765502,3.2036644688222062,3.2082085609436035,880300
2022-02-03 19:00:00-05:00,3.339991165749816,3.621731868797724,3.321814360177991,3.596738815307617,2047500
2022-02-06 19:00:00-05:00,3.8057724940877176,3.946643069625973,3.787595687570128,3.9125611782073975,1056800
2022-02-07 19:00:00-05:00,3.8671192508395578,3.928466133323166,3.789867717349659,3.923921823501587,645800
2022-02-08 19:00:00-05:00,3.9034726695878152,3.973907734861263,3.873935090577868,3.971635580062866,896800
2022-02-09 19:00:00-05:00,3.855758159046742,4.057975595776873,3.855758159046742,3.910288572311402,2444200
2022-02-10 19:00:00-05:00,3.8671189230540777,3.896656067652235,3.7239762093920814,3.7557859420776367,2498400
2022-02-13 19:00:00-05:00,3.7807790549797953,3.7966837058063465,3.703527522362919,3.735337257385254,1415800
2022-02-14 19:00:00-05:00,3.921649345930623,3.9466426145237095,3.885295737087517,3.910288572311402,724500
2022-02-15 19:00:00-05:00,3.864846777942119,3.930737531456799,3.835309199901344,3.910288572311402,815200
2022-02-16 19:00:00-05:00,3.7330647627600233,3.742152948104138,3.6126431650238575,3.619459629058838,411100
2022-02-17 19:00:00-05:00,3.576289700964029,3.610371372457972,3.496766234180706,3.5376639366149902,531000
2022-02-21 19:00:00-05:00,3.3240862675898204,3.3899772370537025,3.3081816180696206,3.353623628616333,450000
2022-02-22 19:00:00-05:00,3.4467798679917103,3.4513239607879083,3.305909524355939,3.330902576446533,230800
2022-02-23 19:00:00-05:00,3.124141601310488,3.508126910057596,3.115053198046788,3.392249822616577,410400
2022-02-24 19:00:00-05:00,3.4695009558259917,3.50131025521297,3.4081540784060738,3.4558682441711426,637700
2022-02-27 19:00:00-05:00,3.4535959508107665,3.717160037642358,3.4535959508107665,3.712615728378296,880100
2022-02-28 19:00:00-05:00,3.937553344622103,3.948913682993888,3.8307646904722814,3.908016204833984,1025700
2022-03-01 19:00:00-05:00,3.8830237131195657,4.017077812756073,3.85121441265301,3.885295867919922,1026800
2022-03-02 19:00:00-05:00,3.883023024626141,3.889839487818592,3.6989828521213513,3.72170352935791,962800
2022-03-03 19:00:00-05:00,3.658085442449275,3.6717179373386015,3.4558682236577174,3.49222183227539,712500
2022-03-06 19:00:00-05:00,3.462684475152878,3.492221836360439,3.287732679304524,3.317270040512085,598100
2022-03-07 19:00:00-05:00,3.4263304338041425,3.483132994333633,3.3718000277001283,3.4013373851776123,550300
2022-03-08 19:00:00-05:00,3.735336892851885,3.773962655390816,3.696711130312954,3.70807147026062,389400
2022-03-09 19:00:00-05:00,3.460412193507337,3.50812635729477,3.435419142641384,3.501310110092163,198900
2022-03-10 19:00:00-05:00,3.4831329540866225,3.5035819103104866,3.3808883896518718,3.385432481765747,252800
2022-03-13 20:00:00-04:00,3.428602720983773,3.463138559513033,3.3945210533357058,3.4301931858062744,163800
2022-03-14 20:00:00-04:00,3.430875344534244,3.5240315254754853,3.403609920014486,3.514943122863769,165800
2022-03-15 20:00:00-04:00,3.571745417537044,3.6444528495006914,3.487677645699488,3.6217315196990967,528100
2022-03-16 20:00:00-04:00,3.626276166977082,3.642181034315207,3.599010958706231,3.614915609359741,195900
2022-03-17 20:00:00-04:00,3.5717457756914506,3.723976468775653,3.5717457756914506,3.719432592391968,208900
2022-03-20 20:00:00-04:00,3.658085595658503,3.676262400728627,3.5996925606166927,3.639908790588379,158200
2022-03-21 20:00:00-04:00,3.794411110753978,3.826220405084052,3.742152427165685,3.74442458152771,147600
2022-03-22 20:00:00-04:00,3.735335876846802,3.784186105399128,3.710342615717033,3.730791568756104,125300
2022-03-23 20:00:00-04:00,3.789867508056444,3.91937729723469,3.780778888915199,3.88756799697876,137300
2022-03-24 20:00:00-04:00,3.9716351466821385,3.998900567918514,3.896655779993568,3.933009386062622,104800
2022-03-27 20:00:00-04:00,4.192030128715742,4.267009508956661,4.189757973754594,4.248832702636719,209700
2022-03-28 20:00:00-04:00,4.230655799417361,4.255648636679064,4.176806638146924,4.219295024871826,128500
2022-03-29 20:00:00-04:00,4.173853101004759,4.223839207390907,4.142043366605187,4.157948017120361,77100
2022-03-30 20:00:00-04:00,4.1761253044468845,4.1761253044468845,4.021395138907101,4.021622657775879,141200
2022-03-31 20:00:00-04:00,4.007989182708814,4.130001251605556,4.003445306489613,4.096601486206055,110600
2022-04-03 20:00:00-04:00,4.067063980791373,4.094329405445665,3.9875402950330128,4.055703639984131,70500
2022-04-04 20:00:00-04:00,4.09887366307291,4.110234003735909,4.010261359098487,4.060247898101807,101000
2022-04-05 20:00:00-04:00,3.955731565765742,3.964820186420415,3.819405289530646,3.855758905410767,140300
2022-04-06 20:00:00-04:00,3.821676731109619,3.858030340201783,3.794411740975099,3.821676731109619,62200
2022-04-07 20:00:00-04:00,3.778505997322996,3.8784786215360088,3.7376085192700232,3.764873504638672,78300
2022-04-10 20:00:00-04:00,3.603554675028836,3.628547942511128,3.5033549530173174,3.519486904144287,109500
2022-04-11 20:00:00-04:00,3.567201251903397,3.567201251903397,3.4535961151123047,3.4535961151123047,80000
2022-04-12 20:00:00-04:00,3.5058544953576525,3.653541082495355,3.503582340679326,3.619459629058838,117700
2022-04-13 20:00:00-04:00,3.62854814625243,3.635364393819152,3.4944940495608123,3.505854606628418,92600
2022-04-17 20:00:00-04:00,3.4695009314541925,3.617187520473845,3.442235508336023,3.580833911895752,116500
2022-04-18 20:00:00-04:00,3.6171875053174034,3.671717917956054,3.605826948513201,3.65126895904541,81100
2022-04-19 20:00:00-04:00,3.708071050074204,3.708071050074204,3.6001463160088862,3.633091688156128,143700
2022-04-20 20:00:00-04:00,3.7785066257914575,3.785323089951949,3.626275943178722,3.630820035934448,199600
2022-04-21 20:00:00-04:00,3.564929265513584,3.574017668218678,3.451324123357599,3.473590850830078,107400
2022-04-24 20:00:00-04:00,3.4149703587498075,3.553568764616717,3.40360980170889,3.541072130203247,134600
2022-04-25 20:00:00-04:00,3.537663945565309,3.537663945565309,3.3399910304649048,3.362712144851685,246500
2022-04-26 20:00:00-04:00,3.4263306902871387,3.467910079299907,3.380888681798832,3.417242288589477,77800
2022-04-27 20:00:00-04:00,3.467228954981108,3.54675242366247,3.421786941922528,3.514943122863769,178800
2022-04-28 20:00:00-04:00,3.433147209418412,3.4649567262229826,3.346807278107097,3.362712144851685,121400
2022-05-01 20:00:00-04:00,3.4036095708089587,3.435419085028659,3.339990759054147,3.3831608295440674,240800
2022-05-02 20:00:00-04:00,3.3627119874518665,3.376344482098148,3.2900045548281804,3.3036372661590576,127500
2022-05-03 20:00:00-04:00,3.430875258499112,3.5172149728029907,3.3945214322792725,3.50358247756958,253300
2022-05-04 20:00:00-04:00,3.4604124823138878,3.4604124823138878,3.119824362310458,3.183216094970703,384500
2022-05-05 20:00:00-04:00,3.1559503078460693,3.187759602730043,3.099147747913751,3.1559503078460693,114000
2022-05-08 20:00:00-04:00,2.8742097286251136,2.9310122941448555,2.667448424802787,2.710618495941162,442200
2022-05-09 20:00:00-04:00,2.8196795163863224,2.837856321298489,2.706074377342976,2.749244451522827,197900
2022-05-10 20:00:00-04:00,2.617462110004253,2.7992301315174037,2.556115240230134,2.5674757957458496,1101400
2022-05-11 20:00:00-04:00,2.501585384173653,2.617462685896978,2.4334222527667198,2.50840163230896,1154000
2022-05-12 20:00:00-04:00,2.681081395044217,2.721979098826419,2.587925213256129,2.637911319732666,190200
2022-05-15 20:00:00-04:00,2.617462076141712,2.626550477099792,2.5515708983399232,2.5879247188568115,73800
2022-05-16 20:00:00-04:00,2.681081395044217,2.6944868052697077,2.587925213256129,2.637911319732666,262900
2022-05-17 20:00:00-04:00,2.587925044338285,2.592469137046546,2.5220340749340067,2.562931776046753,152800
2022-05-18 20:00:00-04:00,2.601557360646128,2.678808881547473,2.5765643107540512,2.628822565078736,236800
2022-05-19 20:00:00-04:00,2.660632428365017,2.6651765213588696,2.517489923762564,2.5697484016418457,203100
2022-05-22 20:00:00-04:00,2.667448714989178,2.678809272665937,2.547027323658609,2.549299478530884,71700
2022-05-23 20:00:00-04:00,2.5652042049260784,2.599285662276944,2.510673786490845,2.5788369178771973,682200
2022-05-24 20:00:00-04:00,2.5856534173331407,2.6333675922728905,2.5856534173331407,2.5947418212890625,112100
2022-05-25 20:00:00-04:00,2.4720480440920274,2.6061021532719555,2.4720480440920274,2.57656478881836,98900
2022-05-26 20:00:00-04:00,2.5515717213043074,2.5720206842265805,2.472048241443362,2.526578664779663,163900
2022-05-30 20:00:00-04:00,2.8015023341903595,2.842400248077236,2.7424276178392213,2.7765092849731445,268200
2022-05-31 20:00:00-04:00,2.794686334647253,2.796958489327418,2.622006479277433,2.635639190673828,213400
2022-06-01 20:00:00-04:00,2.617461835380696,2.667447927709995,2.6045108164526733,2.65835952758789,238000
2022-06-02 20:00:00-04:00,2.5901966094970703,2.603829319028653,2.5606594694336806,2.5901966094970703,110100
2022-06-05 20:00:00-04:00,2.7606046199798584,2.783325733045907,2.724932702151831,2.7606046199798584,110100
2022-06-06 20:00:00-04:00,2.5924692730582097,2.749244488383374,2.576564622717973,2.728795528411865,132700
2022-06-07 20:00:00-04:00,2.658360013942633,2.699257930316772,2.6220064068032163,2.640183210372925,122600
2022-06-08 20:00:00-04:00,2.6401831210968005,2.665176170988877,2.624278472682259,2.628822565078736,66600
2022-06-09 20:00:00-04:00,2.578836752787259,2.597013557768709,2.526578275952137,2.5379388332366943,87700
2022-06-12 20:00:00-04:00,2.047164715741098,2.117599782606195,1.9744572773416464,2.0267157554626465,501200
2022-06-13 20:00:00-04:00,1.96991287385328,1.9880896764171847,1.9265157198121556,1.9410572052001955,139700
2022-06-14 20:00:00-04:00,1.8722125194868864,1.9562802909910144,1.7722400988746945,1.890389323234558,659600
2022-06-15 20:00:00-04:00,1.8563080522192976,1.874484857747535,1.815410131438457,1.824498534202576,446400
2022-06-16 20:00:00-04:00,1.804049451865502,1.8279065331615063,1.781328447855567,1.793143391609192,138800
2022-06-20 20:00:00-04:00,1.851763569557026,1.897205795818342,1.8267705184609773,1.829042673110962,448500
2022-06-21 20:00:00-04:00,1.8017772024575152,1.8267703597240847,1.7381583945782495,1.760879397392273,697300
2022-06-22 20:00:00-04:00,1.804049513672616,1.8335867657263367,1.7715584172369967,1.829042673110962,123000
2022-06-23 20:00:00-04:00,1.8563076725685568,1.872212319981804,1.8231349984297451,1.860851764678955,303500
2022-06-26 20:00:00-04:00,1.8540358973571147,1.858580207081481,1.788144923146101,1.824498534202576,371300
2022-06-27 20:00:00-04:00,1.8358591925969927,1.8472197508468624,1.7631519664932314,1.7654240131378174,266200
2022-06-28 20:00:00-04:00,1.7563351925859156,1.7699677942413914,1.7358862359315583,1.7661051750183103,285800
2022-06-29 20:00:00-04:00,1.6790839285718555,1.6790839285718555,1.6347779935825129,1.645002365112305,356600
2022-06-30 20:00:00-04:00,1.6813559484947211,1.7131653546123484,1.6745395930126536,1.6904443502426147,314400
2022-07-04 20:00:00-04:00,1.6904444482628878,1.791553058998845,1.6859002471254458,1.788144826889038,237500
2022-07-05 20:00:00-04:00,1.7631518418501415,1.788144894885311,1.751791284403388,1.7745122909545898,208300
2022-07-06 20:00:00-04:00,1.78360022006858,1.913110085541877,1.7813281741877902,1.9099291563034055,287000
2022-07-07 20:00:00-04:00,1.87221255643352,1.9335594328059875,1.854035752327144,1.9062942266464236,198100
2022-07-10 20:00:00-04:00,1.7949611570201378,1.810865806601904,1.7722401516588295,1.790416955947876,190600
2022-07-11 20:00:00-04:00,1.735886358982082,1.7472469153380965,1.6813559484947211,1.6904443502426147,194800
2022-07-12 20:00:00-04:00,1.6631790158582664,1.7472467796698288,1.6518184603843638,1.7177094221115112,804100
2022-07-13 20:00:00-04:00,1.719982026854022,1.8244986662030505,1.7154378251431948,1.8063218593597408,251800
2022-07-14 20:00:00-04:00,1.8313148638721688,1.8563079154610491,1.8063215955986909,1.851763606071472,331400
2022-07-17 20:00:00-04:00,1.9449199511621649,1.990361960531343,1.8724398216246845,1.890389323234558,574300
2022-07-18 20:00:00-04:00,1.9517363189410168,2.0721577053780447,1.931287359290754,2.0494368076324463,642400
2022-07-19 20:00:00-04:00,2.09033463993823,2.122144158777141,2.056253182863026,2.074429988861084,527600
2022-07-20 20:00:00-04:00,1.9858177632301413,2.035804084697206,1.95832547060517,2.031259775161743,669200
2022-07-21 20:00:00-04:00,2.063069547129507,2.0789741991023742,1.9721855120207925,1.979001760482788,206500
2022-07-24 20:00:00-04:00,1.922198631756301,1.924470786151956,1.8903891202708432,1.9153823852539065,321300
2022-07-25 20:00:00-04:00,1.8313147339099172,1.8449472277420005,1.81313782266846,1.8267704248428345,285700
2022-07-26 20:00:00-04:00,1.867668775493415,2.022171636186644,1.8619883878341503,1.9949064254760744,341900
2022-07-27 20:00:00-04:00,2.024443517422272,2.103967200418463,1.9949061556432468,2.0857903957366943,195900
2022-07-28 20:00:00-04:00,2.0676134934086834,2.126687997492245,2.053980782198881,2.092606544494629,464600
2022-07-31 20:00:00-04:00,2.022171242916658,2.058525066811993,1.9994503467522389,2.006266593933105,390400
2022-08-01 20:00:00-04:00,1.9949060375086003,2.049436665009307,1.9812735431468669,2.006266593933105,259900
2022-08-02 20:00:00-04:00,2.033532104454744,2.059661236472339,2.031259949492008,2.053981065750122,110100
2022-08-03 20:00:00-04:00,2.003994733854955,2.0221715401319225,1.95628056320676,1.9585527181625368,154700
2022-08-04 20:00:00-04:00,2.010810736866431,2.04262003220265,1.9849086963630185,2.0017223358154297,127700
2022-08-07 20:00:00-04:00,2.103966886838994,2.11987153439393,2.0812457760308813,2.090334177017212,313100
2022-08-08 20:00:00-04:00,2.0312596188671903,2.0358039280529927,1.9949060121191244,2.008538722991944,297300
2022-08-09 20:00:00-04:00,2.113055666286864,2.113055666286864,2.0551170183651157,2.0630693435668945,126300
2022-08-10 20:00:00-04:00,2.1528174748944093,2.1766744501220154,2.1039672303602366,2.1175997257232666,101900
2022-08-11 20:00:00-04:00,2.081245953104771,2.1198717147541277,2.0698853967341506,2.113055467605591,110100
2022-08-14 20:00:00-04:00,2.1085111679121464,2.1198717243341068,2.0926065189321563,2.094878673553467,111900
2022-08-15 20:00:00-04:00,2.090334177017212,2.09828650079468,2.06306897405822,2.090334177017212,126800
2022-08-16 20:00:00-04:00,2.060797211470324,2.063069366320066,2.0244436006129045,2.0267157554626465,220500
2022-08-17 20:00:00-04:00,2.049436744856884,2.049436744856884,2.026715631122642,2.035804033279419,151100
2022-08-18 20:00:00-04:00,1.8722125649553731,1.879483416641777,1.8369950339245429,1.851763606071472,307300
2022-08-21 20:00:00-04:00,1.8426751676416817,1.869940373387715,1.8233622864860008,1.829042673110962,198600
2022-08-22 20:00:00-04:00,1.8653963750757607,1.8881174893550643,1.8608520655460588,1.8744847774505613,449600
2022-08-23 20:00:00-04:00,1.8676686369195008,1.906294403398081,1.8631243271292597,1.892661690711975,264000
2022-08-24 20:00:00-04:00,1.8790288691823,1.894933517323544,1.8631240043564763,1.8813008069992063,222800
2022-08-25 20:00:00-04:00,1.8994777871401056,1.8994777871401056,1.776784357836495,1.781328558921814,744100
2022-08-28 20:00:00-04:00,1.7336142592563764,1.7722400196649593,1.7313421047183224,1.7472468614578247,227900
2022-08-29 20:00:00-04:00,1.7699680225378438,1.7790564248137473,1.6927164948503644,1.7267980575561523,229100
2022-08-30 20:00:00-04:00,1.7631516951878776,1.7767842979846131,1.72338985577401,1.7520183324813845,204300
2022-08-31 20:00:00-04:00,1.7313421181310429,1.740430519669083,1.690444311209862,1.719981670379639,360000
2022-09-01 20:00:00-04:00,1.7676959434597457,1.781328546621568,1.7097572987652765,1.7277069091796875,371300
2022-09-05 20:00:00-04:00,1.72225387883045,1.7267980800275369,1.6245534989219317,1.6290977001190186,317800
2022-09-06 20:00:00-04:00,1.6359138500927308,1.669995411207641,1.6336418038009617,1.6540907621383667,302800
2022-09-07 20:00:00-04:00,1.6631793492122569,1.6859003563717874,1.6563629928932435,1.6836282014846802,169700
2022-09-08 20:00:00-04:00,1.8313143404359584,1.8767563379202612,1.8313143404359584,1.865395784378052,230600
2022-09-11 20:00:00-04:00,1.95400869203891,1.965369033838677,1.9267432650025045,1.963097095489502,164300
2022-09-12 20:00:00-04:00,1.865396464061776,1.8767570217433664,1.7517913206151017,1.7722402811050415,466100
2022-09-13 20:00:00-04:00,1.7767843095270206,1.7767843095270206,1.713165387720008,1.7404305934906006,226600
2022-09-14 20:00:00-04:00,1.744974899089613,1.7608796575806678,1.7040770879812914,1.724526047706604,164000
2022-09-15 20:00:00-04:00,1.722253721134941,1.7245258756965889,1.685900114886908,1.7108932733535769,214800
2022-09-18 20:00:00-04:00,1.6359139064613568,1.7040770310398716,1.6359139064613568,1.7018048763275146,100700
2022-09-19 20:00:00-04:00,1.6450023341437916,1.683628098114634,1.6336418854326802,1.6563628911972046,79400
2022-09-20 20:00:00-04:00,1.6836280156464734,1.7358863805162896,1.631369650776657,1.660679817199707,431700
2022-09-21 20:00:00-04:00,1.6654513957570558,1.7018050072123043,1.640458233710418,1.6836282014846802,344900
2022-09-22 20:00:00-04:00,1.658635056636114,1.658635056636114,1.6177371376540468,1.6381860971450806,87900
2022-09-25 20:00:00-04:00,1.665451507205759,1.6813562674528997,1.658635258772924,1.6756759881973269,63500
2022-09-26 20:00:00-04:00,1.7563352331169275,1.7786018488374051,1.6450021545145406,1.6647695302963257,402800
2022-09-27 20:00:00-04:00,1.6688595072325811,1.7154377069882685,1.665451383269782,1.709530234336853,27400
2022-09-28 20:00:00-04:00,1.683627964840676,1.7020320701440503,1.6472743584951446,1.6979422569274902,611900
2022-09-29 20:00:00-04:00,1.6813560256278,1.7665598771797937,1.679083870915443,1.7018048763275146,135200
2022-10-02 20:00:00-04:00,1.6790837846061923,1.722253746841231,1.6665872593574818,1.7086211442947388,294300
2022-10-03 20:00:00-04:00,1.751791258998411,1.7790564664644457,1.7438389339063938,1.7767844200134275,171100
2022-10-04 20:00:00-04:00,1.744975051624978,1.782237548340081,1.7313424467305225,1.7654240131378174,294800
2022-10-05 20:00:00-04:00,1.7608796411685987,1.781328600703319,1.7404306816338782,1.75179123878479,165700
2022-10-06 20:00:00-04:00,1.7131654959613514,1.7177096972102288,1.6881723349213735,1.6972607374191284,336800
2022-10-09 20:00:00-04:00,1.6927164060675828,1.6949885606885349,1.6654512006699296,1.6722675561904907,75800
2022-10-10 20:00:00-04:00,1.6654513557788797,1.6756758358408128,1.6450023956550133,1.6556813716888428,118400
2022-10-11 20:00:00-04:00,1.6654512006699296,1.6745396024691477,1.662043077080797,1.6722675561904907,210800
2022-10-12 20:00:00-04:00,1.590471988246028,1.7086213316106122,1.5881998334013696,1.69498872756958,550100
2022-10-13 20:00:00-04:00,1.726798052349349,1.7290702070826245,1.6722676388583542,1.6745396852493286,520100
2022-10-16 20:00:00-04:00,1.713165345143569,1.722253746841231,1.7018047888503456,1.7086211442947388,114600
2022-10-17 20:00:00-04:00,1.7245260644942506,1.7245260644942506,1.6688594634048166,1.6790839433670044,84800
2022-10-18 20:00:00-04:00,1.6745397164413478,1.6893083974558336,1.6688594378446528,1.6813560724258425,65500
2022-10-19 20:00:00-04:00,1.6756756351002853,1.6927163609338796,1.6595436844170044,1.666587233543396,66100
2022-10-20 20:00:00-04:00,1.6586348437188234,1.6836278928414183,1.651818488649387,1.6802197694778442,348100
2022-10-23 20:00:00-04:00,1.6927163473505142,1.6995327026346292,1.6763572030109306,1.693852424621582,78200
2022-10-24 20:00:00-04:00,1.69953289051736,1.7881448689531234,1.6972607357240388,1.7767844200134275,282700
2022-10-25 20:00:00-04:00,1.7949614564609997,1.8426755215084007,1.7858730528003215,1.8210906982421875,133100
2022-10-26 20:00:00-04:00,1.817682115453108,1.8199542701017268,1.7926889560297847,1.8108657598495483,78100
2022-10-27 20:00:00-04:00,1.7813288041213484,1.816546340294681,1.7797383389396746,1.8063218593597408,150100
2022-10-30 20:00:00-04:00,1.810865811805237,1.8131379665190464,1.773376125765781,1.781328558921814,203900
2022-10-31 20:00:00-04:00,1.7949611570201378,1.7972332033851188,1.7790563990960722,1.790416955947876,47600
2022-11-01 20:00:00-04:00,1.7858729113639342,1.823362492238418,1.758607594198923,1.7699681520462036,559100
2022-11-02 20:00:00-04:00,1.7631518418501415,1.7790564922648302,1.7608796870238688,1.7745122909545898,55500
2022-11-03 20:00:00-04:00,1.8290426838870115,1.8653962917625715,1.810865771606934,1.85403573513031,74000
2022-11-06 19:00:00-05:00,1.8154099412712243,1.8279065750195744,1.806321539459131,1.8222264051437376,221400
2022-11-07 19:00:00-05:00,1.7131654716893645,1.8063216501426749,1.4745946386475912,1.5768393278121948,1877300
2022-11-08 19:00:00-05:00,1.5154926068084933,1.5427578147998702,1.3609895448394127,1.3632616996765137,1777100
2022-11-09 19:00:00-05:00,1.45869000376169,1.5666148642665607,1.4177920843358798,1.5495741367340088,2125500
2022-11-10 19:00:00-05:00,1.3837103805654876,1.4473291863717836,1.3837103805654876,1.3927987813949585,564800
2022-11-13 19:00:00-05:00,1.4155200834421386,1.4268806410576205,1.3859827203157318,1.3973432779312134,308100
2022-11-14 19:00:00-05:00,1.463234368211779,1.4768669734269495,1.4336970027410842,1.458690166473389,347500
2022-11-15 19:00:00-05:00,1.4177921128538895,1.4268806238420044,1.4018874623948767,1.4246084690093994,358500
2022-11-16 19:00:00-05:00,1.417791842618892,1.4541455546153172,1.417791842618892,1.4450571537017822,244600
2022-11-17 19:00:00-05:00,1.4541458905429585,1.4541458905429585,1.4336969295923716,1.4461934566497805,147800
2022-11-20 19:00:00-05:00,1.4109758034388884,1.420064205687907,1.3564452816024763,1.3678058385849,423400
2022-11-21 19:00:00-05:00,1.3996153444557489,1.4177921502265027,1.3927990964628705,1.4041595458984375,101400
2022-11-22 19:00:00-05:00,1.4246082748613893,1.4586898343096342,1.420064074157776,1.456417679786682,101100
2022-11-24 19:00:00-05:00,1.447329453354691,1.4609620571136477,1.44505740689935,1.4609620571136477,42300
2022-11-27 19:00:00-05:00,1.4223362417615346,1.4371048129273818,1.4030233615079908,1.429152488708496,75500
2022-11-28 19:00:00-05:00,1.4450575612582175,1.458690166473389,1.4382412044794746,1.458690166473389,115600
2022-11-29 19:00:00-05:00,1.490499448059572,1.53366941496332,1.4836832002203153,1.5291252136230469,305700
2022-11-30 19:00:00-05:00,1.5132203150264203,1.5313971187090218,1.5018598668959424,1.5041319131851196,71900
2022-12-01 19:00:00-05:00,1.5064040943853034,1.522308743716945,1.5064040943853034,1.520036697387695,51000
2022-12-04 19:00:00-05:00,1.535941388890352,1.5404855896953766,1.5041318749128882,1.5075401067733765,103400
2022-12-05 19:00:00-05:00,1.5177646049016489,1.5223088060886298,1.5075402334876675,1.515492558479309,52300
2022-12-06 19:00:00-05:00,1.5064041668660686,1.508676213304638,1.4950436096463124,1.497315764427185,74200
2022-12-07 19:00:00-05:00,1.501860116452498,1.5484382107143864,1.501860116452498,1.5382137298583984,53000
2022-12-08 19:00:00-05:00,1.5291253588305544,1.5404859174312022,1.5268532037734983,1.5268532037734983,84600
2022-12-11 19:00:00-05:00,1.5245807132151237,1.533669114112854,1.518900435568471,1.533669114112854,41200
2022-12-12 19:00:00-05:00,1.608648566480654,1.608648566480654,1.5791112077248313,1.5906989574432373,102300
2022-12-13 19:00:00-05:00,1.610920759676661,1.6472743661920553,1.5847915237370014,1.5950160026550293,191800
2022-12-14 19:00:00-05:00,1.5700230210880972,1.5722951759227333,1.5495741692879,1.5591169595718384,57800
2022-12-15 19:00:00-05:00,1.522308874635906,1.5268530760275056,1.4970886273350272,1.5018600225448608,48700
2022-12-18 19:00:00-05:00,1.492771505566288,1.4973157066102614,1.4720953528964045,1.4745945930480957,147600
2022-12-19 19:00:00-05:00,1.497315841053254,1.5211729257618003,1.4959525697834246,1.508676290512085,53400
2022-12-20 19:00:00-05:00,1.5064040103595793,1.5109482111069057,1.4950434543201176,1.4995876550674438,86400
2022-12-21 19:00:00-05:00,1.4950434543201176,1.50413185581477,1.4777755348171948,1.4995876550674438,55100
2022-12-22 19:00:00-05:00,1.4995877122644692,1.510948268737243,1.4995877122644692,1.5041319131851196,44800
2022-12-26 19:00:00-05:00,1.501859984101948,1.5064041853772303,1.4814110241920249,1.487091302871704,114700
2022-12-27 19:00:00-05:00,1.4882276690684062,1.4995881202899686,1.4773214972175297,1.483683466911316,39700
2022-12-28 19:00:00-05:00,1.483683466911316,1.4904997159757885,1.483683466911316,1.483683466911316,53300
2022-12-29 19:00:00-05:00,1.4768668607199087,1.5018600225448608,1.4586900551535096,1.5018600225448608,172600
2023-01-02 19:00:00-05:00,1.5177645847346075,1.5177645847346075,1.4984517028609785,1.5048136711120603,45900
2023-01-03 19:00:00-05:00,1.5200365973005538,1.5404855546288243,1.5177644427786168,1.5202637910842896,45900
2023-01-04 19:00:00-05:00,1.522308688058286,1.5309427021468134,1.5154924409774548,1.5259441137313845,43200
2023-01-05 19:00:00-05:00,1.51549233739099,1.5473017410593286,1.5120842140835256,1.531396985054016,59900
2023-01-08 19:00:00-05:00,1.563206698335338,1.5791113480461672,1.5586624972262009,1.5609345436096191,95400
2023-01-09 19:00:00-05:00,1.5700230105266828,1.5881998157122754,1.5654788092302845,1.5877454280853271,46500
2023-01-10 19:00:00-05:00,1.5791112456333976,1.5961520799442088,1.5711589212937285,1.5950160026550293,36100
2023-01-11 19:00:00-05:00,1.651818452741071,1.7381583705848167,1.6313694963195824,1.7358862161636353,330000
2023-01-12 19:00:00-05:00,1.7245261121900537,1.774512327635975,1.7222539573168123,1.7722402811050415,96400
2023-01-16 19:00:00-05:00,1.9358316734253973,1.9494641687680512,1.9156097991945769,1.94378399848938,243200
2023-01-17 19:00:00-05:00,1.954008525371353,1.960824773206746,1.8563080340974016,1.8881175518035889,425300
2023-01-18 19:00:00-05:00,1.8881173834081957,1.925607068186185,1.8881173834081957,1.9203810691833496,40100
2023-01-19 19:00:00-05:00,1.917200068919953,2.0335317385260563,1.9153825186245268,2.0289876461029053,249100
2023-01-22 19:00:00-05:00,2.0721575860222217,2.1039671010553653,2.053980782198881,2.092606544494629,83500
2023-01-23 19:00:00-05:00,2.078974032757183,2.093742822708547,2.067613691791044,2.088289737701416,102000
2023-01-24 19:00:00-05:00,2.0494370717573576,2.0812463760375977,2.038303598574639,2.0812463760375977,34200
2023-01-25 19:00:00-05:00,2.1016949207328066,2.103967075354117,2.0767018699521667,2.094878673553467,63200
2023-01-26 19:00:00-05:00,2.0767018953203538,2.1221439048787065,2.074429740671288,2.092606544494629,196700
2023-01-29 19:00:00-05:00,2.094878819808249,2.1039672222434094,2.044892498072563,2.0494368076324463,62600
2023-01-30 19:00:00-05:00,2.0880625595010462,2.099423117826232,2.0869266986846924,2.0869266986846924,29400
2023-01-31 19:00:00-05:00,2.0835185391822906,2.1357768059506483,2.058525483338898,2.133504867553711,142700
2023-02-01 19:00:00-05:00,2.165314058566908,2.1812189266203954,2.135776694107144,2.158497810363769,73800
2023-02-02 19:00:00-05:00,2.106239271506398,2.140320724759708,2.106239271506398,2.108511209487915,98100
2023-02-05 19:00:00-05:00,2.058525312148228,2.0846544433594607,2.05170884747038,2.076702117919922,35600
2023-02-06 19:00:00-05:00,2.0721575860222217,2.097150637108167,2.056252936847947,2.092606544494629,31700
2023-02-07 19:00:00-05:00,2.076701915057133,2.082154782908284,2.047164554392335,2.056252956390381,86500
2023-02-08 19:00:00-05:00,2.0517090155456263,2.058525480781877,1.9699133828723343,1.9767296314239504,246000
2023-02-09 19:00:00-05:00,1.963097054061264,1.9721854573200583,1.9408303252322103,1.9562805891036987,84700
2023-02-12 19:00:00-05:00,1.938103500530223,1.9540083664319172,1.932423330576857,1.9517362117767332,22200
2023-02-13 19:00:00-05:00,1.944919935936123,2.008538748554925,1.944919935936123,2.006266593933105,123300
2023-02-14 19:00:00-05:00,2.0448924028654383,2.181218649730306,2.041938775136716,2.1789464950561523,182800
2023-02-15 19:00:00-05:00,2.2016671349714296,2.2734655674981603,2.1880346418856087,2.2152998447418213,171100
2023-02-16 19:00:00-05:00,2.165313729914231,2.246654958404146,2.1380485245553844,2.2357490062713623,276500
2023-02-20 19:00:00-05:00,2.2175725776767687,2.2266609809998443,2.18576305770369,2.200758934020996,67100
2023-02-21 19:00:00-05:00,2.15849710141729,2.15849710141729,2.1235066632135817,2.140320301055908,27000
2023-02-22 19:00:00-05:00,2.1653137557076554,2.1653137557076554,2.134640534741439,2.152590036392212,31900
2023-02-23 19:00:00-05:00,2.1312325123771187,2.141229690438944,2.049436887281769,2.080564498901367,354800
2023-02-26 19:00:00-05:00,2.1312326377998274,2.138957661448022,2.0698857528546,2.0869266986846924,42200
2023-02-27 19:00:00-05:00,2.101695097114327,2.1153278093017023,2.0812461371755693,2.085108757019043,96400
2023-02-28 19:00:00-05:00,2.122143878955417,2.128960126134757,2.0926065189321563,2.094878673553467,153200
2023-03-01 19:00:00-05:00,2.085790660199385,2.108511560590135,2.077838334228391,2.1005592346191406,122700
2023-03-02 19:00:00-05:00,1.999450502137208,2.0051306724485927,1.985817790031433,1.985817790031433,169700
2023-03-05 19:00:00-05:00,2.00172245961173,2.017627108263461,1.992634057998657,1.9926340579986568,132300
2023-03-06 19:00:00-05:00,1.9926340369924551,2.0062665309260583,1.9562802142388165,1.966504693031311,210000
2023-03-07 19:00:00-05:00,1.9630968773786832,1.981273682260324,1.9517363201565057,1.969913125038147,118900
2023-03-08 19:00:00-05:00,1.9358316347116515,1.940375727506792,1.7790564246141545,1.788144826889038,725300
2023-03-09 19:00:00-05:00,1.779056417027304,1.8063216237356816,1.7517912103189264,1.780192494392395,234800
2023-03-12 20:00:00-04:00,2.003994485469059,2.192578989731881,1.9878625339779223,2.1789464950561523,912600
2023-03-13 20:00:00-04:00,2.3243611588662283,2.3402660264855943,2.1721304641666,2.2493817806243896,1131100
2023-03-14 20:00:00-04:00,2.247110149540995,2.251654243278597,2.1403212381492507,2.179401397705078,789100
2023-03-15 20:00:00-04:00,2.208483628453582,2.2539256338364595,2.2039393195730077,2.2377936840057373,646700
2023-03-16 20:00:00-04:00,2.385708031425221,2.416381472404996,2.342538171912091,2.4007039070129395,1339000
2023-03-19 20:00:00-04:00,2.5243060541019737,2.5265782088354487,2.467503485872711,2.490224599838257,551400
2023-03-20 20:00:00-04:00,2.5174898113549324,2.5561155751587665,2.490224604555391,2.524306058883667,344400
2023-03-21 20:00:00-04:00,2.544755256549143,2.5901972721387554,2.381163783741916,2.3857080936431885,1044800
2023-03-22 20:00:00-04:00,2.449326830996943,2.578836841816611,2.4425105830647333,2.549299478530884,1452100
2023-03-23 20:00:00-04:00,2.4970408731225056,2.5311225444225327,2.4652315732640044,2.487952470779419,814700
2023-03-26 20:00:00-04:00,2.485680461921241,2.4879526168115293,2.367531224526265,2.4084291458129883,1223000
2023-03-27 20:00:00-04:00,2.403884715788886,2.456143192228439,2.3902522204982937,2.451598882675171,577100
2023-03-28 20:00:00-04:00,2.535666890745965,2.553843697249299,2.5129459909591105,2.5402112007141118,320000
2023-03-29 20:00:00-04:00,2.553843262340433,2.5561154169375677,2.4720476470048824,2.501585006713867,678400
2023-03-30 20:00:00-04:00,2.5265784401332443,2.562932052458459,2.524306285191763,2.54248309135437,684300
2023-04-02 20:00:00-04:00,2.515217500927498,2.528850211825717,2.485680141218513,2.501585006713867,324900
2023-04-03 20:00:00-04:00,2.5152171379660007,2.5197614465044977,2.48567978251944,2.5106730461120605,268900
2023-04-04 20:00:00-04:00,2.537938247289373,2.537938247289373,2.4697751360038143,2.5106730461120605,476100
2023-04-05 20:00:00-04:00,2.478864042855484,2.5061292496033776,2.462959393090363,2.490224599838257,476300
2023-04-09 20:00:00-04:00,2.5106734738034406,2.624278606403736,2.501585071862801,2.601557493209839,496900
2023-04-10 20:00:00-04:00,2.687897278041738,2.7197067914964306,2.671992629656683,2.6833531856536865,761300
2023-04-11 20:00:00-04:00,2.687897705712654,2.6947139537215548,2.6356394431700525,2.6515440940856934,520800
2023-04-12 20:00:00-04:00,2.6992582283220408,2.7333396846067792,2.6901698255338027,2.706074476242065,258800
2023-04-13 20:00:00-04:00,2.7310678205779024,2.7397016192792334,2.6629046894730264,2.7015304565429688,762900
2023-04-16 20:00:00-04:00,2.606101627812921,2.62655058497964,2.594741071977569,2.615190029144287,421200
2023-04-17 20:00:00-04:00,2.6924419919458518,2.7049384104053726,2.660632473708328,2.6878976821899414,133100
2023-04-18 20:00:00-04:00,2.5970139764492037,2.619280490301587,2.5856534173331407,2.5947418212890625,246700
2023-04-19 20:00:00-04:00,2.5492993228009944,2.560659879783767,2.4811361975889588,2.490224599838257,344200
2023-04-20 20:00:00-04:00,2.49704059552178,2.5084011513588145,2.4107006745187287,2.4197890758514404,353400
2023-04-23 20:00:00-04:00,2.428877804753453,2.4561432291133047,2.392524194519796,2.431149959564209,206300
2023-04-24 20:00:00-04:00,2.428877840904096,2.4629595135188667,2.412973190361303,2.447054862976074,341100
2023-04-25 20:00:00-04:00,2.64018338390734,2.651543941056264,2.45614318149627,2.469775676727295,488800
2023-04-26 20:00:00-04:00,2.560659819705148,2.646999530705461,2.5563428124866725,2.635639190673828,186100
2023-04-27 20:00:00-04:00,2.5992859149247023,2.601558070084843,2.556116050305234,2.5947418212890625,311700
2023-04-30 20:00:00-04:00,2.5220343825677256,2.5265784758302683,2.4515990951790045,2.453871250152588,302300
2023-05-01 20:00:00-04:00,2.472047653660347,2.5538432692161144,2.4606870973286763,2.5356664657592773,347500
2023-05-02 20:00:00-04:00,2.4924966304785645,2.537938639462647,2.4811360740613964,2.4993128776550293,334700
2023-05-03 20:00:00-04:00,2.5492991673062204,2.5606597235960558,2.531122363916321,2.5538432598114014,308600
2023-05-04 20:00:00-04:00,2.562931954423989,2.628822928414206,2.5606600162540327,2.619734525680542,443100
2023-05-07 20:00:00-04:00,2.462959001439728,2.476591494303585,2.4038842878708326,2.4129726886749268,279500
2023-05-08 20:00:00-04:00,2.4402380244930373,2.4447823334858017,2.4107006660938066,2.441828489303589,306500
2023-05-09 20:00:00-04:00,2.483408257758521,2.4993129069180204,2.3516263218194293,2.444782495498657,1238600
2023-05-10 20:00:00-04:00,2.4107011868533568,2.4220617451047954,2.353898612280788,2.3652591705322266,751800
2023-05-11 20:00:00-04:00,2.3289053440093994,2.342538055998486,2.2743749294222653,2.3289053440093994,306000
2023-05-14 20:00:00-04:00,2.4152449835273746,2.4402380330211866,2.399340335366274,2.4197890758514404,188900
2023-05-15 20:00:00-04:00,2.38343563750454,2.392524039473986,2.3698031428926667,2.372075080871582,234500
2023-05-16 20:00:00-04:00,2.3538986475240047,2.4197896263473377,2.337993995744637,2.415245532989502,290800
2023-05-17 20:00:00-04:00,2.397068332810276,2.415245136627913,2.322088962891375,2.356170415878296,398600
2023-05-18 20:00:00-04:00,2.369803480506653,2.3947965353121177,2.3470823640037746,2.3652591705322266,502000
2023-05-21 20:00:00-04:00,2.358442658923026,2.3902521751384347,2.358442658923026,2.3675310611724854,172800
2023-05-22 20:00:00-04:00,2.4016123801734217,2.410700781911005,2.3857077313037984,2.394796133041382,200900
2023-05-23 20:00:00-04:00,2.3493538555432085,2.3493538555432085,2.2902791426658804,2.3084559440612797,282100
2023-05-24 20:00:00-04:00,2.31981696722297,2.3357216174822195,2.2970958525515206,2.326633214950561,195900
2023-05-25 20:00:00-04:00,2.3243609008551345,2.37207506504758,2.3243609008551345,2.356170415878296,212500
2023-05-29 20:00:00-04:00,2.469775827695035,2.469775827695035,2.426605967911845,2.458415269851685,130900
2023-05-30 20:00:00-04:00,2.390252101495071,2.397068348801007,2.356170431596199,2.372075080871582,243700
2023-05-31 20:00:00-04:00,2.362986398621994,2.387979663586901,2.340492590164319,2.3584423065185547,144800
2023-06-01 20:00:00-04:00,2.376619940028096,2.4016129970550537,2.356170976694837,2.4016129970550537,293600
2023-06-04 20:00:00-04:00,2.347082101986297,2.355716116626144,2.224388563273877,2.244837522506714,827900
2023-06-05 20:00:00-04:00,2.238021113193976,2.397068249406713,2.233476804055384,2.39047908782959,788900
2023-06-06 20:00:00-04:00,2.353898370553225,2.3652589276380205,2.308456358898646,2.3311774730682373,133400
2023-06-07 20:00:00-04:00,2.31981708015242,2.36071500187811,2.310728677178336,2.335721731185913,217100
2023-06-08 20:00:00-04:00,2.3493541624882046,2.3516263171306293,2.317544647548036,2.3220889568328857,128300
2023-06-11 20:00:00-04:00,2.2721026455576547,2.2789188928226416,2.2516536870781008,2.2675583362579346,159900
2023-06-12 20:00:00-04:00,2.292551792958875,2.294823947795976,2.256198182303706,2.272102832794189,116800
2023-06-13 20:00:00-04:00,2.2811912354579817,2.290279638121774,2.260742275293296,2.272102832794189,203400
2023-06-14 20:00:00-04:00,2.197123504189295,2.2357492705173705,2.181218853354658,2.2334771156311035,185700
2023-06-15 20:00:00-04:00,2.2448374820291166,2.3289052554935616,2.20393956430089,2.31754469871521,217600
2023-06-19 20:00:00-04:00,2.360715278952573,2.4822727642547493,2.3402663156896564,2.472048282623291,419800
2023-06-20 20:00:00-04:00,2.569882200199588,2.7122708669201754,2.5629924966549544,2.652559518814087,836500
2023-06-21 20:00:00-04:00,2.6778218861603373,2.684711589640655,2.611220835131331,2.663353443145752,261100
2023-06-22 20:00:00-04:00,2.6571523312416576,2.776575016206081,2.643372925450197,2.7329397201538086,613200
2023-06-25 20:00:00-04:00,2.680119150015605,2.703085125648314,2.634187417769963,2.659449815750122,200000
2023-06-26 20:00:00-04:00,2.6938979625701904,2.7306435592349065,2.675525273747696,2.6938979625701904,208400
2023-06-27 20:00:00-04:00,2.650263432785437,2.677822471753112,2.62040775248218,2.643373727798462,277800
2023-06-28 20:00:00-04:00,2.700787722314075,2.705380784732921,2.673228690741855,2.684711456298828,287200
2023-06-29 20:00:00-04:00,2.726050075730259,2.7283467164179998,2.565288950923516,2.654855966567993,1563500
2023-07-02 20:00:00-04:00,2.675525491443164,2.7306437814151017,2.675525491443164,2.719160795211792,450700
2023-07-04 20:00:00-04:00,2.638779726679029,2.689534478885693,2.634186664278168,2.6571524143218994,249200
2023-07-05 20:00:00-04:00,2.6709323890739465,2.673229030084765,2.604331332898403,2.641535997390747,415700
2023-07-06 20:00:00-04:00,2.638780194632644,2.657152885533674,2.6227041448491804,2.629593849182129,274800
2023-07-09 20:00:00-04:00,2.6295939419659216,2.6916019402096305,2.6295939419659216,2.6899943351745605,162500
2023-07-10 20:00:00-04:00,2.6433731434280245,2.6847115832309623,2.634186799136291,2.6640424728393555,167600
2023-07-11 20:00:00-04:00,2.670932147430245,2.689304835815101,2.62729684825142,2.636483192443848,392300
2023-07-12 20:00:00-04:00,2.6594492561598875,2.7880582984060838,2.654856193411664,2.7627956867218018,1895800
2023-07-13 20:00:00-04:00,2.714567432754647,2.7329401225281,2.6020346531373137,2.6204073429107666,849300
2023-07-16 20:00:00-04:00,2.62729688969174,2.636483234029064,2.57792042576595,2.597441434860229,468500
2023-07-17 20:00:00-04:00,2.5836617038092964,2.6089240949550003,2.560695734389772,2.579068422317505,236100
2023-07-18 20:00:00-04:00,2.597441384532546,2.613517432056445,2.581365117988926,2.608924150466919,156700
2023-07-19 20:00:00-04:00,2.6250006956966696,2.631890399792691,2.5652893428118357,2.5836620330810547,155900
2023-07-20 20:00:00-04:00,2.592848255691414,2.611220945092437,2.583661910990902,2.5905516147613525,224100
2023-07-23 20:00:00-04:00,2.535433801988222,2.537730443149656,2.4986884194842958,2.5239508152008057,389300
2023-07-24 20:00:00-04:00,2.5239505322009403,2.544619862296773,2.5239505322009403,2.531759023666382,94300
2023-07-25 20:00:00-04:00,2.533136954615933,2.553806285346737,2.530840532661196,2.5457682609558105,103900
2023-07-26 20:00:00-04:00,2.5561028470999845,2.5561028470999845,2.5133863337894464,2.521653890609741,169200
2023-07-27 20:00:00-04:00,2.537730049896433,2.562992441698217,2.530840346499532,2.542323112487793,93800
2023-07-30 20:00:00-04:00,2.5515098520787505,2.553806493240185,2.519357751897693,2.5239508152008057,62000
2023-07-31 20:00:00-04:00,2.4963919808124806,2.5400272903400967,2.464239659003699,2.5354340076446533,167900
2023-08-01 20:00:00-04:00,2.5446200762827624,2.5515097805541758,2.49639170834337,2.519357681274414,166200
2023-08-02 20:00:00-04:00,2.5193576745475545,2.5469167105793726,2.5193576745475545,2.533137083053589,84600
2023-08-03 20:00:00-04:00,2.5262474053613397,2.537730391916932,2.498688369039768,2.504200220108032,101600
2023-08-06 20:00:00-04:00,2.512467757983251,2.5216541033517186,2.473425954432076,2.519357681274414,158800
2023-08-07 20:00:00-04:00,2.5515096395503534,2.6043312867647765,2.540026872739152,2.592848300933838,125600
2023-08-08 20:00:00-04:00,2.592848213599698,2.595144854492476,2.540026787184181,2.54117488861084,117100
2023-08-09 20:00:00-04:00,2.558399476286946,2.569882242711377,2.5331368645058463,2.54117488861084,76900
2023-08-10 20:00:00-04:00,2.54232337669382,2.5551844351295765,2.5262473274238046,2.536581993103028,84200
2023-08-13 20:00:00-04:00,2.5285442324342897,2.56758625818274,2.526247591150318,2.5308408737182617,94100
2023-08-14 20:00:00-04:00,2.5377301447025866,2.546916489248218,2.5078744701743525,2.517979383468628,223300
2023-08-15 20:00:00-04:00,2.512467596933155,2.523950582662613,2.4963915483237544,2.510171175003052,95800
2023-08-16 20:00:00-04:00,2.457349919423861,2.457809203882992,2.381562508172996,2.3976385593414307,356300
2023-08-17 20:00:00-04:00,2.25984307216676,2.2713260582325154,2.2070214238721824,2.243767023086548,365800
2023-08-20 20:00:00-04:00,2.2437669011098307,2.2575463084238607,2.2253939929915734,2.2506566047668457,124600
2023-08-21 20:00:00-04:00,2.2414703035996437,2.243766944536341,2.216207691335431,2.2196526527404785,114400
2023-08-22 20:00:00-04:00,2.2253939459767507,2.308071264193168,2.2253939459767507,2.295439958572388,78700
2023-08-23 20:00:00-04:00,2.2690291301548893,2.270177450518162,2.2253938324293774,2.2414700984954834,44200
2023-08-24 20:00:00-04:00,2.257546235829408,2.264435939264875,2.2185042179955548,2.235958337783813,169600
2023-08-27 20:00:00-04:00,2.2460635484591287,2.2575465350533896,2.232284139761818,2.236877202987671,64900
2023-08-28 20:00:00-04:00,2.239173532884528,2.425197276600536,2.239173532884528,2.4017720222473145,935300
2023-08-29 20:00:00-04:00,2.3631894970466933,2.3631894970466933,2.326444117033565,2.3379271030426025,404000
2023-08-30 20:00:00-04:00,2.337926987494713,2.34252005025948,2.2322839156683187,2.2506566047668457,595600
2023-08-31 20:00:00-04:00,2.2368770797774107,2.239173720773711,2.177165727992041,2.202428340911865,531800
2023-09-04 20:00:00-04:00,2.216207865342051,2.2276908519074,2.2024284566794337,2.209318161010742,85500
2023-09-05 20:00:00-04:00,2.207021519893722,2.2414704795897693,2.1725727792174268,2.209318161010742,316400
2023-09-06 20:00:00-04:00,2.204725180165931,2.2345806397235988,2.200131897760284,2.227690935134888,86100
2023-09-07 20:00:00-04:00,2.227691121510454,2.234580826675579,2.216208133555393,2.2311360836029053,257500
2023-09-10 20:00:00-04:00,2.209318030311009,2.2162077342347337,2.1427169749956985,2.147310256958008,371300
2023-09-11 20:00:00-04:00,2.2483600861010045,2.289698748329827,2.229987396003693,2.243767023086548,618700
2023-09-12 20:00:00-04:00,2.250656701385313,2.2759190952253445,2.24376699743253,2.2495083808898926,130100
2023-09-13 20:00:00-04:00,2.2988855838775635,2.3126649948807043,2.2851059538546337,2.2988855838775635,166800
2023-09-14 20:00:00-04:00,2.273622512817383,2.282808857997705,2.255249822456738,2.273622512817383,71100
2023-09-17 20:00:00-04:00,2.3517064579182314,2.358596380779872,2.291995107235763,2.3080713748931885,178000
2023-09-18 20:00:00-04:00,2.33792701316026,2.370079109925779,2.317257682942578,2.3434388637542725,168200
2023-09-19 20:00:00-04:00,2.327015175591448,2.350146405842356,2.3061969139471263,2.316606044769287,98300
2023-09-20 20:00:00-04:00,2.2830657434643657,2.2969446597975662,2.266873858240541,2.285378932952881,208000
2023-09-21 20:00:00-04:00,2.287692537662233,2.296945076697758,2.278439998626709,2.278439998626709,41000
2023-09-24 20:00:00-04:00,2.2483688492630107,2.2715000830307703,2.243279876359071,2.2652547359466557,69300
2023-09-25 20:00:00-04:00,2.2483692786863685,2.2599350080781733,2.2414297086925217,2.2553086280822754,101900
2023-09-26 20:00:00-04:00,2.296944706738392,2.2992576756762846,2.2414292608689568,2.2541515827178955,78000
2023-09-27 20:00:00-04:00,2.2784400178656283,2.3524603307748446,2.273813638009836,2.333261251449585,101400
2023-09-28 20:00:00-04:00,2.3200757914175787,2.322388980804924,2.28537883299893,2.308510065078736,146600
2023-10-01 20:00:00-04:00,2.442672394686757,2.463490439193813,2.368651872024921,2.397566080093384,446000
2023-10-02 20:00:00-04:00,2.357086097915154,2.3640256665443977,2.331641674734949,2.3353426456451416,149900
2023-10-03 20:00:00-04:00,2.3593995141570816,2.38715712954741,2.340894437230196,2.3709652423858643,99200
2023-10-04 20:00:00-04:00,2.4033494069343613,2.4149149153815155,2.3455209823068564,2.35477352142334,63400
2023-10-05 20:00:00-04:00,2.347833529864264,2.406818538859792,2.347833529864264,2.401035785675049,161700
2023-10-08 20:00:00-04:00,2.350146702643415,2.3709649669168846,2.333954817363113,2.3628690242767334,100400
2023-10-09 20:00:00-04:00,2.3432076240865563,2.3617127009904686,2.3339550856346003,2.3420510292053223,90900
2023-10-10 20:00:00-04:00,2.3177631124276203,2.320076081506284,2.2668740425325677,2.2876923084259038,78400
2023-10-11 20:00:00-04:00,2.283065732569648,2.285378922047125,2.264560657945613,2.2761263847351074,54400
2023-10-12 20:00:00-04:00,2.2969448729651267,2.2969448729651267,2.276126606832236,2.2865357398986816,46400
2023-10-15 20:00:00-04:00,2.507440356173469,2.56526877685792,2.3732784378333758,2.428793668746948,192800
2023-10-16 20:00:00-04:00,2.417227765857411,2.4447541927072085,2.405662038436505,2.435732841491699,47200
2023-10-17 20:00:00-04:00,2.424167029837339,2.424861030813933,2.40103579639718,2.4102883338928223,31500
2023-10-18 20:00:00-04:00,2.433419901671884,2.468116863752848,2.4287935224088724,2.452387571334839,69800
2023-10-19 20:00:00-04:00,2.516692701378767,2.5421371251105604,2.506283568807147,2.523632049560547,129200
2023-10-22 20:00:00-04:00,2.611531329228168,2.6809254744474504,2.5953394428962344,2.6762990951538086,250600
2023-10-23 20:00:00-04:00,2.928430971589373,2.9399966989904898,2.831279214376634,2.872915744781494,404100
2023-10-24 20:00:00-04:00,2.9330569447892554,2.988572163912604,2.916864840429875,2.9573447704315186,191900
2023-10-25 20:00:00-04:00,2.921491403539312,2.925192374261751,2.86828914973692,2.891420602798462,112500
2023-10-26 20:00:00-04:00,2.909925749683869,2.912007531979865,2.822026534691769,2.859036684036255,128800
2023-10-29 20:00:00-04:00,2.912239260441363,2.9515626036074463,2.879855265893437,2.9145524501800537,74600
2023-10-30 20:00:00-04:00,2.898360195329086,2.937683536496982,2.8867944678212507,2.92773699760437,70400
2023-10-31 20:00:00-04:00,2.946936448779085,2.9746940659656302,2.879855485428783,2.95387601852417,104200
2023-11-01 20:00:00-04:00,2.979319883004393,2.979319883004393,2.8983600160551117,2.9469358921051025,62500
2023-11-02 20:00:00-04:00,2.889107107226488,2.939996166210654,2.889107107226488,2.92380428314209,55300
2023-11-05 19:00:00-05:00,3.023269404071714,3.053340205731387,3.000138170901275,3.01401686668396,97800
2023-11-06 19:00:00-05:00,2.9677545830727,3.0649063491463027,2.9538758854038543,3.055653810501098,57400
2023-11-07 19:00:00-05:00,3.030209179881087,3.051027224979438,3.002451345220804,3.0348353385925293,36000
2023-11-08 19:00:00-05:00,3.1412396932407405,3.2638358793946027,3.1157952683704404,3.187502384185791,232000
2023-11-09 19:00:00-05:00,3.252270532032385,3.2890492793881294,3.2388542076099505,3.268462419509888,118300
2023-11-12 19:00:00-05:00,3.231452051009423,3.2707753927926277,3.190972114397547,3.238391399383545,79800
2023-11-13 19:00:00-05:00,3.206007455327996,3.206007455327996,3.014017122771147,3.0810980796813965,210900
2023-11-14 19:00:00-05:00,3.159744664528372,3.263835770842233,3.134300240504332,3.2407045364379883,124200
2023-11-15 19:00:00-05:00,3.173623148988804,3.189815032924124,3.0591229255935954,3.092663288116455,63300
2023-11-16 19:00:00-05:00,3.097290524933825,3.1204217625938737,3.060280147601465,3.106543064117432,68300
2023-11-19 19:00:00-05:00,3.1736233780903533,3.249956865864284,3.1620576513311143,3.219886064529419,86800
2023-11-20 19:00:00-05:00,3.1643711716177934,3.1990681349249708,3.09729021411878,3.157431602478028,144000
2023-11-21 19:00:00-05:00,3.168997092756208,3.256896309885824,3.143552669612594,3.2545831203460693,42800
2023-11-23 19:00:00-05:00,3.289280519858835,3.3424825592152287,3.280259168294475,3.284654140472412,39200
2023-11-26 19:00:00-05:00,3.1458659594030416,3.166684004130564,3.125047694077616,3.1343002319335938,91900
2023-11-27 19:00:00-05:00,3.180563192093021,3.282341117176912,3.180563192093021,3.268462419509888,116900
2023-11-28 19:00:00-05:00,3.224512536941832,3.22937032354413,3.182876225390242,3.187502384185791,64400
2023-11-29 19:00:00-05:00,3.203694644325421,3.212947182955905,3.182876377257352,3.210633993148804,44200
2023-11-30 19:00:00-05:00,3.2568963001378863,3.3193510939369606,3.249956952137288,3.2939064502716064,59500
2023-12-03 19:00:00-05:00,3.520593820726881,3.540718083603983,3.485896640809415,3.5247573852539062,129700
2023-12-04 19:00:00-05:00,3.539098912805956,3.680200160835076,3.5205938383299373,3.638563632965088,93000
2023-12-05 19:00:00-05:00,3.668635083389841,3.668635083389841,3.6200591991441664,3.6260733604431152,80100
2023-12-06 19:00:00-05:00,3.6200588541138368,3.703331916654138,3.609187127486305,3.67557430267334,51100
2023-12-07 19:00:00-05:00,3.7010183795522607,3.7495940340099136,3.6963920006908353,3.74543046951294,28600
2023-12-10 19:00:00-05:00,3.5205939536340822,3.522906922570921,3.407250093008941,3.439634084701538,95900
2023-12-11 19:00:00-05:00,3.4928360045202163,3.499081350944864,3.41650252201091,3.453512668609619,39100
2023-12-12 19:00:00-05:00,3.467391750733562,3.585361771647392,3.4671605641352654,3.5830485820770264,33300
2023-12-13 19:00:00-05:00,3.5899881194617302,3.643190155528489,3.564543475605544,3.6038668155670166,52300
2023-12-14 19:00:00-05:00,3.5483519935349555,3.5483519935349555,3.5020893002589824,3.5390994548797607,37000
2023-12-17 19:00:00-05:00,3.4280685210191573,3.4743314315273133,3.4165030139900243,3.472018241882324,98600
2023-12-18 19:00:00-05:00,3.518280501606508,3.5275330384572343,3.4280681018635124,3.4697046279907227,83100
2023-12-19 19:00:00-05:00,3.676807668260241,3.852273504370321,3.517293133501242,3.549196243286133,325000
2023-12-20 19:00:00-05:00,3.610343797621522,3.610343797621522,3.5651480152584,3.5997095108032227,124600
2023-12-21 19:00:00-05:00,3.6316124824025895,3.695418205265142,3.6316124824025895,3.66085696220398,119200
2023-12-25 19:00:00-05:00,3.567806760206881,3.567806760206881,3.466780905551588,3.5146353244781494,71500
2023-12-26 19:00:00-05:00,3.618319357146056,3.6901009814964496,3.6145973695315674,3.6821253299713135,67100
2023-12-27 19:00:00-05:00,3.668832371343615,3.676808022788189,3.628953607037962,3.636929512023926,93400
2023-12-28 19:00:00-05:00,3.642247323782862,3.671225843060189,3.5332458005873493,3.557173013687134,73300
2024-01-01 19:00:00-05:00,3.801761139857388,3.812395426468597,3.7246624985407752,3.729979515075684,89900
2024-01-02 19:00:00-05:00,3.4774151199766283,3.5731237022868605,3.466780833053269,3.522610902786255,63500
2024-01-03 19:00:00-05:00,3.557172337555354,3.668832475102848,3.543879415744196,3.626295328140259,57100
2024-01-04 19:00:00-05:00,3.578441039796265,3.6130025363323113,3.5226109690136385,3.589075326919556,43400
2024-01-07 19:00:00-05:00,3.660856399576617,3.8123950314709583,3.63480223527669,3.793785095214844,78500
2024-01-08 19:00:00-05:00,3.727321384446798,3.7299797661224794,3.6927598872488554,3.7033941745758057,84400
2024-01-09 19:00:00-05:00,3.767199794488445,3.884176951854029,3.729979663101422,3.860249996185303,299800
2024-01-10 19:00:00-05:00,4.067618839497182,4.155351773481866,3.913421546218563,3.971909999847412,605200
2024-01-11 19:00:00-05:00,4.03571549304726,4.03571549304726,3.799102311087022,3.8230295181274414,112300
2024-01-15 19:00:00-05:00,3.75124802649942,3.8203710151042314,3.6954179593249785,3.809736728668213,136100
2024-01-16 19:00:00-05:00,3.759224206019811,3.788202467533815,3.722004074004856,3.756565570831299,204800
2024-01-17 19:00:00-05:00,3.7326381468394656,3.7541726849633648,3.5731235942698696,3.607685089111328,98500
2024-01-18 19:00:00-05:00,3.6422463242551135,3.6954177534733113,3.554779367560918,3.65819787979126,136400
2024-01-21 19:00:00-05:00,3.522610492937762,3.5518547151891444,3.434877572642244,3.4907076358795166,117400
2024-01-22 19:00:00-05:00,3.3152422924907987,3.3790480161765317,3.296632099593071,3.339169502258301,82400
2024-01-23 19:00:00-05:00,3.381706668593643,3.418926547495717,3.357779458704361,3.3630964756011963,37600
2024-01-24 19:00:00-05:00,3.3737305710079224,3.394201756780886,3.3365106942232523,3.381706476211548,27600
2024-01-25 19:00:00-05:00,3.4800738135488785,3.533245249058814,3.464122256125196,3.517293691635132,39100
2024-01-28 19:00:00-05:00,3.485390779924894,3.602368189896477,3.480073763221495,3.5943925380706787,51800
2024-01-29 19:00:00-05:00,3.623636714315738,3.679466783416826,3.607685157340543,3.674149513244629,130000
2024-01-30 19:00:00-05:00,3.583758608821327,3.645437635765597,3.54919736050102,3.557173013687134,54600
2024-01-31 19:00:00-05:00,3.533245387387029,3.6010390653943776,3.533245387387029,3.575782537460327,30200
2024-02-01 19:00:00-05:00,3.5704649858482926,3.6124704532871976,3.549196413996293,3.581099271774292,15200
2024-02-04 19:00:00-05:00,3.628953774883447,3.628953774883447,3.5385624627342667,3.546538114547729,64300
2024-02-05 19:00:00-05:00,3.607684918666717,3.66085660270542,3.607419207300523,3.650222063064575,33400
2024-02-06 19:00:00-05:00,3.620978159261119,3.751248238862444,3.620978159261119,3.7379555702209473,38400
2024-02-07 19:00:00-05:00,3.769858348965471,3.81691512512744,3.756565427073016,3.796443939208984,57400
2024-02-08 19:00:00-05:00,3.884176767920634,3.97456833019338,3.884176767920634,3.929372549057007,73200
2024-02-11 19:00:00-05:00,3.947982518129959,4.158009855409421,3.947982518129959,4.150033950805664,59700
2024-02-12 19:00:00-05:00,4.059642785917986,4.112814217386763,4.045020547186052,4.1101555824279785,89500
2024-02-13 19:00:00-05:00,4.293597491375421,4.328159242033004,4.272328916771839,4.314866065979004,87400
2024-02-14 19:00:00-05:00,4.39993961752998,4.426525458042375,4.341451174068895,4.365378379821777,120800
2024-02-15 19:00:00-05:00,4.3706957896411405,4.391432431515167,4.304231439767996,4.325500011444092,48300
2024-02-19 19:00:00-05:00,4.498306895471668,4.498306895471668,4.362719570653299,4.48235559463501,74000
2024-02-20 19:00:00-05:00,4.357403010421947,4.40791606288779,4.3441103420754175,4.3600616455078125,42600
2024-02-21 19:00:00-05:00,4.407916138780996,4.506283610320456,4.38664756481068,4.498307704925537,62000
2024-02-22 19:00:00-05:00,4.426525470095755,4.426525470095755,4.357402487408398,4.413232803344727,36900
2024-02-25 19:00:00-05:00,4.500966536000522,4.756455653237798,4.466404784867411,4.745555400848389,86200
2024-02-26 19:00:00-05:00,4.897094458583707,4.915704399745835,4.827971457779468,4.875825881958008,71500
2024-02-27 19:00:00-05:00,5.09648731184417,5.359420413797452,4.974192621759528,5.045974254608154,173700
2024-02-28 19:00:00-05:00,5.327783856547393,5.343735162507745,5.104463544770983,5.205489158630371,99900
2024-02-29 19:00:00-05:00,5.287904471210566,5.306514411411821,5.15763438271894,5.290563106536865,99800
2024-03-03 19:00:00-05:00,5.39424711872059,5.609591479892165,5.39424711872059,5.58566427230835,124800
2024-03-04 19:00:00-05:00,5.729226769157212,5.840886897479312,4.944947743134406,5.1895365715026855,186200
2024-03-05 19:00:00-05:00,5.745178762633315,5.803667209980822,5.596298248704227,5.76378870010376,167500
2024-03-06 19:00:00-05:00,5.769106309303727,5.85683923902665,5.689348777775654,5.851521968841553,92100
2024-03-07 19:00:00-05:00,5.904693129769525,6.011036504785949,5.70795869732161,5.928620338439941,102800
2024-03-10 20:00:00-04:00,6.149281643301448,6.181184755478399,6.053573320936128,6.109403133392334,191900
2024-03-11 20:00:00-04:00,6.1094039635783,6.138648444790873,5.801009367986412,6.024329662322998,114100
2024-03-12 20:00:00-04:00,6.106744502834408,6.133330345153809,6.024328848018753,6.133330345153809,58500
2024-03-13 20:00:00-04:00,6.045597039786984,6.045597039786984,5.692272439679258,5.77708101272583,88400
2024-03-14 20:00:00-04:00,5.585663735105423,5.842216152904623,5.585663735105423,5.692006587982178,83400
2024-03-17 20:00:00-04:00,5.545785736486064,5.588322881531864,5.402222491644409,5.442101001739502,81700
2024-03-18 20:00:00-04:00,5.186877855564662,5.27726941074958,5.0406559835501215,5.224097728729248,121200
2024-03-19 20:00:00-04:00,5.127425320443803,5.32504476902621,4.980545649503365,5.319703578948975,87700
2024-03-20 20:00:00-04:00,5.511981763322581,5.519993548330682,5.3023448945677965,5.3330559730529785,53100
2024-03-21 20:00:00-04:00,5.26896370108726,5.26896370108726,5.111402147121345,5.194189071655273,34500
2024-03-24 20:00:00-04:00,5.378454993251643,5.72562469823059,5.378454993251643,5.720283508300781,65400
2024-03-25 20:00:00-04:00,5.704261168803136,5.72829601716099,5.581416331711443,5.592098712921143,40600
2024-03-26 20:00:00-04:00,5.685566309553696,5.781705173304693,5.469252720045259,5.493287563323975,39500
2024-03-27 20:00:00-04:00,5.680225855742783,5.716278125330107,5.629485567875743,5.65084981918335,29000
2024-03-31 20:00:00-04:00,5.6348271715465135,5.6348271715465135,5.421184133428656,5.525335311889648,45600
2024-04-01 20:00:00-04:00,5.154130108367099,5.252940084584715,5.127425177453496,5.207540988922119,39900
2024-04-02 20:00:00-04:00,5.236916848842021,5.3116914678790526,5.199529029959614,5.234246253967285,21200
2024-04-03 20:00:00-04:00,5.327715215859075,5.469253183421071,5.327715215859075,5.375784397125244,28700
2024-04-04 20:00:00-04:00,5.271633587336,5.346408716075223,5.234246277648334,5.29299783706665,35600
2024-04-07 20:00:00-04:00,5.787046432495117,5.787046432495117,5.69571392506298,5.787046432495117,107900
2024-04-08 20:00:00-04:00,5.674884457266272,5.677555052252184,5.450559572088751,5.501299858093262,32000
2024-04-09 20:00:00-04:00,5.39447902602987,5.553909942634298,5.378455454865199,5.552040576934815,18800
2024-04-10 20:00:00-04:00,5.608120994361972,5.626814649511622,5.511981614319319,5.56539249420166,28900
2024-04-11 20:00:00-04:00,5.528005586937148,5.528005586937148,5.007251252890917,5.17549467086792,46900
2024-04-14 20:00:00-04:00,5.162141165076644,5.17816422323734,4.865711787602678,4.940486907958984,67300
2024-04-15 20:00:00-04:00,4.937816937022585,4.948499316721467,4.812034615696915,4.884406566619873,23000
2024-04-16 20:00:00-04:00,4.863042346346251,4.887077193969375,4.669695938509688,4.774914741516113,64600
2024-04-17 20:00:00-04:00,4.852359829215147,4.959181077014149,4.812568831638387,4.91912317276001,26100
2024-04-18 20:00:00-04:00,5.044638787553376,5.044638787553376,4.940488119913822,4.988557815551758,40200
2024-04-21 20:00:00-04:00,5.127425193786621,5.172556873541832,5.087366778560798,5.127425193786621,46900
2024-04-22 20:00:00-04:00,5.132766207029858,5.223564404529041,5.114072550373663,5.154130458831787,27200
2024-04-23 20:00:00-04:00,5.151460701916982,5.178165636351268,4.95384072342824,4.983216762542725,24200
2024-04-24 20:00:00-04:00,4.932476120149022,5.047309163775764,4.913782463626331,5.036627292633057,22000
2024-04-25 20:00:00-04:00,4.964522290831177,5.014728252072095,4.9271349812611085,4.977874755859375,31100
2024-04-28 20:00:00-04:00,4.9271349812611085,4.983215945616212,4.874792238499121,4.977874755859375,14600
2024-04-29 20:00:00-04:00,4.774914121902299,4.785329594720997,4.593318254729083,4.612011909484863,30700
2024-04-30 20:00:00-04:00,4.545248612019416,4.628035016508533,4.48809900172913,4.531895637512207,31800
2024-05-01 20:00:00-04:00,4.67343371077464,4.689456769446847,4.622693430721495,4.68678617477417,41200
2024-05-02 20:00:00-04:00,4.8016194188437336,4.8710533554225535,4.8016194188437336,4.86571216583252,59000
2024-05-05 20:00:00-04:00,4.927135613059274,4.975204798942953,4.857701665408686,4.892418384552002,19700
2024-05-06 20:00:00-04:00,4.908441571868707,4.964523054211184,4.865713065971567,4.866781711578369,7100
2024-05-07 20:00:00-04:00,4.785597017295141,4.820313735674988,4.777585231808741,4.788267612457275,21100
2024-05-08 20:00:00-04:00,4.76156283368695,4.825655598417153,4.710822537264034,4.820314407348633,16900
2024-05-09 20:00:00-04:00,4.895087942954483,4.895087942954483,4.628034589799598,4.657410621643066,17400
2024-05-12 20:00:00-04:00,4.796278709329168,4.8149728747654486,4.756220802122132,4.795744895935059,12800
2024-05-13 20:00:00-04:00,4.710821121925425,4.720969178161083,4.652069565915303,4.681445598602295,15700
2024-05-14 20:00:00-04:00,4.857700978175849,4.977874689929662,4.849689193646708,4.969863414764404,59200
2024-05-15 20:00:00-04:00,4.945828999526546,4.953840275386676,4.836337148284058,4.873724460601807,15800
2024-05-16 20:00:00-04:00,5.009921236114863,5.087366447831332,4.991227581885504,5.063331604003906,47900
2024-05-19 20:00:00-04:00,5.071344190314586,5.474594900183484,5.0446387474652905,5.471924304962158,64100
2024-05-20 20:00:00-04:00,5.76034121868343,5.829775157324353,5.632422627577171,5.65886116027832,79300
2024-05-21 20:00:00-04:00,5.677555012859513,5.749659548887127,5.612126709568402,5.69090747833252,42500
2024-05-22 20:00:00-04:00,5.738977459533014,5.752330435045875,5.557648483534576,5.629485607147217,84500
2024-05-23 20:00:00-04:00,5.624143832800024,5.680225305401369,5.54402802549968,5.664201736450195,46700
2024-05-27 20:00:00-04:00,5.787047410221163,5.787047410221163,5.613462795739533,5.706931591033936,27100
2024-05-28 20:00:00-04:00,5.65886147909823,5.669543349833479,5.581415751471027,5.597438812255859,30100
2024-05-29 20:00:00-04:00,5.672213795655687,5.741647736382117,5.6401676749289695,5.661531925201416,26200
2024-05-30 20:00:00-04:00,5.7096012504495866,5.7096012504495866,5.544028433998656,5.626814842224121,18300
2024-06-02 20:00:00-04:00,5.760341470608523,5.787046911155884,5.658861407765243,5.678623199462891,18600
2024-06-03 20:00:00-04:00,5.720283736940248,5.807076293995055,5.680225829593385,5.760341644287109,41300
2024-06-04 20:00:00-04:00,5.803070023804923,5.8564809053788585,5.733636081504374,5.8538103103637695,16400
2024-06-05 20:00:00-04:00,5.82176325421893,5.836451271046878,5.741647447075063,5.7523298263549805,24100
2024-06-06 20:00:00-04:00,5.7790355612605016,5.821764065607556,5.522664535178179,5.611860275268555,84800
2024-06-09 20:00:00-04:00,5.584085904208569,5.666872305964344,5.584085904208569,5.60545015335083,33300
2024-06-10 20:00:00-04:00,5.447889481632753,5.447889481632753,5.25294061388211,5.39180850982666,67100
2024-06-11 20:00:00-04:00,5.546699252360812,5.6027802219885965,5.402490171551182,5.410501956939697,35400
2024-06-12 20:00:00-04:00,5.359761446755329,5.439877769238456,5.279645633636119,5.341067790985107,38000
2024-06-13 20:00:00-04:00,5.399819061289762,5.399819061289762,5.191517754699299,5.234246253967285,17900
2024-06-16 20:00:00-04:00,5.338396913197179,5.426524506705858,5.271633569346243,5.40248966217041,39000
2024-06-17 20:00:00-04:00,5.210212133767277,5.238252619804271,5.162142438067308,5.194189071655273,31000
2024-06-19 20:00:00-04:00,5.328544444926813,5.333918793314238,5.264053801855928,5.304360389709473,37200
2024-06-20 20:00:00-04:00,5.207624270563334,5.277489263386354,5.178066378907271,5.269428253173828,35500
2024-06-23 20:00:00-04:00,4.987281198906068,5.010928127694972,4.879796789721343,4.895919322967529,79500
2024-06-24 20:00:00-04:00,5.027587254358852,5.110888111090859,5.012808566092885,5.089391231536865,14700
2024-06-25 20:00:00-04:00,5.043710630742484,5.069775656578272,4.984056696357574,5.051771640777588,28000
2024-06-26 20:00:00-04:00,5.089391147858401,5.151194611494222,5.081329625960936,5.084016799926758,31200
2024-06-27 20:00:00-04:00,5.097452819048962,5.116263039251908,4.957723342366878,4.968471527099609,23600
2024-06-30 20:00:00-04:00,5.151193880470986,5.223746029673976,5.1001386074178505,5.180752277374268,44500
2024-07-01 20:00:00-04:00,5.11626257292137,5.164630168599258,5.059832942508095,5.081329822540283,15500
2024-07-02 20:00:00-04:00,4.91741558970691,4.956378843327037,4.896187786723058,4.930851459503174,23400
2024-07-04 20:00:00-04:00,4.5895878149934095,4.5895878149934095,4.460606546838213,4.541219711303711,81000
2024-07-07 20:00:00-04:00,4.586901212531495,4.613772441542482,4.436423047606456,4.560029983520508,22600
2024-07-08 20:00:00-04:00,4.581526796912784,4.6914298093121385,4.581526796912784,4.654078960418701,11300
2024-07-09 20:00:00-04:00,4.734692615871589,4.734692615871589,4.656766104637493,4.667514801025391,18800
2024-07-10 20:00:00-04:00,4.694385348762966,4.783060040682066,4.651391589803768,4.656765937805176,23600
2024-07-11 20:00:00-04:00,4.586901395725917,4.745441089443924,4.586901395725917,4.683637619018555,15800
2024-07-14 20:00:00-04:00,5.04639728592652,5.170004210662268,5.038335764194442,5.133459568023682,56800
2024-07-15 20:00:00-04:00,5.161942974253245,5.269427886518033,5.09745233441,5.254648685455322,22100
2024-07-16 20:00:00-04:00,5.223746562228828,5.237181918994972,5.148507231770801,5.189620018005371,13700
2024-07-17 20:00:00-04:00,5.27211523443756,5.27211523443756,5.108201199101751,5.13238525390625,26100
2024-07-18 20:00:00-04:00,5.151195030829538,5.39518460399153,5.151195030829538,5.379330635070801,37200
2024-07-21 20:00:00-04:00,5.363476449230465,5.398409199691023,5.293611973361445,5.387660503387451,26600
2024-07-22 20:00:00-04:00,5.320482290796843,5.355146475012796,5.226702331440629,5.253304481506348,21800
2024-07-23 20:00:00-04:00,5.298986434080043,5.317796654830234,5.17000513837825,5.181560039520264,22700
2024-07-24 20:00:00-04:00,4.957722580072345,5.003403511346314,4.887857596210627,4.952348232269287,34700
2024-07-25 20:00:00-04:00,5.156569188546608,5.207623958587647,5.121636437964791,5.207623958587647,15300
2024-07-28 20:00:00-04:00,5.360789917295271,5.360789917295271,5.159256469465015,5.186127185821533,19300
2024-07-29 20:00:00-04:00,5.194187976279669,5.194187976279669,5.0947645971826745,5.102826118469238,14300
2024-07-30 20:00:00-04:00,5.127010693362287,5.199562854772264,5.003403762835105,5.0703125,37000
2024-07-31 20:00:00-04:00,4.984593818777504,5.003404038068414,4.828741303763883,4.885170936584473,24000
2024-08-01 20:00:00-04:00,4.96739582790828,4.998028994317303,4.745440293911992,4.761562824249268,18900
2024-08-04 20:00:00-04:00,3.6276019966702657,4.0978466999423375,3.6276019966702657,3.941994190216065,467900
2024-08-05 20:00:00-04:00,4.049478741172871,4.186521549843902,4.011859327527279,4.146214962005615,248500
2024-08-06 20:00:00-04:00,4.13277919436554,4.154276074585507,3.9366198420295593,3.941994190216065,33600
2024-08-07 20:00:00-04:00,4.154275665944101,4.331356218557017,4.120686761871546,4.299648284912109,21800
2024-08-08 20:00:00-04:00,4.363870424242823,4.428361059573385,4.29937978891226,4.366557598114014,61200
2024-08-11 20:00:00-04:00,4.366557985813947,4.417613268847683,4.2859445563617,4.347748279571533,5100
2024-08-12 20:00:00-04:00,4.342373680217821,4.497419978450362,4.339686506263448,4.457919597625732,16000
2024-08-13 20:00:00-04:00,4.468668244313197,4.468668244313197,4.334312607818169,4.351778984069824,6300
2024-08-14 20:00:00-04:00,4.35580861529425,4.379992666013639,4.170398243146906,4.183833599090576,25000
2024-08-15 20:00:00-04:00,4.299380370371372,4.35849666595459,4.23220255208432,4.35849666595459,8100
2024-08-18 20:00:00-04:00,4.288631748839776,4.312815547142304,4.24026363970866,4.307441711425781,20300
2024-08-19 20:00:00-04:00,4.388054097162641,4.401489452830956,4.264446928668074,4.317114353179932,15600
2024-08-20 20:00:00-04:00,4.307441002337428,4.436422263770213,4.261759818584583,4.4310479164123535,13100
2024-08-21 20:00:00-04:00,4.374619310326401,4.388054667741716,4.33458128919544,4.350435256958008,23500
2024-08-22 20:00:00-04:00,4.428361311520937,4.59764968735543,4.406864431854372,4.589588165283203,12500
2024-08-25 20:00:00-04:00,4.586900747998682,4.586900747998682,4.514348590774468,4.519722938537598,11800
2024-08-26 20:00:00-04:00,4.409550854524333,4.433734904094196,4.366557102517012,4.393428325653076,17100
2024-08-27 20:00:00-04:00,4.261760449476065,4.2778832376734,4.153201281911764,4.218766689300537,36400
2024-08-28 20:00:00-04:00,4.31281532116009,4.3450608963999215,4.22951497786907,4.244831562042236,15000
2024-08-29 20:00:00-04:00,4.256386411863254,4.275196118114153,4.122299345123191,4.2080183029174805,9200
2024-09-02 20:00:00-04:00,4.213392263103255,4.226827619894825,4.100533523465631,4.130091667175293,18700
2024-09-03 20:00:00-04:00,4.030668814025387,4.173085707033971,4.0252944659337695,4.132779121398926,11500
2024-09-04 20:00:00-04:00,4.030668866767191,4.0924723330513695,3.9769266664629,3.982300758361816,6900
2024-09-05 20:00:00-04:00,4.036043241099029,4.04491071061331,3.7592704592770296,3.77539324760437,54400
2024-09-08 20:00:00-04:00,3.92587116810287,4.014545857794711,3.877503318620146,4.011858940124512,15900
2024-09-09 20:00:00-04:00,3.9957358919157286,4.069631632676451,3.971551840621783,4.065600872039795,8700
2024-09-10 20:00:00-04:00,3.982300681502644,4.046791576886132,3.899000336704462,4.019920349121094,9300
2024-09-11 20:00:00-04:00,4.027981875640272,4.062914371490479,4.001110902399138,4.062914371490479,10300
2024-09-12 20:00:00-04:00,4.038730146716123,4.175772950163333,4.0226076147005845,4.15723180770874,29000
2024-09-15 20:00:00-04:00,4.011858818031302,4.016695525953475,3.966983834754015,3.976926326751709,13800
2024-09-16 20:00:00-04:00,4.060226930169857,4.1838341164836,4.036043132722772,4.116656303405762,51300
2024-09-17 20:00:00-04:00,4.070975107183627,4.165024141925864,4.0279813505916335,4.073662281036377,20800
2024-09-18 20:00:00-04:00,4.306598322050683,4.355352349147338,4.271387367267201,4.322849750518799,19700
2024-09-19 20:00:00-04:00,4.368894516373932,4.412231827307257,4.348580684633504,4.377020359039307,16900
2024-09-22 20:00:00-04:00,4.479946149151819,4.523282948462746,4.463965685032837,4.509739875793457,19500
2024-09-23 20:00:00-04:00,4.479945615245168,4.5259905069870605,4.428482978465833,4.517865180969238,13900
2024-09-24 20:00:00-04:00,4.469110789199701,4.488070570495434,4.406814217337921,4.4122314453125,31400
2024-09-25 20:00:00-04:00,4.498905907414944,4.5828708910016696,4.485362834826508,4.539534091949463,32500
2024-09-26 20:00:00-04:00,4.571764882689101,4.65870968782934,4.55578442161491,4.604538440704346,54600
2024-09-29 20:00:00-04:00,4.477236851213395,4.485362176959322,4.408710412151312,4.431191444396973,36000
2024-09-30 20:00:00-04:00,4.447442482464305,4.447442482464305,4.209089871297853,4.274095058441162,35200
2024-10-01 20:00:00-04:00,4.195546866485976,4.249717853281256,4.116998871055909,4.125124454498291,19800
2024-10-02 20:00:00-04:00,4.119708197241976,4.141376595706406,4.068245815465875,4.135959625244141,29400
2024-10-03 20:00:00-04:00,4.182004307792766,4.252426724033787,4.152210327832791,4.247009754180908,16800
2024-10-06 20:00:00-04:00,4.301180390457391,4.395979550700214,4.252426374253427,4.291971206665039,61700
2024-10-07 20:00:00-04:00,4.2659697160631005,4.292784376650399,4.217215693792498,4.2443013191223145,5400
2024-10-08 20:00:00-04:00,4.222632889431325,4.265969682976784,4.179296095885867,4.182004451751709,20200
2024-10-09 20:00:00-04:00,4.160336387530909,4.160336387530909,4.038451581364662,4.095331192016602,12500
2024-10-10 20:00:00-04:00,4.211799380840424,4.300910631958797,4.211799380840424,4.293056011199951,15400
2024-10-13 20:00:00-04:00,4.431192269599596,4.558494057274089,4.431192269599596,4.536825656890869,34700
2024-10-14 20:00:00-04:00,4.517865039649276,4.646521369265544,4.436608165705429,4.542242050170898,28100
2024-10-15 20:00:00-04:00,4.585579045049942,4.612664670891566,4.566619261945407,4.589912414550781,40100
2024-10-16 20:00:00-04:00,4.553076230639591,4.590996313796497,4.531407833099365,4.531407833099365,12800
2024-10-17 20:00:00-04:00,4.5882875262673855,4.674961113155382,4.5882875262673855,4.645166873931885,26600
2024-10-20 20:00:00-04:00,4.650583804016507,4.6641263573685015,4.58828723201286,4.642457962036133,16000
2024-10-21 20:00:00-04:00,4.577453075944269,4.589641581405748,4.5454921519888645,4.585578918457031,10600
2024-10-22 20:00:00-04:00,4.536283348779425,4.536283348779425,4.36889480188715,4.439317226409912,13000
2024-10-23 20:00:00-04:00,4.493487675579863,4.525990009307861,4.49077906166665,4.525990009307861,16000
2024-10-24 20:00:00-04:00,4.517865395364411,4.563910805906724,4.371603320718702,4.425774574279785,7300
2024-10-27 20:00:00-04:00,4.536824945691012,4.554701386120216,4.504322091903672,4.536283016204834,13600
2024-10-28 20:00:00-04:00,4.696630063285807,4.835037008860039,4.682545577926152,4.764614582061768,40600
2024-10-29 20:00:00-04:00,4.7914289792279074,4.834765773033339,4.750800799612232,4.757300853729248,16800
2024-10-30 20:00:00-04:00,4.726423470581536,4.726423470581536,4.5476590790054665,4.553075790405273,10600
2024-10-31 20:00:00-04:00,4.572035713435969,4.666835140174988,4.507030525087436,4.528698921203613,40600
2024-11-03 19:00:00-05:00,4.4528600074034514,4.4528600074034514,4.366186418767479,4.377020359039307,13700
2024-11-04 19:00:00-05:00,4.479945183419811,4.52571936431299,4.406814156616543,4.458276271820068,34200
2024-11-05 19:00:00-05:00,4.810388982939695,4.937690756014729,4.769760801457481,4.9295654296875,56100
2024-11-06 19:00:00-05:00,4.997279031715398,5.138123353940644,4.964505471464481,5.132706642150879,36300
2024-11-07 19:00:00-05:00,5.170625686645508,5.211253862358462,5.107245773862522,5.170625686645508,61000
2024-11-10 19:00:00-05:00,5.533572028319508,5.910060605267359,5.5254461860301225,5.899226665496826,124000
2024-11-11 19:00:00-05:00,5.774633621522956,5.918187084390801,5.720462883610552,5.904644012451172,60900
2024-11-12 19:00:00-05:00,5.866723983458448,6.064448168708765,5.769757869094383,5.785467624664307,59800
2024-11-13 19:00:00-05:00,5.847764339631596,5.874849965410905,5.620245909669947,5.650040149688721,37600
2024-11-14 19:00:00-05:00,5.671708062585068,5.780050039833791,5.57961725276983,5.7692155838012695,76300
2024-11-17 19:00:00-05:00,5.739423052776847,5.871871360524955,5.701774188504892,5.83151388168335,38400
2024-11-18 19:00:00-05:00,5.782759205224908,5.907352361787005,5.758382193442698,5.8125529289245605,34400
2024-11-19 19:00:00-05:00,5.904642879749629,5.904642879749629,5.774632513761607,5.847763538360596,24000
2024-11-20 19:00:00-05:00,6.199876165158382,6.278424431300547,6.042780149489415,6.224253177642822,69700
2024-11-21 19:00:00-05:00,6.140287594367776,6.217481287423439,6.125119768825926,6.189041614532471,63900
2024-11-24 19:00:00-05:00,6.297383951278453,6.311197728871695,6.107785088034686,6.243212699890137,60000
2024-11-25 19:00:00-05:00,5.95881470195418,6.077991140645554,5.920895137349556,5.942563533782959,65800
2024-11-26 19:00:00-05:00,6.208001477478818,6.416560114631718,6.19716702102735,6.403017044067383,41300
2024-11-28 19:00:00-05:00,6.41114332743728,6.495108304250952,6.381349086761474,6.381349086761475,20400
2024-12-01 19:00:00-05:00,6.3678064588092536,6.451771434659414,6.270569118060728,6.338012218475342,23000
2024-12-02 19:00:00-05:00,6.229669547964913,6.338011523736896,6.178206915742487,6.319051742553711,27000
2024-12-03 19:00:00-05:00,6.443645370637928,6.698248883303035,6.443645370637928,6.690123558044434,27800
2024-12-04 19:00:00-05:00,6.844512049915393,6.906808631228984,6.568239580678544,6.614284992218018,73300
2024-12-05 19:00:00-05:00,6.709084296955505,6.960437818724647,6.687415898813603,6.912225723266602,65900
2024-12-08 19:00:00-05:00,6.673871840686609,6.755941345015259,6.424685040577062,6.446353435516357,52800
2024-12-09 19:00:00-05:00,6.492399590799464,6.500525433572955,6.2042098530888925,6.367806434631348,25900
2024-12-10 19:00:00-05:00,6.514067131678491,6.711791813577493,6.514067131678491,6.692831516265869,31000
2024-12-11 19:00:00-05:00,6.8147174305257785,6.849928899136458,6.650850143127441,6.679289817810059,23800
2024-12-12 19:00:00-05:00,6.733461155385659,6.806591674556809,6.680373245352623,6.774089336395264,38700
2024-12-15 19:00:00-05:00,6.852636951183651,7.109949620277942,6.850470266445678,7.020567417144775,65700
2024-12-16 19:00:00-05:00,7.055778922234219,7.080697865136471,6.91222597308662,6.952854156494141,39900
2024-12-17 19:00:00-05:00,6.817425714959365,6.833948106089188,6.486982541900768,6.514067649841309,44100
2024-12-18 19:00:00-05:00,6.573656037563718,6.6088669873755554,6.048196788159164,6.107784748077393,60300
2024-12-19 19:00:00-05:00,6.026528348921321,6.248629535751208,6.01569389267825,6.167373180389404,63400
2024-12-22 19:00:00-05:00,6.0481968148447605,6.0509054289369,5.903560025339424,6.018402576446533,56400
2024-12-23 19:00:00-05:00,6.185659952842292,6.307745425800163,6.165312309332809,6.295536994934082,148000
2024-12-25 19:00:00-05:00,6.067644306064673,6.080259853259651,5.997648704811049,6.026949405670166,87900
2024-12-26 19:00:00-05:00,6.100199824968439,6.100199824968439,5.921141425754056,5.994392395019531,52900
2024-12-29 19:00:00-05:00,5.949627995385676,6.077003641282979,5.847890169770807,6.039157390594482,130500
2024-12-30 19:00:00-05:00,6.128686695598998,6.144964731933831,5.949627907816839,5.961836338043213,147600
2025-01-01 19:00:00-05:00,6.173451454673509,6.246702815269453,6.125431187278215,6.185659885406494,55000
2025-01-02 19:00:00-05:00,6.218215993198603,6.405413613883461,6.206007562399313,6.360649108886719,50900
2025-01-05 19:00:00-05:00,6.409483011388293,6.6121444308309,6.393204974819838,6.551916122436523,63400
2025-01-06 19:00:00-05:00,6.454247711483058,6.454247711483058,6.0513660030702825,6.0757832527160645,57500
2025-01-07 19:00:00-05:00,6.01880969130115,6.043226939982865,5.803125611691838,5.896724224090576,27400
2025-01-09 19:00:00-05:00,5.90486366651883,6.002531888854737,5.774638981971939,5.9130024909973145,74500
2025-01-12 19:00:00-05:00,5.603719723272196,5.725804805755615,5.42466092959156,5.725804805755615,34500
2025-01-13 19:00:00-05:00,5.925211261799695,5.949628123136099,5.864168332260656,5.933350086212158,43000
2025-01-14 19:00:00-05:00,6.075783138791065,6.283328010443031,6.0566564553017646,6.226355075836182,41900
2025-01-15 19:00:00-05:00,6.132756185086159,6.163277844151692,5.99642747920997,6.153103828430176,44300
2025-01-16 19:00:00-05:00,6.267049620185584,6.39442564844116,6.254841190329745,6.393204689025879,54200
2025-01-20 19:00:00-05:00,6.22635490834136,6.311814696051695,6.083921799457803,6.234493732452393,60000
2025-01-21 19:00:00-05:00,6.181590282226008,6.181590282226008,6.100200097133637,6.108339309692383,39200
2025-01-22 19:00:00-05:00,6.022879244420861,6.226354891947923,6.01880963832656,6.112408638000488,64200
2025-01-23 19:00:00-05:00,6.283328107468409,6.346405840470034,6.185659885406494,6.185659885406494,29700
2025-01-26 19:00:00-05:00,5.860098695232195,5.945965601521911,5.754291649831703,5.921141624450684,68800
2025-01-27 19:00:00-05:00,5.9821842313823135,6.05543559201076,5.856029541521119,5.8682379722595215,19700
2025-01-28 19:00:00-05:00,5.904863585403408,6.047296310661912,5.864168299272972,5.998462200164795,17800
2025-01-29 19:00:00-05:00,6.124617625608699,6.185660170182928,6.104269981384277,6.104269981384277,23100
2025-01-30 19:00:00-05:00,6.21007747089787,6.315884911237974,6.063574741781101,6.083922386169434,25700
2025-02-02 19:00:00-05:00,5.192698467633795,5.576860578391415,5.147933578091047,5.4979119300842285,134800
2025-02-03 19:00:00-05:00,5.554885441532944,5.632206410764868,5.428730747879426,5.457217216491699,37600
2025-02-04 19:00:00-05:00,5.534538154563485,5.53901448872049,5.379896605069318,5.445008754730225,16200
2025-02-05 19:00:00-05:00,5.477564492704255,5.477564492704255,5.322922952720153,5.383965492248535,26700
2025-02-06 19:00:00-05:00,5.5304679979168245,5.550815639686074,5.204906893905799,5.225254535675049,40700
2025-02-09 19:00:00-05:00,5.347340138583105,5.375826604948559,5.3107144600566665,5.359548568725586,27800
2025-02-10 19:00:00-05:00,5.310714571152064,5.343270644279055,5.188629102876349,5.208976745605469,30200
2025-02-11 19:00:00-05:00,5.1642115229976095,5.365652746196247,5.1642115229976095,5.343270301818848,13100
2025-02-12 19:00:00-05:00,5.278158219873183,5.302982195216897,5.22932411275619,5.2903666496276855,52000
2025-02-13 19:00:00-05:00,5.326992982212908,5.497912572195069,5.326992982212908,5.404313564300537,22700
2025-02-17 19:00:00-05:00,5.375826684961784,5.377861488032316,5.180489859279738,5.196768283843994,63100
2025-02-18 19:00:00-05:00,5.347340415933356,5.375826883776316,5.290367092148419,5.3554792404174805,53500
2025-02-19 19:00:00-05:00,5.460879507987826,5.461286623852748,5.355479189864777,5.453147411346436,23000
2025-02-20 19:00:00-05:00,5.534537898220285,5.546746328691491,5.208976776895737,5.221185207366943,37800
2025-02-23 19:00:00-05:00,5.286297524032914,5.300947873928958,5.184559694603032,5.213046550750732,160600
2025-02-24 19:00:00-05:00,4.850859303438724,4.932249482067094,4.719820785962909,4.907832622528076,65400
2025-02-25 19:00:00-05:00,4.736913364211417,4.87934608913324,4.557854571379567,4.643314361572266,29200
2025-02-26 19:00:00-05:00,4.692148590361082,4.692148590361082,4.509020574783751,4.537100315093994,20500
2025-02-27 19:00:00-05:00,4.407282535278585,4.582271717967071,4.370656856288066,4.521228790283203,36200
2025-03-02 19:00:00-05:00,4.903763516054009,4.903763516054009,4.431700043827556,4.472394943237305,56800
2025-03-03 19:00:00-05:00,4.317753301165319,4.582271888084354,4.240432722280688,4.513090133666992,30800
2025-03-04 19:00:00-05:00,4.639244691716743,4.708426444166644,4.545646078460409,4.696218013763428,24400
2025-03-05 19:00:00-05:00,4.704357258939469,4.754005212611613,4.570062971170557,4.631105899810791,20700
2025-03-06 19:00:00-05:00,4.614827507505057,4.724704149631903,4.521228512709098,4.525298118591309,23700
2025-03-09 20:00:00-04:00,4.366587378340076,4.366587378340076,3.931149600001328,4.020678997039795,114900
2025-03-10 20:00:00-04:00,4.130555744928254,4.220085144042969,4.028817914874859,4.220085144042969,61200
2025-03-11 20:00:00-04:00,4.179390329387494,4.18752915414484,4.028817996336786,4.134625434875488,24500
2025-03-12 20:00:00-04:00,4.14683371802973,4.14683371802973,4.012539815485719,4.0328874588012695,16000
2025-03-13 20:00:00-04:00,4.1631117719646005,4.252641170057103,4.146833734865875,4.2404327392578125,16900
2025-03-16 20:00:00-04:00,4.154972675337095,4.246536870582368,4.130555427238691,4.244502067565918,13800
2025-03-17 20:00:00-04:00,4.138695041303676,4.138695041303676,4.081721715606137,4.134625434875488,8100
2025-03-18 20:00:00-04:00,4.310480093221914,4.39022794006881,4.298211283711257,4.359555721282959,16000
2025-03-19 20:00:00-04:00,4.294121232472466,4.355465665500429,4.228687066571066,4.269583225250244,28800
2025-03-20 20:00:00-04:00,4.216418048521983,4.261403937839959,4.197605512249712,4.257314205169678,17000
2025-03-23 20:00:00-04:00,4.44543777576378,4.514961673555519,4.44543777576378,4.486334323883057,36500
2025-03-24 20:00:00-04:00,4.465885738965651,4.474064814009152,4.429078926223999,4.469975471496582,6600
2025-03-25 20:00:00-04:00,4.437258491671836,4.437258491671836,4.313342245306083,4.351376056671143,8800
2025-03-26 20:00:00-04:00,4.363645076751709,4.392272426471458,4.314569452938542,4.363645076751709,7600
2025-03-27 20:00:00-04:00,4.204148738843257,4.204148738843257,4.122356037702019,4.126445770263672,21000
2025-03-30 20:00:00-04:00,4.05692195892334,4.105997580601642,4.007846337245038,4.05692195892334,26300
2025-03-31 20:00:00-04:00,4.126446092995075,4.233185547081159,4.085549544216735,4.216418266296387,17700
2025-04-01 20:00:00-04:00,4.150984057387964,4.265494247536275,4.150984057387964,4.261404514312744,13800
2025-04-02 20:00:00-04:00,3.987398584257366,4.012754461938975,3.950591765692043,3.9955780506134033,14700
2025-04-03 20:00:00-04:00,4.011936279069841,4.1019080618286266,3.979627935519855,4.069190979003906,111500
2025-04-06 20:00:00-04:00,3.5538962752004304,3.766557699732665,3.541627466867689,3.6438684463500977,110100
2025-04-07 20:00:00-04:00,3.6970339705204074,3.724843452680527,3.48887139859622,3.500731468200684,27900
2025-04-08 20:00:00-04:00,3.488462117422189,3.8925184347896464,3.488462117422189,3.8401713371276855,25100
2025-04-09 20:00:00-04:00,3.7706473843505375,3.7706473843505375,3.5620756952662846,3.615241050720215,19400
2025-04-10 20:00:00-04:00,3.7686026057743143,3.8234036995900698,3.668406491629588,3.795185089111328,79500
2025-04-13 20:00:00-04:00,3.930143198739583,3.971039747453977,3.86061929993615,3.893336772918701,27700
2025-04-14 20:00:00-04:00,3.9260540321153257,3.954681383489388,3.831992121857332,3.844260931015015,20500
2025-04-15 20:00:00-04:00,3.795184996846804,3.864708893137588,3.750199106901512,3.82790207862854,11500
2025-04-16 20:00:00-04:00,3.848350312859765,3.8769776616211953,3.815633231412881,3.836081504821777,30700
2025-04-20 20:00:00-04:00,3.942412094357707,3.964904843405314,3.8606190032154,3.881067276000977,9700
2025-04-21 20:00:00-04:00,4.003756889786635,4.151392894609389,4.003756889786635,4.122356414794922,61700
2025-04-22 20:00:00-04:00,4.310479874236646,4.318659340173824,4.247090573297131,4.273673057556152,29000
2025-04-23 20:00:00-04:00,4.22050793139498,4.2532250169082415,4.208239121832113,4.236866474151611,13800
2025-04-24 20:00:00-04:00,4.265494253141306,4.3595557772955615,4.265494253141306,4.335018157958984,11600
2025-04-27 20:00:00-04:00,4.322748236117469,4.322748236117469,4.220507262585697,4.298210620880127,9900
2025-04-28 20:00:00-04:00,4.322748318325332,4.3534209229828695,4.314569243096793,4.351376056671143,9400
2025-04-29 20:00:00-04:00,4.265493981637378,4.277762790524741,4.146894455677123,4.273673057556152,7200
2025-04-30 20:00:00-04:00,4.416810100402155,4.445437447963677,4.352602547990563,4.396361827850342,21100
2025-05-01 20:00:00-04:00,4.404541670976919,4.445437829572829,4.384093396669766,4.392272472381592,14300
2025-05-04 20:00:00-04:00,4.290031730741833,4.3104800061923525,4.273673188385101,4.302300930023193,8500
2025-05-05 20:00:00-04:00,4.22459753009102,4.290031699034328,4.218462930495681,4.2777628898620605,9200
2025-05-06 20:00:00-04:00,4.375914006600413,4.392681677626243,4.306390106765045,4.31865930557251,5700
2025-05-07 20:00:00-04:00,4.600844060284812,4.838043100635803,4.5926645947465925,4.829864025115967,50400
2025-05-08 20:00:00-04:00,5.140676485838744,5.2020213094756125,5.050704701867437,5.136587142944336,61200
2025-05-11 20:00:00-04:00,5.422861600784153,5.435130409016065,5.169304020553822,5.251096725463867,54100
2025-05-12 20:00:00-04:00,5.398323558943856,5.635522596638565,5.37378594264075,5.598715782165527,38700
2025-05-13 20:00:00-04:00,5.480116321038143,5.488704525836524,5.398323615802334,5.451488971710205,30200
2025-05-14 20:00:00-04:00,5.390144579870994,5.4596684773365824,5.300172408441694,5.35333776473999,16300
2025-05-15 20:00:00-04:00,5.455578704476592,5.4637577799909804,5.426951355148654,5.451488971710205,19200
2025-05-18 20:00:00-04:00,5.185662856082759,5.4228619088040455,5.185662856082759,5.3901448249816895,30900
2025-05-19 20:00:00-04:00,5.341069034899747,5.410592543369166,5.300172486371015,5.406503200531006,20300
2025-05-20 20:00:00-04:00,5.418771889615882,5.594626498386657,5.345158259894463,5.451488971710205,30700
2025-05-21 20:00:00-04:00,5.692777865907024,5.725494948698113,5.651881317408967,5.655971050262451,34400
2025-05-22 20:00:00-04:00,5.484205757714832,5.565998458534691,5.484205757714832,5.508743762969971,30200
2025-05-26 20:00:00-04:00,5.668239904365301,5.709136453192081,5.606895471143526,5.684598445892334,25400
2025-05-27 20:00:00-04:00,5.623253760514436,5.6477917667138575,5.521012783050537,5.521012783050537,28400
2025-05-28 20:00:00-04:00,5.643702419913956,5.643702419913956,5.492794549010137,5.516923427581787,34100
2025-05-29 20:00:00-04:00,5.455578724326408,5.473982131823723,5.365606553230469,5.402413368225098,19600
2025-06-01 20:00:00-04:00,5.308351484016147,5.390144579870994,5.296082675645274,5.35333776473999,19800
2025-06-02 20:00:00-04:00,5.4719376015684125,5.541461503047184,5.459668792489338,5.4964752197265625,12600
2025-06-03 20:00:00-04:00,5.451489071175108,5.529192435080646,5.443309995511488,5.455578804016113,11000
2025-06-04 20:00:00-04:00,5.49238544213917,5.49238544213917,5.259275747970607,5.275634288787842,20500
2025-06-05 20:00:00-04:00,5.2879034213450575,5.357427316460809,5.2879034213450575,5.296082496643066,16300
2025-06-08 20:00:00-04:00,5.447399252672805,5.525102615356445,5.406503094961023,5.525102615356445,22400
2025-06-09 20:00:00-04:00,5.725494795755206,5.790928959589468,5.625298683631695,5.745943069458008,33400
2025-06-10 20:00:00-04:00,5.786839327044205,5.840004683584694,5.738172832607626,5.750032901763916,23000
2025-06-11 20:00:00-04:00,5.627343955866397,5.6940051223354295,5.570088863372803,5.570088863372803,18800
2025-06-12 20:00:00-04:00,5.377875494024275,5.426951508571549,5.316531060867774,5.361516952514648,38800
2025-06-15 20:00:00-04:00,5.4801165231841376,5.594626704756609,5.4801165231841376,5.586447238922119,25400
2025-06-16 20:00:00-04:00,5.405842039441199,5.409946797025124,5.241655650596478,5.352481365203857,48100
2025-06-17 20:00:00-04:00,5.25807457768386,5.368900298365761,5.253969819874946,5.274493217468262,43600
2025-06-19 20:00:00-04:00,5.401737447588703,5.40994696300843,5.126724944247679,5.192399501800537,30200
2025-06-22 20:00:00-04:00,4.954328744929676,5.085678243797705,4.900968072178792,5.081573486328125,80900
2025-06-23 20:00:00-04:00,5.237551180090544,5.307330497037066,5.226468412296729,5.274493217468262,22400
2025-06-24 20:00:00-04:00,5.340167475552343,5.340167475552343,5.262178647384638,5.327853202819824,18200
2025-06-25 20:00:00-04:00,5.311434602439144,5.343040766273435,5.27695557802126,5.315539360046387,48600
2025-06-26 20:00:00-04:00,5.270388164886628,5.319644081484952,5.241655644733745,5.2580742835998535,8700
2025-06-29 20:00:00-04:00,5.352481769597102,5.401737689971924,5.283113083573196,5.401737689971924,16100
2025-06-30 20:00:00-04:00,5.319643810788353,5.319643810788353,5.204713344573975,5.204713344573975,29800
2025-07-01 20:00:00-04:00,5.32785344253445,5.553610030588726,5.307330436625989,5.537191390991211,18200
2025-07-02 20:00:00-04:00,5.52487743607881,5.5946567513081,5.492040157318115,5.492040157318115,22700
2025-07-06 20:00:00-04:00,5.446889020679927,5.460844648916006,5.393528344597878,5.430469989776611,25000
2025-07-07 20:00:00-04:00,5.479726386868189,5.53719143014016,5.446889107440993,5.524877548217773,29200
2025-07-08 20:00:00-04:00,5.598761314563156,5.795784980284421,5.531855253762888,5.758842945098877,52800
2025-07-09 20:00:00-04:00,5.771157449663677,5.886087925951997,5.734215412993906,5.849145889282227,31600
2025-07-10 20:00:00-04:00,6.156995448153734,6.185727968314058,6.070797496221533,6.177518844604492,49300
2025-07-13 20:00:00-04:00,6.321181758345827,6.337600397012262,6.193937406543761,6.202146530151367,79900
2025-07-14 20:00:00-04:00,6.1980419062101575,6.251402186067655,6.083111048875466,6.1734137535095215,46700
2025-07-15 20:00:00-04:00,6.370438193118344,6.604403896653975,6.357713679393575,6.583469867706299,77100
2025-07-16 20:00:00-04:00,6.596193988992647,6.66802606856577,6.542833317572117,6.607686996459961,63100
2025-07-17 20:00:00-04:00,6.817846210492559,6.89378226476533,6.694705837801732,6.702505111694336,46000
2025-07-20 20:00:00-04:00,6.9574051504563,7.064125715643543,6.858892534602384,6.88352108001709,69900
2025-07-21 20:00:00-04:00,6.9081491014211815,6.957405411194084,6.8096372647778605,6.866692066192627,52900
2025-07-22 20:00:00-04:00,6.862997242320951,6.862997242320951,6.70907235765814,6.778441429138184,34400
2025-07-23 20:00:00-04:00,6.842474605928781,6.96561420712794,6.797323053467927,6.932776927947998,52200
2025-07-24 20:00:00-04:00,6.826055322320227,6.838779836035609,6.711125240894144,6.765717029571533,67400
2025-07-27 20:00:00-04:00,6.994347210500964,7.03128846294923,6.883521104448793,6.936060905456543,71100
2025-07-28 20:00:00-04:00,7.02718432910924,7.080134369805356,6.842474156539125,6.892550945281982,34800
2025-07-29 20:00:00-04:00,6.862997380791885,6.982033003126017,6.76038078894624,6.863818645477295,29400
2025-07-30 20:00:00-04:00,6.940986229074841,6.9635620046079465,6.821951389312744,6.821951389312744,47400
2025-07-31 20:00:00-04:00,6.698810810513666,6.713177070354034,6.5099962709305,6.514101028442383,31400
2025-08-03 20:00:00-04:00,6.583880408931587,6.776799305115092,6.583880408931587,6.715229511260986,33800
2025-08-04 20:00:00-04:00,6.649555120399184,6.6700781245445055,6.538729019048632,6.579775810241699,24000
2025-08-05 20:00:00-04:00,6.59619429082731,6.73985767364502,6.59619429082731,6.73985767364502,12700
2025-08-06 20:00:00-04:00,6.904044240622945,6.986137828051322,6.8547887144878965,6.977107048034668,29900
2025-08-07 20:00:00-04:00,6.998451330051742,7.125696469072664,6.982033082279591,7.117486953735352,69300
2025-08-10 20:00:00-04:00,7.335034330044576,7.51563896801399,7.326824814799839,7.371565341949463,66700
2025-08-11 20:00:00-04:00,7.53205795780544,7.642884064303161,7.445859614006393,7.634674549102783,59100
2025-08-12 20:00:00-04:00,7.831697996146172,7.942524099525714,7.757813927226477,7.938419342041016,80900
2025-08-13 20:00:00-04:00,7.614150647918192,7.790651307590349,7.544371335557164,7.601837158203125,79000
2025-08-14 20:00:00-04:00,7.692139629843973,7.692139629843973,7.413022374794161,7.4171271324157715,46000
2025-08-17 20:00:00-04:00,7.343242898189923,7.40850721199206,7.252940581224401,7.370333671569824,46800
2025-08-18 20:00:00-04:00,7.318615038776389,7.318615038776389,7.035393036144536,7.067820072174072,56800
2025-08-19 20:00:00-04:00,7.117486638365075,7.302196810757873,7.027184322363285,7.299323558807373,43700
2025-08-20 20:00:00-04:00,7.252940661197623,7.252940661197623,7.113382035228713,7.117897033691406,21400
2025-08-21 20:00:00-04:00,7.150324142580936,7.844012521841707,7.150324142580936,7.828824996948242,68900
2025-08-24 20:00:00-04:00,7.511534187085131,7.536162732742923,7.252940720898003,7.273463726043701,81700
2025-08-25 20:00:00-04:00,7.298092032443801,7.441754629558839,7.25294048312054,7.430672645568848,40500
2025-08-26 20:00:00-04:00,7.48280176880633,7.527953320225813,7.4048137218667325,7.439702987670898,26600
2025-08-27 20:00:00-04:00,7.50332519414909,7.540267228450178,7.330929295044821,7.337496280670166,33600
2025-08-28 20:00:00-04:00,7.236521969776265,7.240626727544333,7.060022083164276,7.122002124786377,37200
2025-09-01 20:00:00-04:00,7.117486861013146,7.326824801972646,7.117486861013146,7.135547637939453,21200
2025-09-02 20:00:00-04:00,7.240626268204057,7.376080134347247,7.240626268204057,7.356788635253906,9200
2025-09-03 20:00:00-04:00,7.236521601100052,7.238984612215909,7.096552734820574,7.109277248382568,17100
2025-09-04 20:00:00-04:00,7.376080060286275,7.376080060286275,7.1215913605858,7.20081090927124,21800
2025-09-07 20:00:00-04:00,7.244731063638976,7.277568340969765,7.183161266506552,7.1864447593688965,22400
2025-09-08 20:00:00-04:00,7.269358915616936,7.277568430776552,7.133905047093093,7.166742324829102,28900
2025-09-09 20:00:00-04:00,7.310405566372261,7.396603908067316,7.244731012177191,7.263612270355225,16400
2025-09-10 20:00:00-04:00,7.351452606690612,7.400708915451268,7.3432430914134255,7.380185127258301,15700
2025-09-11 20:00:00-04:00,7.482801574131718,7.671616507326184,7.462278569239961,7.659302234649658,36900
2025-09-14 20:00:00-04:00,7.486906271609924,7.486906271609924,7.417126959474479,7.458173751831055,28200
2025-09-15 20:00:00-04:00,7.482801674272434,7.519333469003308,7.384289840249223,7.503325462341309,23700
2025-09-16 20:00:00-04:00,7.491011142730713,7.5156389053571395,7.367871546696123,7.491011142730713,30100
2025-09-17 20:00:00-04:00,7.610439033020764,7.655739517837461,7.571727980981278,7.598084926605225,38600
2025-09-18 20:00:00-04:00,7.523956878865417,7.528075176019249,7.392174511882256,7.404528617858887,32100
2025-09-21 20:00:00-04:00,7.145082161897976,7.153318756183567,7.050363684068278,7.0528340339660645,34300
2025-09-22 20:00:00-04:00,7.128608827301373,7.140963718476676,7.038008648470362,7.049539566040039,22800
2025-09-23 20:00:00-04:00,7.108018439978932,7.1574364358829765,7.087426953781511,7.119137763977051,316000
2025-09-24 20:00:00-04:00,6.926817171086607,6.939172062594984,6.671489030459097,6.774444103240967,85700
2025-09-25 20:00:00-04:00,6.774443937911471,6.930935299107417,6.762089046704613,6.865044116973877,68500
2025-09-28 20:00:00-04:00,7.029772239998334,7.184204849086117,7.029772239998334,7.176380634307861,58300
2025-09-29 20:00:00-04:00,7.120373288783603,7.215091768266232,7.042127212674751,7.15249490737915,68500
2025-09-30 20:00:00-04:00,7.334519075980959,7.416883447400245,7.323812131858276,7.399998664855957,59700
2025-10-01 20:00:00-04:00,7.495129704948791,7.666034719417712,7.43335603213159,7.660269260406494,58700
2025-10-02 20:00:00-04:00,7.643384270157089,7.795758121230252,7.577493087391629,7.717923641204834,47700
2025-10-05 20:00:00-04:00,7.85753094700424,7.997138311622709,7.845176055773053,7.981076717376709,26800
2025-10-06 20:00:00-04:00,7.997550033476944,7.997550033476944,7.593966339294218,7.635148525238037,30200
2025-10-07 20:00:00-04:00,7.672211854210259,7.860414033201962,7.618675560748082,7.72698450088501,31600
2025-10-08 20:00:00-04:00,7.635148440714775,7.635148440714775,7.400410219079084,7.479480266571045,24300
2025-10-09 20:00:00-04:00,7.544547693037122,7.598084771360232,7.01741821714729,7.063541889190674,56700
2025-10-12 20:00:00-04:00,7.083309478550781,7.272746439634555,7.054481397725745,7.263686656951904,51300
2025-10-13 20:00:00-04:00,6.848571252778817,7.08948653706135,6.77856177026341,7.038832187652588,48600
2025-10-14 20:00:00-04:00,6.976236138262091,7.013300028293879,6.81727363359581,6.876986980438232,25100
2025-10-15 20:00:00-04:00,6.922698703195794,6.948231673725847,6.663252271797059,6.687138080596924,49500
2025-10-16 20:00:00-04:00,6.514996941587853,6.626188609760461,6.449105757222948,6.599420070648193,59300
2025-10-19 20:00:00-04:00,6.885635046457199,6.930935530241515,6.7950348643734415,6.868751049041748,35000
2025-10-20 20:00:00-04:00,6.712670490193122,7.062717897825618,6.680137277592682,6.913227558135986,30000
2025-10-21 20:00:00-04:00,6.634425122109388,6.696198008501747,6.593242936019527,6.601479530334473,24300
2025-10-22 20:00:00-04:00,6.696198233517836,6.81974401045413,6.655016046044106,6.737792015075684,21300
2025-10-23 20:00:00-04:00,6.860925798870535,6.860925798870535,6.733261732063802,6.804506778717041,35200
2025-10-26 20:00:00-04:00,7.136845733762365,7.219210107566032,7.108018438576545,7.163614273071289,36400
2025-10-27 20:00:00-04:00,7.132727186192931,7.182145965837703,6.984471632743472,6.986942768096924,24500
2025-10-28 20:00:00-04:00,6.980354227328493,6.980354227328493,6.720907004844888,6.780209541320801,28700
2025-10-29 20:00:00-04:00,6.626188549280646,6.626188549280646,6.457342292701091,6.461048603057861,43500
2025-10-30 20:00:00-04:00,6.712670472572476,6.757970956230967,6.646779288424601,6.740262985229492,18700
2025-11-02 19:00:00-05:00,6.539706230730846,6.552060729422162,6.321441587719575,6.360976219177246,60300
2025-11-03 19:00:00-05:00,6.218486715374592,6.313205196288937,5.7696025234945685,5.861850261688232,164100
2025-11-04 19:00:00-05:00,6.04140378800881,6.218486641384649,6.016694397383775,6.169479846954346,162800
2025-11-05 19:00:00-05:00,6.061994760296641,6.061994760296641,5.893148504749915,5.959039688110352,50200
2025-11-06 19:00:00-05:00,5.856084594787607,6.193777104662221,5.82725690761464,6.1875996589660645,54800
2025-11-09 19:00:00-05:00,6.366741844302449,6.366741844302449,6.247313973188608,6.336266994476318,25500
2025-11-10 19:00:00-05:00,6.267904946157729,6.267904946157729,6.119649389872982,6.125826835632324,34300
2025-11-11 19:00:00-05:00,6.292614030616937,6.300850625076482,6.012576495613885,6.057876586914063,32400
2025-11-12 19:00:00-05:00,6.099058825457528,6.140240619877226,5.724302021960879,5.732950210571289,26500
2025-11-13 19:00:00-05:00,5.617228902008641,5.782368847872082,5.588401214618017,5.595814228057861,49000
2025-11-16 19:00:00-05:00,5.56369232439688,5.684767356995979,5.34954558076044,5.409671306610107,58600
2025-11-17 19:00:00-05:00,5.460737083317095,5.613110541915892,5.44426428759675,5.545983791351318,37400
2025-11-18 19:00:00-05:00,5.415436556914335,5.49780092759514,5.1971719171920245,5.289419651031494,91100
2025-11-19 19:00:00-05:00,5.398963649434564,5.401022797933152,5.065389447511762,5.095452308654785,89300
2025-11-20 19:00:00-05:00,4.921252436826936,5.038621157827644,4.843006753740611,4.958316326141357,43400
2025-11-23 19:00:00-05:00,5.053034954914721,5.308363477888889,5.02420726864467,5.296008586883545,76200
2025-11-24 19:00:00-05:00,5.188935983100981,5.249061709730768,5.110689905471499,5.213644981384277,54100
2025-11-25 19:00:00-05:00,5.21364479484504,5.394845941904094,5.174521757430084,5.378373146057129,38500
2025-11-27 19:00:00-05:00,5.55133754010634,5.55133754010634,5.370136778150852,5.403494358062744,56300
2025-11-30 19:00:00-05:00,5.081862345201321,5.0900985466192825,4.927429739375879,4.99949836730957,70900
2025-12-01 19:00:00-05:00,5.172462981707044,5.436027714244901,5.172462981707044,5.361900329589844,42000
2025-12-02 19:00:00-05:00,5.497800890003101,5.576046570323937,5.460737001998654,5.547219276428223,30900
2025-12-03 19:00:00-05:00,5.588401068744612,5.618875917107528,5.436027612414882,5.547219276428223,53800
2025-12-04 19:00:00-05:00,5.44838212823852,5.518391607416669,5.3001269684896055,5.340485572814941,31600
2025-12-07 19:00:00-05:00,5.514273934539339,5.542689242916072,5.407200562744219,5.47721004486084,31200
2025-12-08 19:00:00-05:00,5.452500746905914,5.819020959942443,5.440146247717083,5.716065883636475,33000
2025-12-09 19:00:00-05:00,5.691356450667276,5.864321009008874,5.66458830383123,5.727596759796143,31700
2025-12-10 19:00:00-05:00,5.514273890717076,5.600756168365479,5.452500610829682,5.600756168365479,40100
2025-12-11 19:00:00-05:00,5.621347043767414,5.625465341103158,5.37013679742376,5.419555187225342,69100
2025-12-14 19:00:00-05:00,5.427791447272083,5.456618741360184,5.110689641333278,5.155990123748779,81900
2025-12-15 19:00:00-05:00,5.176580967191137,5.258945340141948,5.176580967191137,5.225999355316162,62300
2025-12-16 19:00:00-05:00,5.21999979019165,5.369999885559082,5.010000228881836,5.059999942779541,378300
2025-12-17 19:00:00-05:00,5.25,5.309999942779541,4.980000019073486,4.985000133514404,1290800
2025-12-18 19:00:00-05:00,5.25,5.322999954223633,5.190000057220459,5.269999980926514,227100
2025-12-21 19:00:00-05:00,5.389999866485596,5.400000095367432,5.235000133514404,5.260000228881836,155700
2025-12-22 19:00:00-05:00,5.210000038146973,5.255000114440918,5.150000095367432,5.230000019073486,101000
2025-12-23 19:00:00-05:00,5.179999828338623,5.210000038146973,5.130000114440918,5.179999828338623,48000
2025-12-25 19:00:00-05:00,5.269999980926514,5.275000095367432,5.130000114440918,5.193999767303467,51600
2025-12-28 19:00:00-05:00,5.179999828338623,5.230000019073486,5.159999847412109,5.159999847412109,412600
2025-12-29 19:00:00-05:00,5.230000019073486,5.300000190734863,5.210000038146973,5.210000038146973,139800
2025-12-30 19:00:00-05:00,5.289999961853027,5.306000232696533,5.199999809265137,5.21999979019165,269500
2026-01-01 19:00:00-05:00,5.329999923706055,5.489999771118164,5.300000190734863,5.409999847412109,219500
2026-01-04 19:00:00-05:00,5.550000190734863,5.690000057220459,5.514999866485596,5.670000076293945,167100
2026-01-05 19:00:00-05:00,5.730000019073486,5.730000019073486,5.510000228881836,5.610000133514404,202200
2026-01-06 19:00:00-05:00,5.53000020980835,5.550000190734863,5.449999809265137,5.46999979019165,41400
2026-01-07 19:00:00-05:00,5.369999885559082,5.468999862670898,5.349999904632568,5.426000118255615,201400
2026-01-08 19:00:00-05:00,5.420000076293945,5.489999771118164,5.369999885559082,5.380000114440918,54900
2026-01-11 19:00:00-05:00,5.389999866485596,5.505000114440918,5.389999866485596,5.449999809265137,36100
2026-01-12 19:00:00-05:00,5.53000020980835,5.639999866485596,5.5,5.625,224600
2026-01-13 19:00:00-05:00,5.769999980926514,5.894999980926514,5.760000228881836,5.889999866485596,56500
2026-01-14 19:00:00-05:00,5.849999904632568,5.849999904632568,5.710000038146973,5.715000152587891,58500
2026-01-15 19:00:00-05:00,5.760000228881836,5.760000228881836,5.665999889373779,5.730000019073486,29200
2026-01-19 19:00:00-05:00,5.400000095367432,5.409999847412109,5.263000011444092,5.289000034332275,98900
2026-01-20 19:00:00-05:00,5.260000228881836,5.360000133514404,5.119999885559082,5.335000038146973,74300
2026-01-21 19:00:00-05:00,5.260000228881836,5.269999980926514,5.185999870300293,5.21999979019165,141200
2026-01-22 19:00:00-05:00,5.230000019073486,5.34499979019165,5.170000076293945,5.235000133514404,46800
2026-01-23 00:00:00,5.230000019073486,5.34499979019165,5.170000076293945,5.235000133514404,46800
