Date,Open,High,Low,Close,Volume
2021-01-25 19:00:00-05:00,18.6714500150858,18.6714500150858,18.635698961774043,18.662511825561523,22300
2021-01-26 19:00:00-05:00,18.61781361958891,18.671441026131475,18.61781361958891,18.653566360473636,65200
2021-01-27 19:00:00-05:00,18.671445521684976,18.671445521684976,18.653570851723423,18.658039093017575,14100
2021-01-28 19:00:00-05:00,18.65804234443744,18.671448775441096,18.64463591343379,18.66161727905273,53600
2021-01-31 19:00:00-05:00,18.65357318685864,18.680386047549984,18.644634998366477,18.674129486083984,59400
2021-02-01 19:00:00-05:00,18.671443939208984,18.68038212582468,18.65356927076237,18.671443939208984,24700
2021-02-02 19:00:00-05:00,18.65357272956558,18.68932377787265,18.64820947564473,18.68038558959961,9000
2021-02-03 19:00:00-05:00,18.67144704908413,18.69826161339739,18.66697880742445,18.68932342529297,39400
2021-02-04 19:00:00-05:00,18.69826048739597,18.69826048739597,18.680384112263635,18.69647216796875,58900
2021-02-07 19:00:00-05:00,18.689321412387613,18.69825959952936,18.653570368605507,18.6866397857666,41700
2021-02-08 19:00:00-05:00,18.68485673745599,18.716139546030394,18.662510412944098,18.69826316833496,104800
2021-02-09 19:00:00-05:00,18.71613883972168,18.73401351195735,18.698262462700864,18.71613883972168,32300
2021-02-10 19:00:00-05:00,18.711668043161488,18.72507617771065,18.68038523718855,18.68932342529297,101300
2021-02-11 19:00:00-05:00,18.71613798960623,18.72507617771065,18.67144704908413,18.68932342529297,71700
2021-02-15 19:00:00-05:00,18.680386790639528,18.73401421894062,18.680386790639528,18.69826316833496,71700
2021-02-16 19:00:00-05:00,18.702732826028083,18.717034270223987,18.653575340822588,18.662511825561523,57100
2021-02-17 19:00:00-05:00,18.675918263844203,18.680386505807324,18.653573644458216,18.66787338256836,12600
2021-02-18 19:00:00-05:00,18.65357155558912,18.675916172472903,18.62139373887428,18.64016342163086,54100
2021-02-21 19:00:00-05:00,18.680380965706984,18.680380965706984,18.599938995946232,18.60887718200684,22300
2021-02-22 19:00:00-05:00,18.61245934800809,18.62230266215086,18.59008786916827,18.613353729248047,139200
2021-02-23 19:00:00-05:00,18.61336052831571,18.61336052831571,18.5686175542924,18.586515426635746,23000
2021-02-24 19:00:00-05:00,18.595461764480536,18.595461764480536,18.52387199194538,18.5686149597168,24200
2021-02-25 19:00:00-05:00,18.53282527232927,18.586518899391567,18.53282527232927,18.57756996154785,17600
2021-02-28 19:00:00-05:00,18.55519328414111,18.604411575107253,18.53282009236749,18.54176902770996,28500
2021-03-01 19:00:00-05:00,18.595458826333807,18.604407759841088,18.54534616416065,18.564138412475582,19900
2021-03-02 19:00:00-05:00,18.55071500383576,18.59545967341042,18.55071500383576,18.5605583190918,28300
2021-03-03 19:00:00-05:00,18.55966514393333,18.58651194742289,18.55966514393333,18.573087692260746,16900
2021-03-04 19:00:00-05:00,18.571305687754776,18.60709973193195,18.571305687754776,18.5847282409668,12300
2021-03-07 19:00:00-05:00,18.595461764480536,18.62230686240946,18.5686149597168,18.5686149597168,12500
2021-03-08 19:00:00-05:00,18.595467837235283,18.640210819618492,18.57756996154785,18.57756996154785,33600
2021-03-09 19:00:00-05:00,18.63304831581053,18.640206781800696,18.577565937299237,18.63036346435547,55700
2021-03-10 19:00:00-05:00,18.6401994791882,18.64914841158751,18.613352681990257,18.63214492797852,38500
2021-03-11 19:00:00-05:00,18.658103253768395,18.658103253768395,18.625886745559715,18.64020538330078,10100
2021-03-14 20:00:00-04:00,18.64020538330078,18.658103253768395,18.622307512833167,18.64020538330078,43100
2021-03-15 20:00:00-04:00,18.64020538330078,18.652733551261136,18.63215082953989,18.64020538330078,16400
2021-03-16 20:00:00-04:00,18.64736384875388,18.648259937061667,18.622307512833167,18.64020538330078,15600
2021-03-17 20:00:00-04:00,18.62230266215086,18.63125159505368,18.604406503179657,18.613353729248047,29000
2021-03-18 20:00:00-04:00,18.63930614671654,18.63930614671654,18.604406503179657,18.613353729248047,120300
2021-03-21 20:00:00-04:00,18.64020660271757,18.64020660271757,18.613359795259868,18.6223087310791,26900
2021-03-22 20:00:00-04:00,18.631250381469727,18.631250381469727,18.61335251682991,18.631250381469727,9800
2021-03-23 20:00:00-04:00,18.640199313789637,18.66704611074936,18.627671149908625,18.631250381469727,133900
2021-03-24 20:00:00-04:00,18.633939729325185,18.660816220060568,18.633939729325185,18.642898559570312,12100
2021-03-25 20:00:00-04:00,18.642900452292597,18.651859283447266,18.6160256675509,18.651859283447266,7900
2021-03-28 20:00:00-04:00,18.67873388055082,18.67873388055082,18.624982607802213,18.642898559570312,7700
2021-03-29 20:00:00-04:00,18.66977371827408,18.66977371827408,18.6249812789664,18.63125228881836,18100
2021-03-30 20:00:00-04:00,18.66082013002818,18.66082013002818,18.64290246578367,18.64738273620605,34600
2021-03-31 20:00:00-04:00,18.64289851847913,18.669775009155277,18.61602373652514,18.669775009155277,51000
2021-04-04 20:00:00-04:00,18.66977694575661,18.66977694575661,18.63394162113792,18.651859283447266,38200
2021-04-05 20:00:00-04:00,18.658134201455532,18.66978085526769,18.642904356175645,18.656343460083008,53100
2021-04-06 20:00:00-04:00,18.669775009155277,18.687692669606037,18.64289851847913,18.669775009155277,20000
2021-04-07 20:00:00-04:00,18.678733825683597,18.696651486121212,18.66798254593216,18.678733825683597,33800
2021-04-08 20:00:00-04:00,18.67873373319341,18.69665139354231,18.67246272294351,18.67425346374512,261400
2021-04-11 20:00:00-04:00,18.714573063148947,18.714573063148947,18.67784406955045,18.683218002319336,18400
2021-04-12 20:00:00-04:00,18.687686909230464,18.70112429606546,18.687686909230464,18.696645736694336,36300
2021-04-13 20:00:00-04:00,18.705615997314453,18.714574831072472,18.68770003852124,18.705615997314453,13300
2021-04-14 20:00:00-04:00,18.72801399230957,18.75041022241046,18.72353372105569,18.72801399230957,22300
2021-04-15 20:00:00-04:00,18.714569091796875,18.73248675381803,18.69396531832262,18.714569091796875,13500
2021-04-18 20:00:00-04:00,18.72352786496146,18.75040435791016,18.721737123998256,18.75040435791016,41800
2021-04-19 20:00:00-04:00,18.73248863220215,18.750406296019975,18.71457096838432,18.73248863220215,273000
2021-04-20 20:00:00-04:00,18.735176429080887,18.753113820934065,18.71903346065456,18.726207733154297,77300
2021-04-21 20:00:00-04:00,18.726207733154297,18.735176429080887,18.726207733154297,18.726207733154297,16400
2021-04-22 20:00:00-04:00,18.726207733154297,18.74235241218446,18.726207733154297,18.726207733154297,20600
2021-04-25 20:00:00-04:00,18.733383716257872,18.744145125007478,18.717240747831543,18.726207733154297,58900
2021-04-26 20:00:00-04:00,18.744146936730576,18.744146936730576,18.725313186645508,18.725313186645508,19800
2021-04-27 20:00:00-04:00,18.71723747253418,18.735173150644982,18.71723747253418,18.71723747253418,38600
2021-04-28 20:00:00-04:00,18.7262070495336,18.7262070495336,18.699302673339844,18.699302673339844,76900
2021-04-29 20:00:00-04:00,18.72620474919431,18.731586308013497,18.717237765300418,18.719926834106445,40600
2021-05-02 20:00:00-04:00,18.726207733154297,18.726207733154297,18.68136596412519,18.726207733154297,63800
2021-05-03 20:00:00-04:00,18.710959557544516,18.72620445628781,18.708268778177008,18.71723747253418,36300
2021-05-04 20:00:00-04:00,18.70827205190496,18.735176429080887,18.70827205190496,18.726207733154297,28600
2021-05-05 20:00:00-04:00,18.735173150644982,18.735173150644982,18.69930008381984,18.71723747253418,83900
2021-05-06 20:00:00-04:00,18.70827170974192,18.73517608642578,18.70827170974192,18.73517608642578,34700
2021-05-09 20:00:00-04:00,18.72621242744637,18.735181125621235,18.70827674170091,18.730697631835938,193500
2021-05-10 20:00:00-04:00,18.708268778177008,18.72620445628781,18.708268778177008,18.71723747253418,57900
2021-05-11 20:00:00-04:00,18.71544182724159,18.72620323340532,18.71006026885801,18.72171974182129,29200
2021-05-12 20:00:00-04:00,18.717248037653672,18.726215026468804,18.70827933823404,18.7127628326416,36400
2021-05-13 20:00:00-04:00,18.735173150644982,18.735173150644982,18.708268778177008,18.71723747253418,14000
2021-05-16 20:00:00-04:00,18.70827566858964,18.73518005096672,18.70827566858964,18.72441864013672,14700
2021-05-17 20:00:00-04:00,18.72620445628781,18.735173150644982,18.71723747253418,18.71723747253418,31100
2021-05-18 20:00:00-04:00,18.72620445628781,18.739658353125343,18.71723747253418,18.71723747253418,61500
2021-05-19 20:00:00-04:00,18.735181125621235,18.735181125621235,18.71814179651198,18.730697631835938,16400
2021-05-20 20:00:00-04:00,18.73069172710782,18.744156809623117,18.726203937017207,18.73338508605957,8700
2021-05-23 20:00:00-04:00,18.753138104216777,18.753138104216777,18.726207933438936,18.730695724487305,44400
2021-05-24 20:00:00-04:00,18.74415076222946,18.75312805175781,18.72619789541566,18.75312805175781,22400
2021-05-25 20:00:00-04:00,18.735181210872813,18.753134083460925,18.717226626041253,18.72620391845703,32500
2021-05-26 20:00:00-04:00,18.748651871478355,18.75313966289973,18.74326515197754,18.74326515197754,20400
2021-05-27 20:00:00-04:00,18.79802768277673,18.79802768277673,18.74416390783104,18.748653411865234,10200
2021-05-31 20:00:00-04:00,18.744155883789062,18.762110467751587,18.744155883789062,18.744155883789062,25500
2021-06-01 20:00:00-04:00,18.780059920342865,18.780059920342865,18.73517518494401,18.75312805175781,35500
2021-06-02 20:00:00-04:00,18.771082630814515,18.771082630814515,18.72619789541566,18.75312805175781,26900
2021-06-03 20:00:00-04:00,18.76300255656613,18.771082630814515,18.75312805175781,18.75312805175781,67100
2021-06-06 20:00:00-04:00,18.77109757744875,18.780074874125344,18.77109757744875,18.77558708190918,12400
2021-06-07 20:00:00-04:00,18.78186378823368,18.78904493791285,18.77109035147132,18.784555435180664,495100
2021-06-08 20:00:00-04:00,18.79802131652832,18.79802131652832,18.78006673096036,18.79802131652832,21200
2021-06-09 20:00:00-04:00,18.802505493164062,18.80699499481498,18.798017703756337,18.802505493164062,9100
2021-06-10 20:00:00-04:00,18.878811611040927,18.878811611040927,18.798017703756337,18.802505493164062,144900
2021-06-13 20:00:00-04:00,18.798020007035728,18.806997299194336,18.798020007035728,18.806997299194336,17800
2021-06-14 20:00:00-04:00,18.815073358197523,18.815073358197523,18.798017703756337,18.802505493164062,8400
2021-06-15 20:00:00-04:00,18.81597301186575,18.81597301186575,18.78455334521064,18.78724670410156,28700
2021-06-16 20:00:00-04:00,18.789044023744346,18.79802131652832,18.78006673096036,18.79802131652832,24000
2021-06-17 20:00:00-04:00,18.789939678935625,18.789939678935625,18.77108787932788,18.78545188903809,12900
2021-06-20 20:00:00-04:00,18.771085739135746,18.79801761218047,18.771085739135746,18.771085739135746,39800
2021-06-21 20:00:00-04:00,18.753131157105923,18.78904032116556,18.753131157105923,18.771085739135746,19800
2021-06-22 20:00:00-04:00,18.78904032116556,18.78904032116556,18.763005663549368,18.771085739135746,21200
2021-06-23 20:00:00-04:00,18.780069716907384,18.78905560202766,18.77108383178711,18.77108383178711,64200
2021-06-24 20:00:00-04:00,18.807035668764243,18.807035668764243,18.75312204814159,18.757614135742188,49000
2021-06-27 20:00:00-04:00,18.78906733974155,18.78906733974155,18.7648056061485,18.766603469848636,89200
2021-06-28 20:00:00-04:00,18.82500353707861,18.82500353707861,18.7531181532176,18.76749420166016,145200
2021-06-29 20:00:00-04:00,18.79804160910769,18.79804160910769,18.771083953571964,18.786359786987305,30000
2021-06-30 20:00:00-04:00,18.78276853623263,18.79714629740795,18.74413076678021,18.783666610717773,92100
2021-07-01 20:00:00-04:00,18.7890567779541,18.798042663636764,18.78007089227144,18.7890567779541,17800
2021-07-05 20:00:00-04:00,18.78995801879165,18.80703171863066,18.789059944236776,18.80253791809082,22300
2021-07-06 20:00:00-04:00,18.80703621724024,18.81602210658659,18.79984819131642,18.814224243164062,34300
2021-07-07 20:00:00-04:00,18.82500210969462,18.833986282348636,18.816016223157995,18.833986282348636,55000
2021-07-08 20:00:00-04:00,18.833994936616996,18.833994936616996,18.8070389785034,18.81153106689453,28000
2021-07-11 20:00:00-04:00,18.825004946118096,18.82590302074229,18.807033170336982,18.81601905822754,46100
2021-07-12 20:00:00-04:00,18.825004946118096,18.833989120125786,18.807033170336982,18.81601905822754,23100
2021-07-13 20:00:00-04:00,18.82500267028809,18.83398684320964,18.822306732858557,18.82500267028809,39100
2021-07-14 20:00:00-04:00,18.816015856555747,18.84297180175781,18.816015856555747,18.84297180175781,42000
2021-07-15 20:00:00-04:00,18.84297589764073,18.84297589764073,18.825005834894075,18.838483810424805,27500
2021-07-18 20:00:00-04:00,18.833987367317487,18.860945028480312,18.833987367317487,18.85645294189453,90800
2021-07-19 20:00:00-04:00,18.878918799879063,18.878918799879063,18.84297524785932,18.851961135864254,22100
2021-07-20 20:00:00-04:00,18.85195541381836,18.85195541381836,18.838464581889063,18.85195541381836,35300
2021-07-21 20:00:00-04:00,18.833975431168348,18.86095710537239,18.833975431168348,18.84296989440918,132900
2021-07-22 20:00:00-04:00,18.86095710537239,18.86095710537239,18.833975431168348,18.84296989440918,69400
2021-07-25 20:00:00-04:00,18.833974678573785,18.85196188881824,18.833974678573785,18.84746551513672,29100
2021-07-26 20:00:00-04:00,18.860949873610487,18.860949873610487,18.842962669544026,18.85195541381836,56000
2021-07-27 20:00:00-04:00,18.851957916333237,18.860952377319336,18.851957916333237,18.860952377319336,13900
2021-07-28 20:00:00-04:00,18.85195541381836,18.860949873610487,18.85195541381836,18.85195541381836,19900
2021-07-29 20:00:00-04:00,18.86095710537239,18.86095710537239,18.84296989440918,18.84296989440918,28900
2021-08-01 20:00:00-04:00,18.86995156861322,18.86995156861322,18.84296989440918,18.84296989440918,17100
2021-08-02 20:00:00-04:00,18.84476053219177,18.860949873610487,18.824973749959764,18.85195541381836,256700
2021-08-03 20:00:00-04:00,18.860953129505155,18.860953129505155,18.84296592233363,18.8564567565918,98300
2021-08-04 20:00:00-04:00,18.85196286961392,18.860957332963284,18.85196286961392,18.85915946960449,23600
2021-08-05 20:00:00-04:00,18.860953129505155,18.860953129505155,18.851958668160343,18.8564567565918,15900
2021-08-08 20:00:00-04:00,18.860949873610487,18.860949873610487,18.842962669544026,18.85195541381836,29100
2021-08-09 20:00:00-04:00,18.860952377319336,18.860952377319336,18.851957916333237,18.860952377319336,53400
2021-08-10 20:00:00-04:00,18.842962669544026,18.878938793194745,18.842962669544026,18.85195541381836,1468400
2021-08-11 20:00:00-04:00,18.84746551513672,18.85196188881824,18.842969141455203,18.84746551513672,5200
2021-08-12 20:00:00-04:00,18.842962669544026,18.860949873610487,18.842962669544026,18.85195541381836,22800
2021-08-15 20:00:00-04:00,18.878938793194745,18.878938793194745,18.842962669544026,18.85195541381836,49600
2021-08-16 20:00:00-04:00,18.842962669544026,18.85195541381836,18.842962669544026,18.85195541381836,29600
2021-08-17 20:00:00-04:00,18.860953129505155,18.860953129505155,18.847462295246988,18.8564567565918,38400
2021-08-18 20:00:00-04:00,18.86095635169965,18.86095635169965,18.84746551513672,18.84746551513672,20200
2021-08-19 20:00:00-04:00,18.85196013948357,18.86095460153036,18.81598400681462,18.833972930908203,133100
2021-08-22 20:00:00-04:00,18.842966640238565,18.85915598506879,18.838468551635746,18.838468551635746,61800
2021-08-23 20:00:00-04:00,18.860078700395665,18.860078700395665,18.83487202344463,18.84207344055176,11700
2021-08-24 20:00:00-04:00,18.83306884765625,18.851074105623468,18.83306884765625,18.83306884765625,25400
2021-08-25 20:00:00-04:00,18.85107421875,18.85107421875,18.842071589712365,18.85107421875,61000
2021-08-26 20:00:00-04:00,18.86008324902895,18.86008324902895,18.84207798484257,18.849279403686523,17600
2021-08-29 20:00:00-04:00,18.849267438555263,18.86007127703964,18.8411662767674,18.84836769104004,27300
2021-08-30 20:00:00-04:00,18.851076070473717,18.86907961324153,18.83307081062981,18.84207344055176,75300
2021-08-31 20:00:00-04:00,18.84296635153482,18.860071857302884,18.84206660399191,18.8582706451416,21900
2021-09-01 20:00:00-04:00,18.860078700395665,18.860078700395665,18.84207344055176,18.84207344055176,11300
2021-09-02 20:00:00-04:00,18.878083130995822,18.878083130995822,18.842074326690604,18.846574783325195,35300
2021-09-06 20:00:00-04:00,18.842074271475884,18.842074271475884,18.82406901083796,18.83757209777832,61700
2021-09-07 20:00:00-04:00,18.851078088108636,18.86908163280338,18.82587140845972,18.86008071899414,43700
2021-09-08 20:00:00-04:00,18.849275744136413,18.85107695703595,18.833971444256942,18.846574783325195,7500
2021-09-09 20:00:00-04:00,18.860076847787635,18.860076847787635,18.842071589712365,18.85107421875,9400
2021-09-12 20:00:00-04:00,18.842971337493356,18.860076847787635,18.842071589712365,18.85107421875,38700
2021-09-13 20:00:00-04:00,18.85107695703595,18.85107695703595,18.842074326690604,18.846574783325195,16500
2021-09-14 20:00:00-04:00,18.833068960674733,18.85107421875,18.833068960674733,18.85107421875,17400
2021-09-15 20:00:00-04:00,18.843873822513974,18.86908050065048,18.842074326690604,18.846574783325195,39200
2021-09-16 20:00:00-04:00,18.84207344055176,18.851076070473717,18.83307081062981,18.84207344055176,20600
2021-09-19 20:00:00-04:00,18.860076847787635,18.860076847787635,18.842071589712365,18.85107421875,14700
2021-09-20 20:00:00-04:00,18.860078700395665,18.860078700395665,18.83307081062981,18.84207344055176,39000
2021-09-21 20:00:00-04:00,18.842074271475884,18.855577358416248,18.83307164115692,18.83757209777832,36100
2021-09-22 20:00:00-04:00,18.85018909652324,18.85018909652324,18.83216747083073,18.836673736572266,12800
2021-09-23 20:00:00-04:00,18.84117175943306,18.84117175943306,18.823150139981003,18.83216094970703,13200
2021-09-26 20:00:00-04:00,18.823154540991105,18.830364221639343,18.814143729158275,18.81594657897949,48000
2021-09-27 20:00:00-04:00,18.859199607619846,18.859199607619846,18.79612563734208,18.823156356811523,43000
2021-09-28 20:00:00-04:00,18.87721717554123,18.87721717554123,18.769989730479768,18.79612159729004,503200
2021-09-29 20:00:00-04:00,18.805126190185547,18.81413527933558,18.79611538239966,18.805126190185547,117100
2021-09-30 20:00:00-04:00,18.797015947587493,18.81413527933558,18.79611538239966,18.805126190185547,120800
2021-10-03 20:00:00-04:00,18.80332374572754,18.80512659477785,18.78710497881833,18.80332374572754,140800
2021-10-04 20:00:00-04:00,18.823152310949485,18.823152310949485,18.78711078652475,18.79612159729004,73500
2021-10-05 20:00:00-04:00,18.79612159729004,18.80513240805533,18.78711078652475,18.79612159729004,90300
2021-10-06 20:00:00-04:00,18.791613920725997,18.797020750506224,18.787109375,18.787109375,51400
2021-10-07 20:00:00-04:00,18.79251681655431,18.814140699106588,18.787109986598065,18.791614532470703,80400
2021-10-10 20:00:00-04:00,18.78710796212059,18.79611877153122,18.77809715270996,18.77809715270996,38800
2021-10-11 20:00:00-04:00,18.814144020749776,18.814144020749776,18.80062866210937,18.80062866210937,25100
2021-10-12 20:00:00-04:00,18.841173932480068,18.841173932480068,18.78711078652475,18.79612159729004,210500
2021-10-13 20:00:00-04:00,18.805132103395763,18.805132103395763,18.769088860918533,18.782604217529297,391500
2021-10-14 20:00:00-04:00,18.76908634329933,18.80242616625504,18.76908634329933,18.77809715270996,140200
2021-10-17 20:00:00-04:00,18.8033295584477,18.80513240805533,18.78711078652475,18.79612159729004,30200
2021-10-18 20:00:00-04:00,18.82314608712147,18.82314608712147,18.791609119188788,18.805126190185547,36400
2021-10-19 20:00:00-04:00,18.805134927413945,18.805134927413945,18.78891443468148,18.80062866210937,43500
2021-10-20 20:00:00-04:00,18.813260465679225,18.813260465679225,18.777184357306144,18.78620338439941,31300
2021-10-21 20:00:00-04:00,18.795206312662035,18.795206312662035,18.77716827392578,18.77716827392578,31400
2021-10-24 20:00:00-04:00,18.768155481846,18.78619352656729,18.768155481846,18.78168487548828,87700
2021-10-25 20:00:00-04:00,18.75913944270715,18.777177490296985,18.75913944270715,18.772668838500977,9200
2021-10-26 20:00:00-04:00,18.813258697311145,18.813258697311145,18.74110820755036,18.78439712524414,49200
2021-10-27 20:00:00-04:00,18.804241438585954,18.804241438585954,18.768165330212877,18.78620338439941,22400
2021-10-28 20:00:00-04:00,18.78620035910236,18.79521938474322,18.777181333461492,18.78710174560547,35100
2021-10-31 20:00:00-04:00,18.804241438585954,18.804241438585954,18.768165330212877,18.78620338439941,31800
2021-11-01 20:00:00-04:00,18.78619352656729,18.78619352656729,18.77717450420665,18.78168487548828,23400
2021-11-02 20:00:00-04:00,18.78619352656729,18.790702177646303,18.77717450420665,18.78168487548828,32600
2021-11-03 20:00:00-04:00,18.78620338439941,18.82227949277249,18.777184357306144,18.78620338439941,201500
2021-11-04 20:00:00-04:00,18.78709581320104,18.82227051815425,18.78709581320104,18.813251495361328,61000
2021-11-07 19:00:00-05:00,18.804235458374023,18.804235458374023,18.795216434149022,18.804235458374023,30600
2021-11-08 19:00:00-05:00,18.80423520618645,18.82227325439453,18.80423520618645,18.82227325439453,38200
2021-11-09 19:00:00-05:00,18.813251495361328,18.831287820744468,18.804232472568405,18.813251495361328,39200
2021-11-10 19:00:00-05:00,18.813251495361328,18.820466025514584,18.804232472568405,18.813251495361328,19400
2021-11-11 19:00:00-05:00,18.80423520618645,18.82227325439453,18.80423520618645,18.82227325439453,31100
2021-11-14 19:00:00-05:00,18.804232472568405,18.813251495361328,18.804232472568405,18.813251495361328,24800
2021-11-15 19:00:00-05:00,18.804235458374023,18.804235458374023,18.788903289211827,18.804235458374023,73300
2021-11-16 19:00:00-05:00,18.78620338439941,18.803340051937685,18.781694730954545,18.78620338439941,91600
2021-11-17 19:00:00-05:00,18.80423768534566,18.813256710638772,18.795218660052548,18.808746337890625,72100
2021-11-18 19:00:00-05:00,18.81325448259902,18.81325448259902,18.799725086160034,18.804235458374023,67500
2021-11-21 19:00:00-05:00,18.83128774218789,18.83128774218789,18.79611475758411,18.797016143798828,41700
2021-11-22 19:00:00-05:00,18.80694574621052,18.81146023302868,18.794307937955256,18.803335189819336,204200
2021-11-23 19:00:00-05:00,18.794309158831645,18.81146145501928,18.776254653930664,18.776254653930664,507000
2021-11-25 19:00:00-05:00,18.794312085431248,18.82139384699982,18.794312085431248,18.81958770751953,16800
2021-11-28 19:00:00-05:00,18.81236042345016,18.81236042345016,18.79430592165893,18.796112060546875,34100
2021-11-29 19:00:00-05:00,18.830420993204868,18.830420993204868,18.79431197798654,18.812366485595703,67500
2021-11-30 19:00:00-05:00,18.830421447753903,18.830421447753903,18.80333968568643,18.830421447753903,57900
2021-12-01 19:00:00-05:00,18.8123533677245,18.82138061523437,18.803326120214628,18.82138061523437,52300
2021-12-02 19:00:00-05:00,18.81236645265193,18.821393706440706,18.80333919886316,18.813268661499023,30200
2021-12-05 19:00:00-05:00,18.812362441683412,18.8213896935475,18.803335189819336,18.803335189819336,12000
2021-12-06 19:00:00-05:00,18.794298872704758,18.82138061523437,18.794298872704758,18.82138061523437,142400
2021-12-07 19:00:00-05:00,18.812360588371885,18.812360588371885,18.79701443389201,18.806943893432617,68400
2021-12-08 19:00:00-05:00,18.78528472418196,18.812366485595703,18.78528472418196,18.812366485595703,33200
2021-12-09 19:00:00-05:00,18.821393706440706,18.825906472448786,18.80333919886316,18.813268661499023,50400
2021-12-12 19:00:00-05:00,18.821393739400285,18.82951706258358,18.79431197798654,18.812366485595703,37400
2021-12-13 19:00:00-05:00,18.803326120214628,18.82138061523437,18.803326120214628,18.82138061523437,71800
2021-12-14 19:00:00-05:00,18.811464276747028,18.821393739400285,18.80333923179112,18.812366485595703,24400
2021-12-15 19:00:00-05:00,18.776244377685007,18.82138061523437,18.776244377685007,18.82138061523437,84700
2021-12-16 19:00:00-05:00,18.82138061523437,18.83040786274425,18.8123533677245,18.82138061523437,128600
2021-12-19 19:00:00-05:00,18.95679912392807,18.95679912392807,18.80333925262537,18.816879272460938,30200
2021-12-20 19:00:00-05:00,18.80334328974191,18.8484778467327,18.80334328974191,18.825910568237305,90900
2021-12-21 19:00:00-05:00,18.956790192846924,18.956790192846924,18.812357643405072,18.839439392089844,99600
2021-12-22 19:00:00-05:00,18.84757915543108,18.84757915543108,18.82047271728516,18.82047271728516,104200
2021-12-26 19:00:00-05:00,18.82950219672365,18.82950219672365,18.8204667202208,18.82498359680176,51600
2021-12-27 19:00:00-05:00,18.811437237903174,18.84757915543108,18.802401758521203,18.82047271728516,91900
2021-12-28 19:00:00-05:00,18.83854103088379,18.847576508997072,18.829505552770502,18.83854103088379,232500
2021-12-29 19:00:00-05:00,18.83854256985464,18.85661352755747,18.83402396875824,18.84757804870605,285900
2021-12-30 19:00:00-05:00,18.820473455810955,18.838544415284023,18.79336701660136,18.80240249633789,433700
2022-01-02 19:00:00-05:00,18.8159531972712,18.85661198711035,18.811434596543943,18.83854103088379,348800
2022-01-03 19:00:00-05:00,18.820472348553835,18.83854330696374,18.820472348553835,18.82950782775879,119700
2022-01-04 19:00:00-05:00,18.84757314972937,18.84757314972937,18.8204667202208,18.82498359680176,121900
2022-01-05 19:00:00-05:00,18.84757915543108,18.84757915543108,18.82047271728516,18.82047271728516,107100
2022-01-06 19:00:00-05:00,18.820473455810955,18.820473455810955,18.7978856181404,18.80240249633789,59100
2022-01-09 19:00:00-05:00,18.79336984784382,18.79969451227805,18.78433609008789,18.78433609008789,51400
2022-01-10 19:00:00-05:00,18.78432891945204,18.78432891945204,18.76625796415488,18.770774841308597,59300
2022-01-11 19:00:00-05:00,18.775295717970227,18.775295717970227,18.757224760482288,18.761741638183597,90100
2022-01-12 19:00:00-05:00,18.766262423765497,18.766262423765497,18.74819146417396,18.757226943969727,168600
2022-01-13 19:00:00-05:00,18.75723113000557,18.75723113000557,18.74638786249414,18.74819564819336,79600
2022-01-17 19:00:00-05:00,18.739157092879083,18.739157092879083,18.72108613221857,18.730121612548828,69600
2022-01-18 19:00:00-05:00,18.725604734054528,18.739157092879083,18.72108613221857,18.730121612548828,60600
2022-01-19 19:00:00-05:00,18.76626661181778,18.76626661181778,18.70301996247425,18.74819564819336,155900
2022-01-20 19:00:00-05:00,18.75632827516878,18.75632827516878,18.693023681640625,18.693023681640625,87900
2022-01-23 19:00:00-05:00,18.683080148736718,18.693027769191957,18.65685272216797,18.65685272216797,63100
2022-01-24 19:00:00-05:00,18.674940245679963,18.693027769191957,18.65685272216797,18.65685272216797,110700
2022-01-25 19:00:00-05:00,18.68397489510012,18.68397489510012,18.60258280391296,18.62067031860352,119300
2022-01-26 19:00:00-05:00,18.62972095643788,18.62972095643788,18.58902489581408,18.59354591369629,57400
2022-01-27 19:00:00-05:00,18.584500827722923,18.584500827722923,18.539283752441406,18.539283752441406,43300
2022-01-30 19:00:00-05:00,18.56641707788887,18.56641707788887,18.50311075063156,18.52119827270508,51800
2022-01-31 19:00:00-05:00,18.56641973902148,18.56641973902148,18.521200927356453,18.54833221435547,78500
2022-02-01 19:00:00-05:00,18.562792199762672,18.562792199762672,18.54380082519395,18.5573673248291,44500
2022-02-02 19:00:00-05:00,18.557369101298,18.584498653324392,18.541091025098037,18.57545661926269,135100
2022-02-03 19:00:00-05:00,18.521189373890955,18.60258145919456,18.521189373890955,18.566408157348636,104500
2022-02-06 19:00:00-05:00,18.566408157348636,18.57545191404017,18.54832064396556,18.566408157348636,92200
2022-02-07 19:00:00-05:00,18.57094075772733,18.575463501354484,18.54833221435547,18.54833221435547,97300
2022-02-08 19:00:00-05:00,18.5401876109692,18.557371272522357,18.539283752441406,18.539283752441406,85800
2022-02-09 19:00:00-05:00,18.539284018953417,18.54651833712145,18.503108978271484,18.503108978271484,50300
2022-02-10 19:00:00-05:00,18.50311031621928,18.51215407704371,18.475980758666992,18.475980758666992,59600
2022-02-13 19:00:00-05:00,18.503105736262714,18.503105736262714,18.444323892835317,18.44884490966797,26000
2022-02-14 19:00:00-05:00,18.430757392496197,18.47597618542563,18.430757392496197,18.44884490966797,132800
2022-02-15 19:00:00-05:00,18.42171859741211,18.44884815301863,18.42171859741211,18.42171859741211,35600
2022-02-16 19:00:00-05:00,18.47597516570963,18.47597516570963,18.430756375275887,18.457887649536133,24600
2022-02-17 19:00:00-05:00,18.46603575194657,18.46603575194657,18.43978562209515,18.45698356628418,149900
2022-02-21 19:00:00-05:00,18.447931144601235,18.45698333014781,18.438880685582514,18.45426750183105,43400
2022-02-22 19:00:00-05:00,18.447933197021484,18.45698538357516,18.438882736995858,18.447933197021484,45500
2022-02-23 19:00:00-05:00,18.44793147148156,18.47508802860248,18.44793147148156,18.466035842895508,120700
2022-02-24 19:00:00-05:00,18.448839624246485,18.45698538357516,18.447933197021484,18.447933197021484,53900
2022-02-27 19:00:00-05:00,18.46603575194657,18.46603575194657,18.44793138062179,18.45698356628418,31200
2022-02-28 19:00:00-05:00,18.44793147148156,18.484140214309456,18.43888101230247,18.466035842895508,48500
2022-03-01 19:00:00-05:00,18.49319240001643,18.49319240001643,18.43888101230247,18.466035842895508,81200
2022-03-02 19:00:00-05:00,18.47508940979284,18.47508940979284,18.447932850641703,18.4578914642334,57500
2022-03-03 19:00:00-05:00,18.447933197021484,18.447933197021484,18.42983055044218,18.447933197021484,19900
2022-03-06 19:00:00-05:00,18.44793138062179,18.45698356628418,18.432544564176396,18.45698356628418,62700
2022-03-07 19:00:00-05:00,18.42983019020911,18.42983019020911,18.375517071948664,18.39362144470215,85400
2022-03-08 19:00:00-05:00,18.402680498069216,18.402680498069216,18.39362830831464,18.40086936950684,39200
2022-03-09 19:00:00-05:00,18.402673631078887,18.402673631078887,18.375517071948664,18.39362144470215,37600
2022-03-10 19:00:00-05:00,18.411731463497333,18.411731463497333,18.34836786595742,18.36647224426269,45800
2022-03-13 20:00:00-04:00,18.31215268127631,18.33930923920152,18.29404830932617,18.29404830932617,22300
2022-03-14 20:00:00-04:00,18.294048399917603,18.3031005859375,18.27594575440576,18.3031005859375,45400
2022-03-15 20:00:00-04:00,18.266897903653422,18.30310492979805,18.257845715485185,18.293148040771484,40600
2022-03-16 20:00:00-04:00,18.303095861512485,18.303095861512485,18.294043677829155,18.29857063293457,39300
2022-03-17 20:00:00-04:00,18.339309420742858,18.339309420742858,18.294048490419478,18.312152862548828,58500
2022-03-20 20:00:00-04:00,18.312149769671965,18.312149769671965,18.275942758056484,18.280467987060547,43100
2022-03-21 20:00:00-04:00,18.29404821810268,18.30310040403261,18.25784120091089,18.26689338684082,1976900
2022-03-22 20:00:00-04:00,18.302193884121447,18.302193884121447,18.26689157107339,18.27594375610352,119600
2022-03-23 20:00:00-04:00,18.23069109026585,18.26599514583597,18.19448406026972,18.235218048095703,91500
2022-03-24 20:00:00-04:00,18.22887158121704,18.22887158121704,18.19353593115317,18.20259666442871,152700
2022-03-27 20:00:00-04:00,18.220718130979776,18.229778864255312,18.19353593115317,18.20259666442871,120300
2022-03-28 20:00:00-04:00,18.175411224365234,18.19353268768568,18.167257775581536,18.175411224365234,138500
2022-03-29 20:00:00-04:00,18.175411735425957,18.211654663085938,18.175411735425957,18.211654663085938,238500
2022-03-30 20:00:00-04:00,18.1754138357511,18.211656767599266,18.1754138357511,18.19806480407715,58400
2022-03-31 20:00:00-04:00,18.202596034637224,18.211656767599266,18.184474568713146,18.19806480407715,49400
2022-04-03 20:00:00-04:00,18.20259666442871,18.211657397704244,18.18447519787764,18.20259666442871,100400
2022-04-04 20:00:00-04:00,18.20259641136749,18.20259641136749,18.175414211918792,18.18447494506836,75700
2022-04-05 20:00:00-04:00,18.14823291554412,18.19353485107422,18.139172182806483,18.19353485107422,361000
2022-04-06 20:00:00-04:00,18.13917275479608,18.184474691754705,18.13011202177273,18.166353225708008,240100
2022-04-07 20:00:00-04:00,18.166352069523843,18.17088329982619,18.121050135448428,18.1391716003418,196800
2022-04-10 20:00:00-04:00,18.175418868742156,18.175418868742156,18.093873977661133,18.093873977661133,439800
2022-04-11 20:00:00-04:00,18.111988638453376,18.13917083464601,18.06668670629026,18.084806442260746,667700
2022-04-12 20:00:00-04:00,18.08480669723718,18.12104962600501,18.08027719522018,18.102928161621094,936500
2022-04-13 20:00:00-04:00,18.08480408327149,18.10292554503614,18.07121385102685,18.08027458190918,112500
2022-04-17 20:00:00-04:00,18.111987220214143,18.111987220214143,18.03950309753418,18.03950309753418,157300
2022-04-18 20:00:00-04:00,18.066698804381303,18.066698804381303,18.00780487060547,18.00780487060547,57900
2022-04-19 20:00:00-04:00,18.02139511372332,18.02139511372332,18.003275365619217,18.00780487060547,108300
2022-04-20 20:00:00-04:00,18.02049439924684,18.047700881958008,18.0123314165463,18.047700881958008,150300
2022-04-21 20:00:00-04:00,18.02049436071098,18.038631439208984,18.01142495655599,18.038631439208984,254500
2022-04-24 20:00:00-04:00,18.03863150105682,18.047700905242905,18.002355614124465,18.011425018310547,78200
2022-04-25 20:00:00-04:00,18.002349800453835,18.052230642462806,18.002349800453835,18.029556274414062,271000
2022-04-26 20:00:00-04:00,18.002349936362304,18.029556410527928,17.99328053503662,18.020488739013672,174800
2022-04-27 20:00:00-04:00,17.99781810170412,18.00235366821289,17.984214861801384,18.00235366821289,110300
2022-04-28 20:00:00-04:00,18.011419213292694,18.011419213292694,17.9932804107666,17.9932804107666,77500
2022-05-01 20:00:00-04:00,17.99329174754316,17.99329174754316,17.966083526611328,17.966083526611328,184900
2022-05-02 20:00:00-04:00,18.011422992212452,18.011422992212452,17.96154213970606,17.984214782714844,313800
2022-05-03 20:00:00-04:00,18.002355614124465,18.011425018310547,17.966077997380133,18.011425018310547,330400
2022-05-04 20:00:00-04:00,17.99329174754316,17.99329174754316,17.95701411963405,17.966083526611328,76900
2022-05-05 20:00:00-04:00,17.97514716995485,17.97514716995485,17.947940687559136,17.957008361816406,114400
2022-05-08 20:00:00-04:00,17.957008361816406,17.96607776588563,17.940684126416585,17.957008361816406,77900
2022-05-09 20:00:00-04:00,17.957010339092708,17.957010339092708,17.92254729175966,17.952476501464844,396400
2022-05-10 20:00:00-04:00,17.92073444320148,17.947942658396844,17.902595633071236,17.9298038482666,187200
2022-05-11 20:00:00-04:00,17.94794273376465,17.957010409055705,17.929803923558236,17.94794273376465,137300
2022-05-12 20:00:00-04:00,17.947942658396844,17.947942658396844,17.902595633071236,17.9298038482666,232400
2022-05-15 20:00:00-04:00,17.9298038482666,17.9298038482666,17.92073444320148,17.9298038482666,164500
2022-05-16 20:00:00-04:00,17.902589797973633,17.91165920008271,17.893520395864556,17.902589797973633,116900
2022-05-17 20:00:00-04:00,17.911659159401566,17.911659159401566,17.88445095313613,17.89352035522461,197100
2022-05-18 20:00:00-04:00,17.929799954262137,17.929799954262137,17.893522341880445,17.91166114807129,175200
2022-05-19 20:00:00-04:00,17.984218548845185,17.984218548845185,17.91166503813636,17.9298038482666,271200
2022-05-22 20:00:00-04:00,17.984216674454377,17.984216674454377,17.929801979547122,17.938871383666992,145300
2022-05-23 20:00:00-04:00,17.98698899426147,18.014228874880384,17.98698899426147,17.996068954467773,127400
2022-05-24 20:00:00-04:00,17.986989810265232,18.05962776338566,17.986989810265232,18.04146957397461,131800
2022-05-25 20:00:00-04:00,18.059625520314505,18.1141052772573,18.059625520314505,18.095945358276367,75900
2022-05-26 20:00:00-04:00,18.141346903392037,18.150426864624023,18.132266942160044,18.150426864624023,110500
2022-05-30 20:00:00-04:00,18.1504221734084,18.1504221734084,18.12318229675293,18.12318229675293,69300
2022-05-31 20:00:00-04:00,18.150428397313096,18.157691674181816,18.123188511316886,18.14588928222656,51700
2022-06-01 20:00:00-04:00,18.15768762771352,18.16858427241394,18.150424352463435,18.164043426513672,193900
2022-06-02 20:00:00-04:00,18.14134875183419,18.177668600462823,18.14134875183419,18.168588638305664,46900
2022-06-05 20:00:00-04:00,18.168587245152583,18.1776672066135,18.15950728369167,18.1622314453125,71200
2022-06-06 20:00:00-04:00,18.15042778977004,18.16858771315965,18.15042778977004,18.159507751464844,112000
2022-06-07 20:00:00-04:00,18.15496863653025,18.17766767485445,18.144071989766235,18.159507751464844,91300
2022-06-08 20:00:00-04:00,18.132267866380424,18.159507751464844,18.132267866380424,18.159507751464844,43800
2022-06-09 20:00:00-04:00,18.095944151922534,18.14043473818225,18.095944151922534,18.12318229675293,107900
2022-06-12 20:00:00-04:00,18.086870716929656,18.086870716929656,17.95975471033718,17.97791290283203,111400
2022-06-13 20:00:00-04:00,17.96883201599121,18.015137564789416,17.96883201599121,17.96883201599121,105700
2022-06-14 20:00:00-04:00,18.03238879529299,18.03238879529299,17.93251096484897,17.996068954467773,217900
2022-06-15 20:00:00-04:00,17.923431981891376,18.005149896378338,17.923431981891376,17.986989974975586,149300
2022-06-16 20:00:00-04:00,18.007875535338023,18.014231335167946,17.977911489382354,18.000612258911133,114000
2022-06-20 20:00:00-04:00,17.986989974975586,18.014229857079716,17.968831785398258,17.986989974975586,251400
2022-06-21 20:00:00-04:00,18.03238879529299,18.03238879529299,17.996068954467773,17.996068954467773,181200
2022-06-22 20:00:00-04:00,18.0959476609833,18.0959476609833,18.0233097076416,18.0233097076416,272100
2022-06-23 20:00:00-04:00,18.07148611066628,18.07148611066628,18.016944885253903,18.016944885253903,228500
2022-06-26 20:00:00-04:00,18.03512954711914,18.044220042179507,18.02603905205877,18.03512954711914,49200
2022-06-27 20:00:00-04:00,18.035131672110182,18.05331266437309,17.98059042915631,18.00786018371582,513600
2022-06-28 20:00:00-04:00,18.00785989411072,18.04422187805176,18.00785989411072,18.04422187805176,227900
2022-06-29 20:00:00-04:00,18.053312374037016,18.08967262414323,18.04422187805176,18.04422187805176,86900
2022-06-30 20:00:00-04:00,18.098764419555664,18.10785491619359,18.071492929641888,18.098764419555664,80100
2022-07-04 20:00:00-04:00,18.080577569903834,18.11693954467773,18.07148707621036,18.11693954467773,74200
2022-07-05 20:00:00-04:00,18.11694152312858,18.11694152312858,18.089670039069983,18.107851028442383,127700
2022-07-06 20:00:00-04:00,18.14420724332998,18.14420724332998,18.116937499162862,18.13511848449707,357300
2022-07-07 20:00:00-04:00,18.12603003837121,18.13512053206469,18.10784905098426,18.11693954467773,109700
2022-07-10 20:00:00-04:00,18.135123059047384,18.15330231513308,18.135123059047384,18.148757934570312,75700
2022-07-11 20:00:00-04:00,18.162391591831238,18.189663074882457,18.162391591831238,18.17148208618164,75500
2022-07-12 20:00:00-04:00,18.15330116821183,18.171482156983483,18.13512191327469,18.162391662597656,165100
2022-07-13 20:00:00-04:00,18.153301856917444,18.189663835840264,18.148757476469385,18.185117721557617,74500
2022-07-14 20:00:00-04:00,18.18057334110956,18.189663835840264,18.166938465930794,18.185117721557617,77300
2022-07-17 20:00:00-04:00,18.189664769085123,18.207845759479333,18.17421110063351,18.198755264282227,74300
2022-07-18 20:00:00-04:00,18.180572580532047,18.198753569232863,18.169665027612268,18.17148208618164,58900
2022-07-19 20:00:00-04:00,18.18965721130371,18.19874770272373,18.18965721130371,18.18965721130371,65600
2022-07-20 20:00:00-04:00,18.183291312513912,18.219695132156826,18.183291312513912,18.210594177246094,191600
2022-07-21 20:00:00-04:00,18.2651981708808,18.2651981708808,18.20149322233537,18.210594177246094,103100
2022-07-24 20:00:00-04:00,18.237897041978275,18.237897041978275,18.195122727480825,18.210594177246094,74500
2022-07-25 20:00:00-04:00,18.219696044921875,18.24699717519212,18.206043743957004,18.219696044921875,136200
2022-07-26 20:00:00-04:00,18.22879351549094,18.237894469117773,18.21059160823727,18.23334312438965,24700
2022-07-27 20:00:00-04:00,18.246997749948218,18.274300616908214,18.22879757447136,18.265199661254883,150300
2022-07-28 20:00:00-04:00,18.274300616908214,18.283401572561548,18.256098705601552,18.265199661254883,144500
2022-07-31 20:00:00-04:00,18.283398668441144,18.283398668441144,18.25609580581791,18.2742977142334,88000
2022-08-01 20:00:00-04:00,18.292499622648887,18.292499622648887,18.25609580581791,18.2742977142334,81300
2022-08-02 20:00:00-04:00,18.279753826303427,18.28339385986328,18.256091004420767,18.28339385986328,136100
2022-08-03 20:00:00-04:00,18.29249481167745,18.29249481167745,18.28339385986328,18.28339385986328,49600
2022-08-04 20:00:00-04:00,18.23790051978438,18.256100697246783,18.236079634123143,18.246999740600582,78600
2022-08-07 20:00:00-04:00,18.261564024498355,18.292506934006397,18.25610310262512,18.26065444946289,96300
2022-08-08 20:00:00-04:00,18.24699683838043,18.27429970397645,18.23789761901147,18.2560977935791,212000
2022-08-09 20:00:00-04:00,18.278853631308326,18.292505935246005,18.26520306320077,18.26975440979004,179900
2022-08-10 20:00:00-04:00,18.25882883714952,18.292502198877614,18.24699742143022,18.251548767089844,83800
2022-08-11 20:00:00-04:00,18.26065204348488,18.28340356718538,18.246999740600582,18.246999740600582,413600
2022-08-14 20:00:00-04:00,18.292504523831575,18.292504523831575,18.23790051978438,18.246999740600582,187200
2022-08-15 20:00:00-04:00,18.24699717519212,18.24699717519212,18.210595089555213,18.219696044921875,118900
2022-08-16 20:00:00-04:00,18.183293384536665,18.19967441091076,18.165091472641063,18.174192428588867,105600
2022-08-17 20:00:00-04:00,18.155992252523127,18.174192428588867,18.155992252523127,18.174192428588867,103600
2022-08-18 20:00:00-04:00,18.12778205524669,18.14689354435537,18.11959067313008,18.137792587280277,170700
2022-08-21 20:00:00-04:00,18.11048607182093,18.11048607182093,18.092284161333367,18.10138511657715,154500
2022-08-22 20:00:00-04:00,18.10867685678249,18.141478488978706,18.09592047338097,18.12781143188477,144100
2022-08-23 20:00:00-04:00,18.132364170432872,18.132364170432872,18.086806160784395,18.105030059814453,54400
2022-08-24 20:00:00-04:00,18.095915847400835,18.12324995460112,18.095915847400835,18.109582901000977,51500
2022-08-25 20:00:00-04:00,18.1141414642334,18.1141414642334,18.095919301930063,18.1141414642334,172200
2022-08-28 20:00:00-04:00,18.07769448444276,18.08680643409548,18.06858253479004,18.06858253479004,49400
2022-08-29 20:00:00-04:00,18.0503586354846,18.07769448444276,18.0503586354846,18.06858253479004,74500
2022-08-30 20:00:00-04:00,18.07769412702481,18.08680607649737,18.06858217755224,18.073137283325195,84000
2022-08-31 20:00:00-04:00,18.06859181392424,18.06859181392424,18.013921825858816,18.04125595092773,171000
2022-09-01 20:00:00-04:00,18.059474849297057,18.08498761917801,18.032140731811523,18.032140731811523,104800
2022-09-05 20:00:00-04:00,18.050355724083957,18.06857962045,18.03213356564432,18.054912567138672,132600
2022-09-06 20:00:00-04:00,18.05036871237465,18.059480667114254,18.041256757635047,18.059480667114254,46400
2022-09-07 20:00:00-04:00,18.041243035120715,18.068578878547367,17.995685034002637,18.004796981811523,1433900
2022-09-08 20:00:00-04:00,18.023033780190985,18.05947985959207,18.023033780190985,18.04125595092773,69400
2022-09-11 20:00:00-04:00,18.0576522369898,18.08680943796493,18.04124968213474,18.05036163330078,55900
2022-09-12 20:00:00-04:00,18.04125094568863,18.04125094568863,18.0139168282031,18.032140731811523,232500
2022-09-13 20:00:00-04:00,18.050353537920053,18.050353537920053,18.018462592105134,18.02757453918457,84900
2022-09-14 20:00:00-04:00,18.01391484313725,18.03213874473747,17.995690941537035,18.000246047973633,150300
2022-09-15 20:00:00-04:00,17.99568748474121,18.041245492063595,17.977463586641626,17.99568748474121,312000
2022-09-18 20:00:00-04:00,17.995690806800052,17.995690806800052,17.97746690533628,17.985668182373047,18500
2022-09-19 20:00:00-04:00,17.995687106100792,17.995687106100792,17.931905202020836,17.941017150878906,101500
2022-09-20 20:00:00-04:00,17.91369192452404,17.941027787304456,17.89546801600377,17.92280387878418,209000
2022-09-21 20:00:00-04:00,17.92280015927467,17.92280015927467,17.886352349798113,17.89090919494629,206000
2022-09-22 20:00:00-04:00,17.88908165861812,17.88908165861812,17.8270438353524,17.84528923034668,104400
2022-09-25 20:00:00-04:00,17.863537757795974,17.863537757795974,17.772303815143314,17.78142738342285,149600
2022-09-26 20:00:00-04:00,17.817921656541003,18.71201046622308,17.74493485044742,17.78142738342285,1575500
2022-09-27 20:00:00-04:00,17.799675240859223,17.872662049908733,17.74493556910779,17.77230453491211,1591300
2022-09-28 20:00:00-04:00,17.8179152048156,17.827038769791564,17.781420944911726,17.790544509887695,263000
2022-09-29 20:00:00-04:00,17.7905411361614,17.808788262653025,17.78141757291559,17.785980224609375,143700
2022-10-02 20:00:00-04:00,17.790544509887695,17.8179152048156,17.782332779366698,17.790544509887695,421500
2022-10-03 20:00:00-04:00,17.836158752441406,17.858968532596492,17.81791336451601,17.836158752441406,458000
2022-10-04 20:00:00-04:00,17.863529444542362,17.863529444542362,17.81791336451601,17.836158752441406,190600
2022-10-05 20:00:00-04:00,17.83616566277825,17.863536365483544,17.8270438353524,17.84528923034668,184300
2022-10-06 20:00:00-04:00,17.827043533325195,17.85441249542422,17.827043533325195,17.827043533325195,134200
2022-10-09 20:00:00-04:00,17.863533737735136,17.863533737735136,17.827041212972084,17.85441017150879,100600
2022-10-10 20:00:00-04:00,17.845282316475057,17.85440588050871,17.827036928549663,17.836158752441406,79100
2022-10-11 20:00:00-04:00,17.845287076477163,17.872657775878906,17.845287076477163,17.872657775878906,222700
2022-10-12 20:00:00-04:00,17.79966592766916,17.836158443028804,17.790542363793776,17.817913055419922,225100
2022-10-13 20:00:00-04:00,17.845288928010362,17.85441249542422,17.817919965911337,17.827043533325195,91600
2022-10-16 20:00:00-04:00,17.81791336451601,17.872653008576016,17.80878980048236,17.836158752441406,108000
2022-10-17 20:00:00-04:00,17.89090013664332,17.89090013664332,17.836158752441406,17.836158752441406,132400
2022-10-18 20:00:00-04:00,17.827043809244334,17.854412771766963,17.81792024168926,17.822481155395508,132000
2022-10-19 20:00:00-04:00,17.827036619295303,17.836158443028804,17.790542363793776,17.817913055419922,279600
2022-10-20 20:00:00-04:00,17.79872618289286,17.812432752908954,17.76217939588619,17.771316528320312,144100
2022-10-23 20:00:00-04:00,17.79872858322744,17.79872858322744,17.716496122960297,17.73933982849121,189800
2022-10-24 20:00:00-04:00,17.798734728709196,17.798734728709196,17.725639376870312,17.743913650512695,188000
2022-10-25 20:00:00-04:00,17.78046045506681,17.78046045506681,17.725639376870312,17.743913650512695,171300
2022-10-26 20:00:00-04:00,17.734773672400575,17.757615639428714,17.734773672400575,17.753047943115234,162300
2022-10-27 20:00:00-04:00,17.725636537043243,17.771322213829894,17.725636537043243,17.753047943115234,535000
2022-10-30 20:00:00-04:00,17.76218792415508,17.771325060976274,17.743913650512695,17.743913650512695,151900
2022-10-31 20:00:00-04:00,17.771316528320312,17.780451918024617,17.76217939588619,17.771316528320312,68500
2022-11-01 20:00:00-04:00,17.79873231793559,17.80786945351919,17.771322653915206,17.775890350341797,204200
2022-11-02 20:00:00-04:00,17.761269209667592,17.789593804964554,17.75304700819026,17.762184143066406,127500
2022-11-03 20:00:00-04:00,17.798731785578866,17.798731785578866,17.76218498706799,17.789594650268555,128400
2022-11-06 19:00:00-05:00,17.771316528320312,17.78958905045874,17.76217939588619,17.771316528320312,192500
2022-11-07 19:00:00-05:00,17.789594650268555,17.826143191509797,17.7713221223783,17.789594650268555,110800
2022-11-08 19:00:00-05:00,17.826143191509797,17.826143191509797,17.7713221223783,17.789594650268555,131400
2022-11-09 19:00:00-05:00,17.908372839513145,17.908372839513145,17.875478809042686,17.890098571777344,100800
2022-11-10 19:00:00-05:00,17.917507534656785,17.917507534656785,17.890096136784006,17.90380096435547,179100
2022-11-13 19:00:00-05:00,17.93578628707915,17.93578628707915,17.871828079223633,17.871828079223633,89300
2022-11-14 19:00:00-05:00,17.899233838764786,17.908370971679688,17.862685307105174,17.908370971679688,444300
2022-11-15 19:00:00-05:00,17.972334808239292,17.972334808239292,17.899239464675386,17.944923400878906,564600
2022-11-16 19:00:00-05:00,17.926650872035772,17.990609079812884,17.926650872035772,17.944923400878906,170800
2022-11-17 19:00:00-05:00,17.96319442334195,17.99060582574427,17.944920155073735,17.94948959350586,324900
2022-11-20 19:00:00-05:00,17.990608178739365,17.99334949361115,17.96776621178166,17.972333908081055,164800
2022-11-21 19:00:00-05:00,17.986062891027174,18.013523158063073,17.96775604633658,18.004369735717773,357900
2022-11-22 19:00:00-05:00,18.013521194458008,18.02267461580552,17.99979193535505,18.013521194458008,78500
2022-11-24 19:00:00-05:00,18.03183337123741,18.050138473510746,18.013526523126956,18.050138473510746,79600
2022-11-27 19:00:00-05:00,18.068438556969816,18.068438556969816,18.022673199664915,18.037317276000977,89800
2022-11-28 19:00:00-05:00,17.995214025305287,18.06843964892034,17.995214025305287,18.040979385375977,147400
2022-11-29 19:00:00-05:00,18.06843550995791,18.10504918629658,18.05012867178858,18.095895767211918,101000
2022-11-30 19:00:00-05:00,18.095899256115302,18.12335777282715,18.094067873610804,18.12335777282715,382400
2022-12-01 19:00:00-05:00,18.095899527011564,18.123358044134463,18.095899527011564,18.105052947998047,185300
2022-12-04 19:00:00-05:00,18.105052947998047,18.132511465120945,18.105052947998047,18.105052947998047,141300
2022-12-05 19:00:00-05:00,18.123363714145917,18.14167056184629,18.105058612282622,18.11421203613281,225200
2022-12-06 19:00:00-05:00,18.169128474541704,18.169128474541704,18.10505626174582,18.159975051879883,252300
2022-12-07 19:00:00-05:00,18.15997129186036,18.15997129186036,18.132511029560536,18.15081787109375,119000
2022-12-08 19:00:00-05:00,18.1325171379961,18.15082398569648,18.11421203613281,18.11421203613281,247800
2022-12-11 19:00:00-05:00,18.141664614526054,18.169124877074413,18.095899256115302,18.12335777282715,179000
2022-12-12 19:00:00-05:00,18.169120946916056,18.169120946916056,18.12335385256866,18.141660690307617,198200
2022-12-13 19:00:00-05:00,18.11421203613281,18.15082398569648,18.105058612282622,18.11421203613281,99000
2022-12-14 19:00:00-05:00,18.15081410917709,18.169120946916056,18.114202179535315,18.141660690307617,150700
2022-12-15 19:00:00-05:00,18.13250541687012,18.16911908860324,18.086740073039675,18.13250541687012,460900
2022-12-18 19:00:00-05:00,18.12335385256866,18.15081410917709,18.09589534179636,18.141660690307617,177500
2022-12-19 19:00:00-05:00,18.10504918629658,18.1325076977144,18.07758892904258,18.095895767211918,274800
2022-12-20 19:00:00-05:00,18.141664886107428,18.141664886107428,18.095899527011564,18.105052947998047,429900
2022-12-21 19:00:00-05:00,18.159973588216022,18.159973588216022,18.09590138058425,18.10047721862793,229500
2022-12-22 19:00:00-05:00,18.06380226574388,18.11881843055908,18.06380226574388,18.10047912597656,164500
2022-12-26 19:00:00-05:00,18.137158765158663,18.137158765158663,18.072971195474626,18.091310501098636,207100
2022-12-27 19:00:00-05:00,18.109649806722647,18.127989112346658,18.072971195474626,18.091310501098636,245600
2022-12-28 19:00:00-05:00,18.091309473685303,18.114232729947275,18.082139821394048,18.10047912597656,187200
2022-12-29 19:00:00-05:00,18.082139821394048,18.10323019655717,18.07297016910279,18.10047912597656,231600
2023-01-02 19:00:00-05:00,18.137152885675725,18.137152885675725,18.100474286317727,18.109643936157227,421600
2023-01-03 19:00:00-05:00,18.146319459075936,18.18299630328405,18.12798016250609,18.137149810791016,73200
2023-01-04 19:00:00-05:00,18.164655685424805,18.164655685424805,18.12797884388456,18.164655685424805,117900
2023-01-05 19:00:00-05:00,18.17383267506124,18.20134162902832,18.160079072543784,18.20134162902832,214100
2023-01-08 19:00:00-05:00,18.2105130412724,18.226101275134543,18.192173736854304,18.219682693481445,129800
2023-01-09 19:00:00-05:00,18.247189901176256,18.247189901176256,18.20134338906335,18.219682693481445,286100
2023-01-10 19:00:00-05:00,18.238012313842773,18.238012313842773,18.21967476633544,18.238012313842773,68500
2023-01-11 19:00:00-05:00,18.26553241832165,18.274702072143555,18.22885380303406,18.274702072143555,61800
2023-01-12 19:00:00-05:00,18.283867028151462,18.283867028151462,18.247188422287987,18.265527725219727,242600
2023-01-16 19:00:00-05:00,18.274702072143555,18.28387172596545,18.24719311067786,18.274702072143555,85200
2023-01-17 19:00:00-05:00,18.293035204437228,18.32971205841084,18.293035204437228,18.311372756958008,89800
2023-01-18 19:00:00-05:00,18.31137363801696,18.32054328918457,18.30220398684934,18.32054328918457,162600
2023-01-19 19:00:00-05:00,18.32054152530099,18.32971117558576,18.29303432337864,18.302202224731445,109000
2023-01-22 19:00:00-05:00,18.338876276274323,18.338876276274323,18.29302978515625,18.29302978515625,154500
2023-01-23 19:00:00-05:00,18.315076393422945,18.32518196105957,18.30681043154541,18.32518196105957,111200
2023-01-24 19:00:00-05:00,18.34355173856824,18.34355173856824,18.315996196302493,18.32518196105957,227700
2023-01-25 19:00:00-05:00,18.33436584472656,18.3389596030755,18.315996067347225,18.33436584472656,152300
2023-01-26 19:00:00-05:00,18.35273750332532,18.35273750332532,18.30681043154541,18.32518196105957,114400
2023-01-29 19:00:00-05:00,18.33437547231296,18.361932780860823,18.306819915771484,18.306819915771484,307600
2023-01-30 19:00:00-05:00,18.343556469840465,18.343556469840465,18.32518668759376,18.338964462280277,188600
2023-01-31 19:00:00-05:00,18.371110890808158,18.371110890808158,18.3251838143834,18.36192512512207,376600
2023-02-01 19:00:00-05:00,18.398664447290237,18.398664447290237,18.37110715583457,18.38947868347168,120500
2023-02-02 19:00:00-05:00,18.371109975667103,18.371109975667103,18.343552679981595,18.348146438598636,62900
2023-02-05 19:00:00-05:00,18.28843785938896,18.325180916322516,18.28843785938896,18.320587158203125,76900
2023-02-06 19:00:00-05:00,18.343551712270187,18.343551712270187,18.297624640556126,18.315996170043945,89700
2023-02-07 19:00:00-05:00,18.343551712270187,18.343551712270187,18.297624640556126,18.315996170043945,53200
2023-02-08 19:00:00-05:00,18.343553546314023,18.343553546314023,18.279254938683373,18.288440704345703,125200
2023-02-09 19:00:00-05:00,18.297626470008037,18.306812235670364,18.27006917302105,18.288440704345703,121400
2023-02-12 19:00:00-05:00,18.31599800133269,18.31599800133269,18.27006917302105,18.288440704345703,172800
2023-02-13 19:00:00-05:00,18.260889053344727,18.27007482184716,18.242519268346072,18.260889053344727,111700
2023-02-14 19:00:00-05:00,18.279255832607493,18.279255832607493,18.22414298794395,18.2379207611084,185800
2023-02-15 19:00:00-05:00,18.21494675124821,18.224132512079464,18.16901969909668,18.16901969909668,130700
2023-02-16 19:00:00-05:00,18.16902819154858,18.173620198108203,18.14422680091216,18.1644344329834,128200
2023-02-20 19:00:00-05:00,18.13229367961173,18.13229367961173,18.113922140700765,18.12310791015625,165600
2023-02-21 19:00:00-05:00,18.156227290699995,18.156227290699995,18.101013709035257,18.11481666564941,69800
2023-02-22 19:00:00-05:00,18.12862559424727,18.12862559424727,18.11022047767523,18.1240234375,56900
2023-02-23 19:00:00-05:00,18.091813254080723,18.091813254080723,18.07801029586349,18.08353042602539,72800
2023-02-26 19:00:00-05:00,18.119424421782824,18.119424421782824,18.091816744813254,18.11022186279297,35100
2023-02-27 19:00:00-05:00,18.101011401265303,18.11021395623751,18.091808846293095,18.10561180114746,116300
2023-02-28 19:00:00-05:00,18.110213428499875,18.110213428499875,18.06420065497968,18.0918083190918,116700
2023-03-01 19:00:00-05:00,18.08260928728353,18.09181184378043,18.073406730786623,18.07708740234375,166900
2023-03-02 19:00:00-05:00,18.11022186279297,18.11022186279297,18.073411626833547,18.11022186279297,211400
2023-03-05 19:00:00-05:00,18.119421005249023,18.119421005249023,18.09181333348506,18.119421005249023,83800
2023-03-06 19:00:00-05:00,18.11021764779042,18.128622761486493,18.091812534094345,18.101015090942383,420400
2023-03-07 19:00:00-05:00,18.101015890739717,18.12862356250368,18.101015890739717,18.119421005249023,407000
2023-03-08 19:00:00-05:00,18.15623012737354,18.15623012737354,18.11942165224891,18.13782501220703,105900
2023-03-09 19:00:00-05:00,18.156227512711723,18.193037737743737,18.156227512711723,18.165430068969727,107300
2023-03-12 20:00:00-04:00,18.24825357672909,18.24825357672909,18.193039987561296,18.220645904541016,78400
2023-03-13 20:00:00-04:00,18.202237293602767,18.207757422281137,18.15622451989735,18.19395446777344,56600
2023-03-14 20:00:00-04:00,18.28505967706193,18.28505967706193,18.231685558301617,18.2574520111084,92600
2023-03-15 20:00:00-04:00,18.25745271401349,18.25745271401349,18.22064249132493,18.22984504699707,100700
2023-03-16 20:00:00-04:00,18.257450908542204,18.29425937238276,18.234445399240872,18.275856018066406,86500
2023-03-19 20:00:00-04:00,18.22984572477589,18.258373121857755,18.22984572477589,18.243650436401367,52500
2023-03-20 20:00:00-04:00,18.23904406389026,18.23904406389026,18.21879949846426,18.23444366455078,36400
2023-03-21 20:00:00-04:00,18.229843244255896,18.285058572828508,18.21143988993954,18.275856018066406,143900
2023-03-22 20:00:00-04:00,18.27585574073057,18.28505829535302,18.25745063148566,18.27125358581543,73900
2023-03-23 20:00:00-04:00,18.301685574131675,18.301685574131675,18.255584556210398,18.274024963378903,60100
2023-03-26 20:00:00-04:00,18.292470842590635,18.292470842590635,18.26481022356342,18.26665496826172,88400
2023-03-27 20:00:00-04:00,18.283249739354872,18.310910357025183,18.25558912168456,18.28785896301269,97100
2023-03-28 20:00:00-04:00,18.31090545654297,18.320125659965505,18.255584236007767,18.31090545654297,53100
2023-03-29 20:00:00-04:00,18.30169371534184,18.329352579824175,18.30169371534184,18.315523147583008,50000
2023-03-30 20:00:00-04:00,18.329343795776367,18.347784202310525,18.310905147816168,18.329343795776367,87800
2023-04-02 20:00:00-04:00,18.29246648341003,18.35700615385222,18.29246648341003,18.34778594970703,126100
2023-04-03 20:00:00-04:00,18.375442820790344,18.375442820790344,18.32934180945085,18.33856201171875,147800
2023-04-04 20:00:00-04:00,18.35700194334337,18.393882751464844,18.347781741313003,18.393882751464844,41400
2023-04-05 20:00:00-04:00,18.37544814528017,18.412327206464116,18.347787530461503,18.384668350219727,249300
2023-04-09 20:00:00-04:00,18.37544814528017,18.393888555159283,18.37544814528017,18.384668350219727,118200
2023-04-10 20:00:00-04:00,18.38466994389857,18.40310859680176,18.37544973815976,18.40310859680176,92600
2023-04-11 20:00:00-04:00,18.486084777119576,18.486084777119576,18.405870938601826,18.412324905395508,354000
2023-04-12 20:00:00-04:00,18.421549008279374,18.421549008279374,18.38466994389857,18.40310859680176,66800
2023-04-13 20:00:00-04:00,18.43076578514684,18.43076578514684,18.347785707509644,18.37544631958008,230000
2023-04-16 20:00:00-04:00,18.439987821282777,18.439987821282777,18.37544814528017,18.384668350219727,111600
2023-04-17 20:00:00-04:00,18.357004405577605,18.357004405577605,18.32012535108325,18.329343795776367,120400
2023-04-18 20:00:00-04:00,18.26480475979465,18.29246537054742,18.24636611120016,18.274024963378903,96300
2023-04-19 20:00:00-04:00,18.28324691284487,18.421546462667003,18.28324691284487,18.29246711730957,276300
2023-04-20 20:00:00-04:00,18.336803635092405,18.336803635092405,18.272140127090346,18.276758193969727,81000
2023-04-23 20:00:00-04:00,18.336805865888724,18.336805865888724,18.290616381733383,18.299854278564453,215000
2023-04-24 20:00:00-04:00,18.31832963221647,18.327567528825643,18.27214191111923,18.306320190429688,609300
2023-04-25 20:00:00-04:00,18.30909217539552,18.313712004785387,18.28138024685098,18.299854278564453,136200
2023-04-26 20:00:00-04:00,18.29985564014368,18.30817027649488,18.262905812018857,18.281381607055664,74500
2023-04-27 20:00:00-04:00,18.299853671468565,18.309091567993164,18.28137964036796,18.309091567993164,327800
2023-04-30 20:00:00-04:00,18.30909469268672,18.30909469268672,18.281382760332104,18.29061889648437,122600
2023-05-01 20:00:00-04:00,18.318329464517767,18.318329464517767,18.28137964036796,18.309091567993164,182000
2023-05-02 20:00:00-04:00,18.30909820901805,18.32757400876874,18.299860309142694,18.322954177856445,164700
2023-05-03 20:00:00-04:00,18.32756233215332,18.33680022614314,18.318324438163497,18.32756233215332,153200
2023-05-04 20:00:00-04:00,18.33680022614314,18.33680022614314,18.29984865018385,18.32756233215332,148100
2023-05-07 20:00:00-04:00,18.327572478571835,18.327572478571835,18.29985878125965,18.318334579467773,96500
2023-05-08 20:00:00-04:00,18.318324438163497,18.346038120132963,18.29984865018385,18.32756233215332,188200
2023-05-09 20:00:00-04:00,18.37375707914321,18.37375707914321,18.29985566086112,18.33680725097656,117000
2023-05-10 20:00:00-04:00,18.346038120132963,18.346038120132963,18.30908654417368,18.32756233215332,79200
2023-05-11 20:00:00-04:00,18.336810377675896,18.336810377675896,18.29985878125965,18.318334579467773,126600
2023-05-14 20:00:00-04:00,18.30909217539552,18.30909217539552,18.290616381733383,18.299854278564453,22100
2023-05-15 20:00:00-04:00,18.299856794585548,18.299856794585548,18.26290696412976,18.29061889648437,73600
2023-05-16 20:00:00-04:00,18.299856794585548,18.299856794585548,18.26290696412976,18.29061889648437,109200
2023-05-17 20:00:00-04:00,18.25366644610988,18.25366644610988,18.20747696223352,18.21671485900879,143800
2023-05-18 20:00:00-04:00,18.23519508133398,18.244432980352855,18.17976944916979,18.207481384277344,179200
2023-05-21 20:00:00-04:00,18.198246002197266,18.20471235558384,18.179770203393005,18.198246002197266,121200
2023-05-22 20:00:00-04:00,18.22508402252165,18.22508402252165,18.1510360137968,18.20657157897949,146000
2023-05-23 20:00:00-04:00,18.197316562663843,18.197316562663843,18.151037216186523,18.151037216186523,166600
2023-05-24 20:00:00-04:00,18.123270590326666,18.1695499420166,18.123270590326666,18.1695499420166,84600
2023-05-25 20:00:00-04:00,18.188062388870215,18.188062388870215,18.151039260607085,18.1695499420166,131700
2023-05-29 20:00:00-04:00,18.21582780075057,18.21582780075057,18.16954669189517,18.20657157897949,186200
2023-05-30 20:00:00-04:00,18.225082255419498,18.25284915259667,18.178801151051516,18.2158260345459,231500
2023-05-31 20:00:00-04:00,18.234344343358707,18.2435988017664,18.22508811950684,18.22508811950684,355400
2023-06-01 20:00:00-04:00,18.22508402252165,18.2297112506853,18.197315357208414,18.20657157897949,180600
2023-06-04 20:00:00-04:00,18.197319447951223,18.23064044146261,18.17880700024748,18.22508811950684,207500
2023-06-05 20:00:00-04:00,18.25285325553772,18.25285325553772,18.229713580874115,18.23434257507324,234300
2023-06-06 20:00:00-04:00,18.262111249470134,18.262111249470134,18.22508811950684,18.22508811950684,72200
2023-06-07 20:00:00-04:00,18.25285325553772,18.25285325553772,18.23434257507324,18.23434257507324,97700
2023-06-08 20:00:00-04:00,18.2713623046875,18.280618525920957,18.234339185197364,18.2713623046875,369600
2023-06-11 20:00:00-04:00,18.262105657977983,18.262105657977983,18.234338760368225,18.243593215942383,49100
2023-06-12 20:00:00-04:00,18.28987637443404,18.28987637443404,18.23526590010845,18.25285148620605,86800
2023-06-13 20:00:00-04:00,18.262106083454043,18.2713623046875,18.25284986222059,18.2713623046875,40300
2023-06-14 20:00:00-04:00,18.28061880914072,18.289875030517575,18.271362587763857,18.289875030517575,80500
2023-06-15 20:00:00-04:00,18.2713623046875,18.28987474715441,18.2713623046875,18.2713623046875,71800
2023-06-19 20:00:00-04:00,18.271366259063075,18.299134928773267,18.271366259063075,18.280622482299805,95000
2023-06-20 20:00:00-04:00,18.28061880914072,18.289875030517575,18.28061880914072,18.289875030517575,88800
2023-06-21 20:00:00-04:00,18.3083874732713,18.3083874732713,18.28061880914072,18.289875030517575,50500
2023-06-22 20:00:00-04:00,18.3269023920349,18.3269023920349,18.289879263402785,18.31764793395996,69800
2023-06-25 20:00:00-04:00,18.31764765488596,18.31764765488596,18.299135208129883,18.299135208129883,71600
2023-06-26 20:00:00-04:00,18.3093318939209,18.32788280696403,18.29078098087777,18.3093318939209,84500
2023-06-27 20:00:00-04:00,18.30933373810616,18.337160110473636,18.30933373810616,18.337160110473636,172300
2023-06-28 20:00:00-04:00,18.318609216605783,18.327884674072266,18.290782844206348,18.327884674072266,249700
2023-06-29 20:00:00-04:00,18.3093318939209,18.32788280696403,18.3093318939209,18.3093318939209,201700
2023-07-02 20:00:00-04:00,18.327884674072266,18.327884674072266,18.318609216605783,18.327884674072266,16100
2023-07-04 20:00:00-04:00,18.309329967428024,18.32788087851924,18.30005451188241,18.318605422973636,79200
2023-07-05 20:00:00-04:00,18.318607370583056,18.318607370583056,18.290781000987767,18.30005645751953,103600
2023-07-06 20:00:00-04:00,18.34643178961046,18.34643178961046,18.309329967428024,18.318605422973636,188400
2023-07-09 20:00:00-04:00,18.30005643739933,18.318607350442463,18.29078098087777,18.3093318939209,62300
2023-07-10 20:00:00-04:00,18.318607370583056,18.318607370583056,18.290781000987767,18.30005645751953,334200
2023-07-11 20:00:00-04:00,18.346435589005225,18.346435589005225,18.327884674072266,18.327884674072266,99000
2023-07-12 20:00:00-04:00,18.36498087409863,18.36498087409863,18.33715627666116,18.34643173217773,69100
2023-07-13 20:00:00-04:00,18.36498471372849,18.36498471372849,18.30933373810616,18.337160110473636,191600
2023-07-16 20:00:00-04:00,18.337160131538745,18.355711046471704,18.327884674072266,18.327884674072266,126000
2023-07-17 20:00:00-04:00,18.355716543244057,18.364990234375,18.355716543244057,18.364990234375,59500
2023-07-18 20:00:00-04:00,18.36498637588983,18.38353729248047,18.36498637588983,18.38353729248047,107500
2023-07-19 20:00:00-04:00,18.38353729248047,18.38353729248047,18.34643722841197,18.38353729248047,76000
2023-07-20 20:00:00-04:00,18.44023250663472,18.44023250663472,18.365876801881345,18.38446617126465,140600
2023-07-23 20:00:00-04:00,18.393760855956295,18.393760855956295,18.365876801881345,18.38446617126465,53600
2023-07-24 20:00:00-04:00,18.375173744671752,18.375173744671752,18.347289687170164,18.36587905883789,80000
2023-07-25 20:00:00-04:00,18.38446617126465,18.38446617126465,18.356582117189696,18.38446617126465,69400
2023-07-26 20:00:00-04:00,18.384465310127545,18.384465310127545,18.31940252033356,18.328697204589844,131500
2023-07-27 20:00:00-04:00,18.35658314719964,18.365877832412828,18.32869909156008,18.33334732055664,69100
2023-07-30 20:00:00-04:00,18.347290215276203,18.347290215276203,18.319406156972008,18.337995529174805,40400
2023-07-31 20:00:00-04:00,18.31010960885703,18.328697204589844,18.31010960885703,18.328697204589844,92000
2023-08-01 20:00:00-04:00,18.328697204589844,18.328697204589844,18.291520240344465,18.328697204589844,35300
2023-08-02 20:00:00-04:00,18.263637893197828,18.30081663369505,18.24504852294922,18.24504852294922,165400
2023-08-03 20:00:00-04:00,18.26363892279148,18.291522979736328,18.26363892279148,18.291522979736328,133800
2023-08-06 20:00:00-04:00,18.272932052612305,18.2915214223261,18.272932052612305,18.272932052612305,40300
2023-08-07 20:00:00-04:00,18.263637367755408,18.2915214223261,18.263637367755408,18.272932052612305,118600
2023-08-08 20:00:00-04:00,18.291517084925243,18.310106450231007,18.273856656050928,18.300811767578125,66800
2023-08-09 20:00:00-04:00,18.310112351032892,18.356584006494288,18.291522979736328,18.291522979736328,117100
2023-08-10 20:00:00-04:00,18.282228139041678,18.30081751018059,18.27758168264695,18.29616928100586,40800
2023-08-13 20:00:00-04:00,18.282227943102196,18.31011199951172,18.282227943102196,18.31011199951172,62900
2023-08-14 20:00:00-04:00,18.2822265625,18.30081593203589,18.2822265625,18.2822265625,103200
2023-08-15 20:00:00-04:00,18.291517084925243,18.310106450231007,18.272927719619474,18.300811767578125,100200
2023-08-16 20:00:00-04:00,18.300816107183,18.300816107183,18.26828559657379,18.272932052612305,159000
2023-08-17 20:00:00-04:00,18.282226679575164,18.291521364402627,18.272931994747697,18.273860931396484,54000
2023-08-20 20:00:00-04:00,18.254343208073525,18.28222726344644,18.24504852294922,18.24504852294922,48500
2023-08-21 20:00:00-04:00,18.24690863710804,18.265537862359263,18.23759402448243,18.242250442504883,69300
2023-08-22 20:00:00-04:00,18.24691669124634,18.274860541457517,18.24691669124634,18.2562313079834,63600
2023-08-23 20:00:00-04:00,18.2469130340596,18.265542263799905,18.237598419189453,18.237598419189453,110700
2023-08-24 20:00:00-04:00,18.228279411856818,18.25622324973365,18.228279411856818,18.242250442504883,42300
2023-08-27 20:00:00-04:00,18.26554004629486,18.27485466003418,18.24691081881621,18.27485466003418,78400
2023-08-28 20:00:00-04:00,18.26554107666016,18.293483142873427,18.251568266972505,18.26554107666016,139900
2023-08-29 20:00:00-04:00,18.26554004629486,18.284167497192588,18.26554004629486,18.27485466003418,127300
2023-08-30 20:00:00-04:00,18.312113996030263,18.312113996030263,18.274857312246866,18.28417015075684,65000
2023-08-31 20:00:00-04:00,18.30279775713819,18.30279775713819,18.26554107666016,18.26554107666016,62300
2023-09-04 20:00:00-04:00,18.28416794733533,18.29348256130397,18.27019691467285,18.27019691467285,77200
2023-09-05 20:00:00-04:00,18.349372456394835,18.349372456394835,18.274857312246866,18.28417015075684,65100
2023-09-06 20:00:00-04:00,18.293482110931908,18.293482110931908,18.26554004629486,18.27485466003418,69100
2023-09-07 20:00:00-04:00,18.274857312246866,18.28417015075684,18.265542697155723,18.28417015075684,82700
2023-09-10 20:00:00-04:00,18.27485466003418,18.293482110931908,18.228281591337574,18.27485466003418,110000
2023-09-11 20:00:00-04:00,18.26554004629486,18.284167497192588,18.26554004629486,18.27485466003418,62700
2023-09-12 20:00:00-04:00,18.27485612686077,18.31211280822754,18.27485612686077,18.31211280822754,84000
2023-09-13 20:00:00-04:00,18.312111338410556,18.312111338410556,18.26554004629486,18.27485466003418,58200
2023-09-14 20:00:00-04:00,18.274856141330854,18.274856141330854,18.256226912342196,18.260883331298828,69600
2023-09-17 20:00:00-04:00,18.265542697155723,18.28417015075684,18.25622808206458,18.28417015075684,87000
2023-09-18 20:00:00-04:00,18.27485247498488,18.27485247498488,18.238524952770774,18.242250442504883,37900
2023-09-19 20:00:00-04:00,18.274860541457517,18.274860541457517,18.237602074509283,18.2562313079834,382300
2023-09-20 20:00:00-04:00,18.2282808768054,18.2375954901796,18.172394973141063,18.195680618286133,353700
2023-09-21 20:00:00-04:00,18.192880630493164,18.22088467961498,18.192880630493164,18.192880630493164,167600
2023-09-24 20:00:00-04:00,18.18354655064784,18.1928812339981,18.1462095976556,18.15554428100586,69900
2023-09-25 20:00:00-04:00,18.155544400208424,18.155544400208424,18.136875033385326,18.146209716796875,525300
2023-09-26 20:00:00-04:00,18.155544519533688,18.155544519533688,18.11353933411005,18.13687515258789,93600
2023-09-27 20:00:00-04:00,18.13687360063473,18.14060711762265,18.090200187264024,18.108869552612305,186100
2023-09-28 20:00:00-04:00,18.12754011495992,18.155544164831507,18.0902013817978,18.09486961364746,93400
2023-10-01 20:00:00-04:00,18.09020233154297,18.099537015323573,18.080869428171248,18.09020233154297,240500
2023-10-02 20:00:00-04:00,18.099539413273472,18.099539413273472,18.04819953588273,18.06220245361328,66500
2023-10-03 20:00:00-04:00,18.062198520140523,18.090200788685227,18.052863837156043,18.071533203125,102500
2023-10-04 20:00:00-04:00,18.09020233154297,18.10887169910418,18.080869428171248,18.09020233154297,61200
2023-10-05 20:00:00-04:00,18.080871823647936,18.080871823647936,18.03606604772841,18.06220245361328,81500
2023-10-08 20:00:00-04:00,18.07153260232441,18.127538917960585,18.062197919650277,18.108869552612305,92300
2023-10-09 20:00:00-04:00,18.099536656978337,18.146210074957292,18.09113668802832,18.11820602416992,73500
2023-10-10 20:00:00-04:00,18.174209712761225,18.179810878189127,18.15087389735641,18.164875030517575,52300
2023-10-11 20:00:00-04:00,18.16487742259776,18.174212106070662,18.11820578564209,18.13687515258789,213300
2023-10-12 20:00:00-04:00,18.192886596324385,18.192886596324385,18.146214946225484,18.174217224121094,130100
2023-10-15 20:00:00-04:00,18.164877661740032,18.164877661740032,18.10887134057413,18.11820602416992,164200
2023-10-16 20:00:00-04:00,18.146210434226603,18.146210434226603,18.080869428171248,18.09020233154297,132000
2023-10-17 20:00:00-04:00,18.08086859796688,18.090201500910077,18.07153391461489,18.08553504943848,131500
2023-10-18 20:00:00-04:00,18.090203528971355,18.099538213369843,18.04353188738792,18.076202392578125,169100
2023-10-19 20:00:00-04:00,18.09020233154297,18.09020233154297,18.06220006061004,18.09020233154297,54100
2023-10-22 20:00:00-04:00,18.09020233154297,18.09020233154297,18.06500064378511,18.09020233154297,38500
2023-10-23 20:00:00-04:00,18.09207690072868,18.10517348657972,18.082721941652792,18.08739852905273,75100
2023-10-24 20:00:00-04:00,18.101426987430767,18.11078194398857,18.064943905848192,18.06868553161621,60000
2023-10-25 20:00:00-04:00,18.07336748680269,18.11078732415021,18.06401252746582,18.06401252746582,73200
2023-10-26 20:00:00-04:00,18.073360074291656,18.092069985291825,18.073360074291656,18.09113502502441,75500
2023-10-29 20:00:00-04:00,18.110780622737465,18.110780622737465,18.073360799236166,18.078039169311523,60400
2023-10-30 20:00:00-04:00,18.09207344055176,18.101428397838472,18.075235231145932,18.09207344055176,100600
2023-10-31 20:00:00-04:00,18.101430538082383,18.120140454868004,18.092075579689578,18.096752166748047,106400
2023-11-01 20:00:00-04:00,18.110782944746205,18.18562081706848,18.110782944746205,18.14820098876953,149700
2023-11-02 20:00:00-04:00,18.22303713086913,18.260456955615176,18.204327218496104,18.213682174682617,622500
2023-11-05 19:00:00-05:00,18.25110500083759,18.25110500083759,18.192170373018623,18.19965362548828,332900
2023-11-06 19:00:00-05:00,18.251099223093,18.285712377290235,18.223034358802657,18.260454177856445,74300
2023-11-07 19:00:00-05:00,18.28852225568587,18.28852225568587,18.260459168001734,18.2791690826416,67800
2023-11-08 19:00:00-05:00,18.269813537597656,18.28852166736003,18.234265414635733,18.269813537597656,148600
2023-11-09 19:00:00-05:00,18.26981412532167,18.28852225568587,18.25110421068181,18.2791690826416,48800
2023-11-12 19:00:00-05:00,18.260462121672976,18.29788017272949,18.25110716283986,18.29788017272949,308300
2023-11-13 19:00:00-05:00,18.307233395243188,18.363361358642575,18.297878437297328,18.363361358642575,97600
2023-11-14 19:00:00-05:00,18.31658408318993,18.35400390625,18.288519215894887,18.35400390625,94900
2023-11-15 19:00:00-05:00,18.2511054318438,18.391426232480164,18.2511054318438,18.363361358642575,123900
2023-11-16 19:00:00-05:00,18.363361358642575,18.382071274534304,18.330619897969957,18.363361358642575,120100
2023-11-19 19:00:00-05:00,18.37271998149915,18.391429901123047,18.344656886339443,18.391429901123047,117000
2023-11-20 19:00:00-05:00,18.3745464154634,18.412044559241345,18.36517143249512,18.36517143249512,91200
2023-11-21 19:00:00-05:00,18.38392411842785,18.412047283398483,18.36517414971713,18.393299102783203,71400
2023-11-23 19:00:00-05:00,18.42142563359019,18.42142563359019,18.38861407639905,18.39423942565918,17100
2023-11-26 19:00:00-05:00,18.430800218921284,18.430800218921284,18.40267526132793,18.412050247192383,45400
2023-11-27 19:00:00-05:00,18.440173736195657,18.46829869154912,18.43079875107784,18.44954872131348,326800
2023-11-28 19:00:00-05:00,18.458926299479185,18.4964244571225,18.458926299479185,18.47767448425293,161500
2023-11-29 19:00:00-05:00,18.4870472825648,18.496422267889965,18.46829910001009,18.495485305786133,29100
2023-11-30 19:00:00-05:00,18.505798776925182,18.54329872131348,18.449550648438517,18.54329872131348,65800
2023-12-03 19:00:00-05:00,18.53392146260008,18.55267143249512,18.50673346982361,18.55267143249512,110600
2023-12-04 19:00:00-05:00,18.56204462934709,18.56204462934709,18.54048377325379,18.55267143249512,217400
2023-12-05 19:00:00-05:00,18.56204377768965,18.58079374672441,18.51517064319822,18.57141876220703,118100
2023-12-06 19:00:00-05:00,18.590171813964844,18.590171813964844,18.552673657772647,18.590171813964844,105400
2023-12-07 19:00:00-05:00,18.580794113081208,18.580794113081208,18.56204414367676,18.56204414367676,27100
2023-12-10 19:00:00-05:00,18.58079682789285,18.590171813964844,18.524548699556675,18.590171813964844,113700
2023-12-11 19:00:00-05:00,18.571420302790862,18.590170273381016,18.563921029793043,18.580795288085938,145000
2023-12-12 19:00:00-05:00,18.552666979181303,18.63703824726571,18.552666979181303,18.613601684570312,136500
2023-12-13 19:00:00-05:00,18.64641879122053,18.674543747700284,18.62767060832967,18.66516876220703,144600
2023-12-14 19:00:00-05:00,18.646419157999095,18.6914183740136,18.646419157999095,18.65579414367676,88400
2023-12-17 19:00:00-05:00,18.674543380737305,18.674543380737305,18.64641842481021,18.674543380737305,128200
2023-12-18 19:00:00-05:00,18.665164218148508,18.697975765339056,18.665164218148508,18.683914184570312,231700
2023-12-19 19:00:00-05:00,18.72141456604004,18.72141456604004,18.674541432480627,18.72141456604004,243000
2023-12-20 19:00:00-05:00,18.72141456604004,18.72141456604004,18.683916416811595,18.72141456604004,140500
2023-12-21 19:00:00-05:00,18.74208594820244,18.74208594820244,18.695112228393555,18.695112228393555,97100
2023-12-25 19:00:00-05:00,18.69511117697674,18.71390066384357,18.69511117697674,18.70450592041016,57200
2023-12-26 19:00:00-05:00,18.732690499837545,18.75147819519043,18.688535384063968,18.75147819519043,76800
2023-12-27 19:00:00-05:00,18.713901012620525,18.75147819519043,18.685716781795005,18.75147819519043,227300
2023-12-28 19:00:00-05:00,18.7232931112625,18.751475546242677,18.7232931112625,18.742082595825195,121500
2024-01-01 19:00:00-05:00,18.742082595825195,18.742082595825195,18.713898368981148,18.742082595825195,134700
2024-01-02 19:00:00-05:00,18.74208524344605,18.75147819519043,18.72235681942742,18.75147819519043,74600
2024-01-03 19:00:00-05:00,18.74208766158593,18.74208766158593,18.704508682303388,18.713903427124023,103100
2024-01-04 19:00:00-05:00,18.73269291676529,18.73269291676529,18.704508682303388,18.713903427124023,80000
2024-01-07 19:00:00-05:00,18.760874450688227,18.760874450688227,18.723297265090075,18.744903564453125,54800
2024-01-08 19:00:00-05:00,18.76087839545728,18.76087839545728,18.723301201957938,18.73739242553711,97300
2024-01-09 19:00:00-05:00,18.76086857091596,18.76086857091596,18.723291397094727,18.723291397094727,97900
2024-01-10 19:00:00-05:00,18.723291397094727,18.73268613851596,18.71389665567349,18.723291397094727,75300
2024-01-11 19:00:00-05:00,18.75147382949472,18.75147382949472,18.71389665567349,18.723291397094727,34500
2024-01-15 19:00:00-05:00,18.723291397094727,18.723291397094727,18.695107172831023,18.723291397094727,105000
2024-01-16 19:00:00-05:00,18.69511117697674,18.70450592041016,18.676321690109912,18.70450592041016,81700
2024-01-17 19:00:00-05:00,18.704507753985887,18.704507753985887,18.666930568432683,18.67162704467773,57800
2024-01-18 19:00:00-05:00,18.66693543669301,18.674450517390696,18.657540689888528,18.6622371673584,95200
2024-01-21 19:00:00-05:00,18.695109773967637,18.695109773967637,18.666927337646484,18.666927337646484,48000
2024-01-22 19:00:00-05:00,18.707413040543617,18.707413040543617,18.650922329635417,18.66033744812012,47000
2024-01-23 19:00:00-05:00,18.707413040543617,18.707413040543617,18.650922329635417,18.66033744812012,57800
2024-01-24 19:00:00-05:00,18.69799378862593,18.707408905029297,18.669748439415827,18.707408905029297,95900
2024-01-25 19:00:00-05:00,18.716822225682822,18.716822225682822,18.679163555819198,18.707408905029297,58600
2024-01-28 19:00:00-05:00,18.74506757489293,18.74506757489293,18.69799378862593,18.707408905029297,51500
2024-01-29 19:00:00-05:00,18.697996139526367,18.716824578950565,18.691405736790383,18.697996139526367,56800
2024-01-30 19:00:00-05:00,18.76390501870325,18.7686116808388,18.726244538616797,18.75448989868164,129900
2024-01-31 19:00:00-05:00,18.792142868041992,18.792142868041992,18.750718507445296,18.792142868041992,87500
2024-02-01 19:00:00-05:00,18.72624441988868,18.754489779774445,18.712122637821057,18.71682929992676,223400
2024-02-04 19:00:00-05:00,18.754485049299088,18.754485049299088,18.697996139526367,18.697996139526367,32400
2024-02-05 19:00:00-05:00,18.707415529054547,18.74507421225257,18.69800040931742,18.72624397277832,69800
2024-02-06 19:00:00-05:00,18.716828844820565,18.735659084286542,18.68858528137207,18.68858528137207,989400
2024-02-07 19:00:00-05:00,18.67916321193317,18.707408560623275,18.67916321193317,18.69328498840332,135700
2024-02-08 19:00:00-05:00,18.69799378862593,18.716822225682822,18.69799378862593,18.707408905029297,61300
2024-02-11 19:00:00-05:00,18.7168288530412,18.735659092515448,18.707415529054547,18.72624397277832,44100
2024-02-12 19:00:00-05:00,18.697996139526367,18.697996139526367,18.679165904352107,18.697996139526367,106400
2024-02-13 19:00:00-05:00,18.679170615829587,18.72624441988868,18.679170615829587,18.71682929992676,47000
2024-02-14 19:00:00-05:00,18.726244311667777,18.7450745514828,18.69800074769575,18.740367889404297,141800
2024-02-15 19:00:00-05:00,18.71682929992676,18.72624441988868,18.707415975715357,18.71682929992676,58700
2024-02-19 19:00:00-05:00,18.72624397277832,18.74507421225257,18.72624397277832,18.72624397277832,62200
2024-02-20 19:00:00-05:00,18.758320637650044,18.758320637650044,18.730014463377188,18.739450454711918,59600
2024-02-21 19:00:00-05:00,18.73002052307129,18.748892511846368,18.73002052307129,18.73002052307129,120700
2024-02-22 19:00:00-05:00,18.777197224117,18.777197224117,18.71114706831104,18.76776123046875,80500
2024-02-25 19:00:00-05:00,18.748889476305404,18.7677596622934,18.748889476305404,18.758323669433597,46400
2024-02-26 19:00:00-05:00,18.786631648013003,18.786631648013003,18.74417058000969,18.758323669433597,65700
2024-02-27 19:00:00-05:00,18.76776123046875,18.76776123046875,18.748891042904024,18.76776123046875,121300
2024-02-28 19:00:00-05:00,18.78662928393196,18.80078237157485,18.76775730058717,18.772476196289062,79200
2024-02-29 19:00:00-05:00,18.748891042904024,18.78663321776524,18.748891042904024,18.76776123046875,43700
2024-03-03 19:00:00-05:00,18.777197224117,18.777197224117,18.758325236820504,18.76776123046875,42700
2024-03-04 19:00:00-05:00,18.796062806228612,18.796062806228612,18.74888465379618,18.7866268157959,443400
2024-03-05 19:00:00-05:00,18.78663276151653,18.791351658091937,18.777196768097447,18.78191566467285,43500
2024-03-06 19:00:00-05:00,18.79606606118098,18.805502053247743,18.786630069114214,18.800783157348636,43000
2024-03-07 19:00:00-05:00,18.805498123168945,18.805498123168945,18.79606213307417,18.805498123168945,195500
2024-03-10 20:00:00-04:00,18.805502053247743,18.81493804531452,18.79606606118098,18.800783157348636,87300
2024-03-11 20:00:00-04:00,18.79606213307417,18.805498123168945,18.78756920206953,18.805498123168945,55400
2024-03-12 20:00:00-04:00,18.83381337111328,18.83381337111328,18.79607119227453,18.808338165283203,131500
2024-03-13 20:00:00-04:00,18.796067113295106,18.796067113295106,18.786631120700157,18.79512405395508,65900
2024-03-14 20:00:00-04:00,18.78663276151653,18.791351658091937,18.777196768097447,18.78191566467285,56300
2024-03-17 20:00:00-04:00,18.814940177800807,18.814940177800807,18.772479108553547,18.79606819152832,97900
2024-03-18 20:00:00-04:00,18.786626142979383,18.805498123168945,18.786626142979383,18.805498123168945,76600
2024-03-19 20:00:00-04:00,18.82437617093705,18.82437617093705,18.777196205255837,18.79606819152832,62100
2024-03-20 20:00:00-04:00,18.79228521050406,18.79228521050406,18.754453877765165,18.782827377319336,47700
2024-03-21 20:00:00-04:00,18.78282678448706,18.806470464754,18.77998925423148,18.801740646362305,33600
2024-03-24 20:00:00-04:00,18.80174083321187,18.80174083321187,18.77336913816845,18.77809715270996,45300
2024-03-25 20:00:00-04:00,18.79228521050406,18.79228521050406,18.773369544134614,18.782827377319336,58600
2024-03-26 20:00:00-04:00,18.773369544134614,18.80174123979155,18.763911710949888,18.782827377319336,119600
2024-03-27 20:00:00-04:00,18.77337153689869,18.77337153689869,18.754455868521376,18.759183883666992,141600
2024-03-31 20:00:00-04:00,18.7639102935791,18.7639102935791,18.735536796168184,18.7639102935791,129200
2024-04-01 20:00:00-04:00,18.782827649274328,18.782827649274328,18.726080649344357,18.735538482666016,85800
2024-04-02 20:00:00-04:00,18.70716857910156,18.735540277887843,18.69771074487366,18.70716857910156,77600
2024-04-03 20:00:00-04:00,18.72608225373921,18.73554008787119,18.707168389372654,18.730812072753903,89400
2024-04-04 20:00:00-04:00,18.71662932967912,18.735543197184576,18.697713658275948,18.72135734558105,48900
2024-04-07 20:00:00-04:00,18.763913070423783,18.763913070423783,18.697710037231445,18.697710037231445,77100
2024-04-08 20:00:00-04:00,18.77337142439912,18.77337142439912,18.71662622350464,18.730812072753903,75100
2024-04-09 20:00:00-04:00,18.678792650781723,18.688250483781427,18.66933481778202,18.67406463623047,63700
2024-04-10 20:00:00-04:00,18.678792058172544,18.707165556271477,18.670279467573724,18.69297790527344,66100
2024-04-11 20:00:00-04:00,18.71662391172929,18.73459253163248,18.71662391172929,18.7260799407959,64100
2024-04-14 20:00:00-04:00,18.7260799407959,18.7260799407959,18.698653487928905,18.7260799407959,93500
2024-04-15 20:00:00-04:00,18.70716857910156,18.7118965942668,18.688252910645755,18.70716857910156,231500
2024-04-16 20:00:00-04:00,18.707167380001376,18.7260812433474,18.700547076855937,18.716625213623047,34900
2024-04-17 20:00:00-04:00,18.71662671550133,18.71662671550133,18.69771104674014,18.711896896362305,132100
2024-04-18 20:00:00-04:00,18.71662570497136,18.734594326596127,18.697710037231445,18.697710037231445,64800
2024-04-21 20:00:00-04:00,18.708113821355123,18.7118965942668,18.70716857910156,18.70716857910156,28500
2024-04-22 20:00:00-04:00,18.704322583039165,18.723283303895712,18.673986514585007,18.685361862182617,102200
2024-04-23 20:00:00-04:00,18.713800195611498,18.723280554647715,18.690100202117755,18.694839477539062,169700
2024-04-24 20:00:00-04:00,18.69484222261089,18.73276366432399,18.66640294951993,18.685361862182617,169000
2024-04-25 20:00:00-04:00,18.71380126717184,18.71380126717184,18.694840548013705,18.704320907592773,49400
2024-04-28 20:00:00-04:00,18.70432304637396,18.723283767700195,18.701478757355638,18.723283767700195,38300
2024-04-29 20:00:00-04:00,18.70432388390749,18.71380424499512,18.69484352281987,18.71380424499512,62300
2024-04-30 20:00:00-04:00,18.71380126717184,18.737501262022658,18.694840548013705,18.704320907592773,89500
2024-05-01 20:00:00-04:00,18.71380424499512,18.732764967170368,18.70432388390749,18.71380424499512,114700
2024-05-02 20:00:00-04:00,18.72328362006881,18.760255760627704,18.72328362006881,18.75267219543457,70300
2024-05-05 20:00:00-04:00,18.761204603520536,18.77068315568316,18.74224388280759,18.751724243164062,56500
2024-05-06 20:00:00-04:00,18.76120376586914,18.78964303747496,18.76120376586914,18.76120376586914,82400
2024-05-07 20:00:00-04:00,18.78964507959148,18.79912544055503,18.78016471862793,18.78016471862793,140400
2024-05-08 20:00:00-04:00,18.780163648997814,18.799124369845,18.77068328857422,18.77068328857422,103100
2024-05-09 20:00:00-04:00,18.799123397408152,18.799123397408152,18.76120376586914,18.76120376586914,50600
2024-05-12 20:00:00-04:00,18.789644009421405,18.789644009421405,18.77068328857422,18.77068328857422,59000
2024-05-13 20:00:00-04:00,18.789644009421405,18.789644009421405,18.77068328857422,18.77068328857422,117700
2024-05-14 20:00:00-04:00,18.78964507959148,18.808605801518578,18.78016471862793,18.78016471862793,92600
2024-05-15 20:00:00-04:00,18.79912544055503,18.79912544055503,18.78016471862793,18.78016471862793,76800
2024-05-16 20:00:00-04:00,18.799124369845,18.799124369845,18.77068328857422,18.77068328857422,30000
2024-05-19 20:00:00-04:00,18.78016351603964,18.78016351603964,18.751724243164062,18.751724243164062,42700
2024-05-20 20:00:00-04:00,18.748872756958008,18.76787863868088,18.739369816096573,18.748872756958008,63300
2024-05-21 20:00:00-04:00,18.748871378883656,18.75837431904661,18.720364370895307,18.739368438720703,69800
2024-05-22 20:00:00-04:00,18.7393687439364,18.7393687439364,18.701358795166016,18.701358795166016,73600
2024-05-23 20:00:00-04:00,18.720362880103668,18.720362880103668,18.691854061885103,18.71561050415039,63700
2024-05-27 20:00:00-04:00,18.720364675801477,18.72986580361867,18.701358795166016,18.701358795166016,266700
2024-05-28 20:00:00-04:00,18.72986506592488,18.72986506592488,18.682352178708108,18.696605682373047,174200
2024-05-29 20:00:00-04:00,18.69185447692871,18.710860356163103,18.67284859769432,18.69185447692871,135300
2024-05-30 20:00:00-04:00,18.729866869204447,18.729866869204447,18.68235397741321,18.708961486816406,51300
2024-06-02 20:00:00-04:00,18.701360172385765,18.72986718293776,18.69280698171977,18.71086311340332,151100
2024-06-03 20:00:00-04:00,18.72986549855775,18.744120815052437,18.720364370895307,18.739368438720703,67700
2024-06-04 20:00:00-04:00,18.739367494187373,18.777379252923247,18.739367494187373,18.77262687683105,59800
2024-06-05 20:00:00-04:00,18.796383660450665,18.81538772583008,18.786880721510816,18.81538772583008,42900
2024-06-06 20:00:00-04:00,18.77738051906009,18.786883459384832,18.76787757873535,18.76787757873535,67900
2024-06-09 20:00:00-04:00,18.77738517987509,18.786888122558597,18.76313167210032,18.786888122558597,57000
2024-06-10 20:00:00-04:00,18.79638428303543,18.80588722229004,18.767875465271608,18.80588722229004,71500
2024-06-11 20:00:00-04:00,18.824893421972988,18.87240812363149,18.815390481641284,18.834396362304688,34600
2024-06-12 20:00:00-04:00,18.853401713258062,18.858152277040173,18.82489289306395,18.84389877319336,133100
2024-06-13 20:00:00-04:00,18.834396362304688,18.862905183299794,18.834396362304688,18.834396362304688,84600
2024-06-16 20:00:00-04:00,18.853405420140035,18.853405420140035,18.82489659434063,18.829648971557617,38400
2024-06-17 20:00:00-04:00,18.85340224296809,18.85340224296809,18.824893421972988,18.834396362304688,138300
2024-06-19 20:00:00-04:00,18.83439328476081,18.85244941219083,18.82489034598189,18.83914566040039,90600
2024-06-20 20:00:00-04:00,18.87241088141444,18.87241088141444,18.834399114533063,18.84010124206543,46700
2024-06-23 20:00:00-04:00,18.85340224296809,18.85340224296809,18.834396362304688,18.834396362304688,60700
2024-06-24 20:00:00-04:00,18.84389877319336,18.853401713258062,18.834395833128657,18.84389877319336,32000
2024-06-25 20:00:00-04:00,18.881910417439745,18.881910417439745,18.81538983739552,18.816341400146484,41700
2024-06-26 20:00:00-04:00,18.82301286846544,18.84206493675998,18.8039608001709,18.8039608001709,290100
2024-06-27 20:00:00-04:00,18.842066547046347,18.861116800063733,18.77538430231664,18.83254051208496,99600
2024-06-30 20:00:00-04:00,18.80395835128697,18.823010417100317,18.784906285473625,18.799196243286133,109700
2024-07-01 20:00:00-04:00,18.832531895716308,18.832531895716308,18.80395380390736,18.808717727661133,89100
2024-07-02 20:00:00-04:00,18.83254051208496,18.851592582007736,18.82301447712357,18.83254051208496,41500
2024-07-04 20:00:00-04:00,18.86111317715224,18.87063921028383,18.85158896092569,18.859209060668945,22100
2024-07-07 20:00:00-04:00,18.87064283502512,18.87064283502512,18.83254051208496,18.83254051208496,193700
2024-07-08 20:00:00-04:00,18.861112301102526,18.88969039916992,18.861112301102526,18.88969039916992,85600
2024-07-09 20:00:00-04:00,18.889687949559697,18.889687949559697,18.8706358866521,18.88492584228516,48700
2024-07-10 20:00:00-04:00,18.91826820373535,18.932556344094905,18.913504279012216,18.91826820373535,85600
2024-07-11 20:00:00-04:00,18.927791595458984,18.937315809766574,18.89921350182219,18.927791595458984,53400
2024-07-14 20:00:00-04:00,18.92779360363744,18.92779360363744,18.880163442522704,18.913503646850582,77400
2024-07-15 20:00:00-04:00,18.918270458779983,18.93732070922852,18.913506533488988,18.93732070922852,52900
2024-07-16 20:00:00-04:00,18.93731806860362,18.951608025578857,18.927793853159987,18.94684410095215,56500
2024-07-17 20:00:00-04:00,18.93731806860362,18.95637013330068,18.927793853159987,18.94684410095215,77000
2024-07-18 20:00:00-04:00,18.965896165649205,18.965896165649205,18.936366010440235,18.94684410095215,31500
2024-07-21 20:00:00-04:00,18.927795217664272,18.946845466829767,18.927795217664272,18.94208335876465,43500
2024-07-22 20:00:00-04:00,18.935397323127344,18.96404457092285,18.935397323127344,18.96404457092285,56600
2024-07-23 20:00:00-04:00,18.954496846304306,18.973595012869588,18.944947763021663,18.95927047729492,97600
2024-07-24 20:00:00-04:00,18.964045929586945,18.973595012869588,18.944947763021663,18.95927047729492,39700
2024-07-25 20:00:00-04:00,18.954492688454163,18.97359085083008,18.954492688454163,18.97359085083008,23900
2024-07-28 20:00:00-04:00,18.97359085083008,18.982183748988533,18.954492688454163,18.97359085083008,71700
2024-07-29 20:00:00-04:00,18.973587500660148,18.983134758861336,18.9544893416564,18.978361129760746,54200
2024-07-30 20:00:00-04:00,18.983142505267093,18.997467041015625,18.96881979081999,18.997467041015625,35400
2024-07-31 20:00:00-04:00,19.00223654508858,19.0308837890625,18.992687463763936,19.0308837890625,69100
2024-08-01 20:00:00-04:00,19.059530700930992,19.097727029213985,19.050937801978144,19.08913230895996,84100
2024-08-04 20:00:00-04:00,19.14547119033056,19.14547119033056,19.069080352783203,19.069080352783203,148000
2024-08-05 20:00:00-04:00,19.078632354736328,19.088181438553693,19.059534187101598,19.078632354736328,26400
2024-08-06 20:00:00-04:00,19.07862943513928,19.07862943513928,19.05953127042713,19.069080352783203,70300
2024-08-07 20:00:00-04:00,19.059529331006203,19.059529331006203,19.040432989538456,19.04998207092285,44300
2024-08-08 20:00:00-04:00,19.05953127042713,19.069080352783203,19.011787679947997,19.069080352783203,81500
2024-08-11 20:00:00-04:00,19.069083270918963,19.078632354736328,19.0452114720263,19.078632354736328,63300
2024-08-12 20:00:00-04:00,19.059533291885632,19.088180541992188,19.049986029818207,19.088180541992188,35800
2024-08-13 20:00:00-04:00,19.078631458623335,19.088180541992188,19.059533291885632,19.088180541992188,232000
2024-08-14 20:00:00-04:00,19.078632354736328,19.078632354736328,19.059534187101598,19.078632354736328,42300
2024-08-15 20:00:00-04:00,19.107279606188428,19.107279606188428,19.059534187101598,19.078632354736328,22600
2024-08-18 20:00:00-04:00,19.059534072875977,19.08818132415639,19.059534072875977,19.059534072875977,76800
2024-08-19 20:00:00-04:00,19.07862886507249,19.107276111284737,19.07862886507249,19.08913230895996,36400
2024-08-20 20:00:00-04:00,19.096792835520944,19.125508647633357,19.08722028955799,19.11115074157715,232400
2024-08-21 20:00:00-04:00,19.135079462141796,19.135079462141796,19.096791107530983,19.11593437194824,113900
2024-08-22 20:00:00-04:00,19.13508458734905,19.14465713500977,19.096796222482958,19.14465713500977,87500
2024-08-25 20:00:00-04:00,19.135082244873047,19.13986943100576,19.125509698384175,19.135082244873047,116100
2024-08-26 20:00:00-04:00,19.12550926208496,19.13508180835545,19.10636416954397,19.12550926208496,109800
2024-08-27 20:00:00-04:00,19.154226900896443,19.154226900896443,19.09679344904999,19.12550926208496,57000
2024-08-28 20:00:00-04:00,19.135083975290858,19.144656522645388,19.1159388805818,19.130298614501957,210300
2024-08-29 20:00:00-04:00,19.13508180835545,19.13508180835545,19.115936715814463,19.12550926208496,95000
2024-09-02 20:00:00-04:00,19.14465479136192,19.14944015171807,19.125509698384175,19.135082244873047,78200
2024-09-03 20:00:00-04:00,19.14465435462595,19.14465435462595,19.09679344904999,19.12550926208496,1984500
2024-09-04 20:00:00-04:00,19.14944102409842,19.163800757374176,19.1398703029501,19.15422821044922,173700
2024-09-05 20:00:00-04:00,19.18294906616211,19.19251978891442,19.15423142057434,19.18294906616211,69200
2024-09-08 20:00:00-04:00,19.16379781587248,19.173370361328125,19.157097216631165,19.173370361328125,38100
2024-09-09 20:00:00-04:00,19.18294906616211,19.20209233744368,19.173376517632853,19.18294906616211,42300
2024-09-10 20:00:00-04:00,19.173376517632853,19.197306976067523,19.173376517632853,19.18294906616211,70600
2024-09-11 20:00:00-04:00,19.182945605878384,19.192516326904297,19.173373059075857,19.192516326904297,60300
2024-09-12 20:00:00-04:00,19.19251978891442,19.20209233744368,19.18294906616211,19.18294906616211,42900
2024-09-15 20:00:00-04:00,19.182945605878384,19.202088873706824,19.182945605878384,19.192516326904297,70100
2024-09-16 20:00:00-04:00,19.202088873706824,19.202088873706824,19.192516326904297,19.192516326904297,42200
2024-09-17 20:00:00-04:00,19.192516326904297,19.21166142050935,19.16380051227333,19.192516326904297,108700
2024-09-18 20:00:00-04:00,19.192516326904297,19.202088873706824,19.182945605878384,19.192516326904297,63700
2024-09-19 20:00:00-04:00,19.192509137081352,19.22122676673085,19.182938419640788,19.20208168029785,59500
2024-09-22 20:00:00-04:00,19.192516326904297,19.2068760599964,19.182945605878384,19.192516326904297,59700
2024-09-23 20:00:00-04:00,19.192509137081352,19.22122676673085,19.184851832818527,19.20208168029785,71000
2024-09-24 20:00:00-04:00,19.211658477783203,19.22123102311947,19.19251338711068,19.211658477783203,99700
2024-09-25 20:00:00-04:00,19.19246922647041,19.21166213497764,19.1828727722168,19.1828727722168,72100
2024-09-26 20:00:00-04:00,19.211661709411107,19.239490144894603,19.20206525537007,19.22125816345215,70700
2024-09-29 20:00:00-04:00,19.221255512246305,19.230851964963698,19.202062606811523,19.202062606811523,42300
2024-09-30 20:00:00-04:00,19.211661709411107,19.25964214927985,19.211661709411107,19.22125816345215,227800
2024-10-01 20:00:00-04:00,19.240447415887918,19.259640322149195,19.23085279309356,19.250043869018555,158300
2024-10-02 20:00:00-04:00,19.250042543167925,19.250042543167925,19.23085146856472,19.24044609069824,82500
2024-10-03 20:00:00-04:00,19.202062606811523,19.221255512246305,19.197263465284728,19.202062606811523,135500
2024-10-06 20:00:00-04:00,19.20206700545277,19.211663460368435,19.19247055053711,19.19247055053711,210600
2024-10-07 20:00:00-04:00,19.20206525537007,19.230854617493183,19.19246880132903,19.22125816345215,94600
2024-10-08 20:00:00-04:00,19.240447914934144,19.240447914934144,19.192467478372745,19.21166038513184,177000
2024-10-09 20:00:00-04:00,19.211664453543182,19.211664453543182,19.19247154271965,19.206865310668945,74400
2024-10-10 20:00:00-04:00,19.19247154271965,19.21070352676631,19.19247154271965,19.206865310668945,46300
2024-10-13 20:00:00-04:00,19.21166213497764,19.21166213497764,19.14448878553884,19.1828727722168,100700
2024-10-14 20:00:00-04:00,19.21165905952892,19.21165905952892,19.19246615409413,19.202062606811523,61200
2024-10-15 20:00:00-04:00,19.20206267321372,19.24044665387981,19.20206267321372,19.219335556030277,89700
2024-10-16 20:00:00-04:00,19.211660055504066,19.23085296193385,19.17327424264449,19.21645736694336,71000
2024-10-17 20:00:00-04:00,19.24044924119777,19.269238603320886,19.211661709411107,19.22125816345215,65900
2024-10-20 20:00:00-04:00,19.19247055053711,19.21741986904853,19.183833192012024,19.19247055053711,37600
2024-10-21 20:00:00-04:00,19.21170940521324,19.221329910865187,19.16360871187735,19.173229217529297,25600
2024-10-22 20:00:00-04:00,19.19247133580621,19.19247133580621,19.105888614868675,19.1251277923584,123400
2024-10-23 20:00:00-04:00,19.12224054836996,19.14436605803968,19.105885873657225,19.12993621826172,106100
2024-10-24 20:00:00-04:00,19.11550637848376,19.15398656286621,19.11550637848376,19.12993621826172,80200
2024-10-27 20:00:00-04:00,19.12512330403164,19.14436431192977,19.12512330403164,19.139554977416992,81600
2024-10-28 20:00:00-04:00,19.125129858964545,19.144370873457333,19.10589067939589,19.134750366210938,113200
2024-10-29 20:00:00-04:00,19.144365310668945,19.153985815119903,19.12031496700335,19.144365310668945,55500
2024-10-30 20:00:00-04:00,19.1251277923584,19.14436880477206,19.115509121075505,19.1251277923584,74900
2024-10-31 20:00:00-04:00,19.125129858964545,19.15399138070373,19.125129858964545,19.134750366210938,104100
2024-11-03 19:00:00-05:00,19.163608390011845,19.163608390011845,19.139558043747844,19.153987884521484,64400
2024-11-04 19:00:00-05:00,19.14436488870956,19.20208607921949,19.14436488870956,19.178035736083984,122600
2024-11-05 19:00:00-05:00,19.115509550462683,19.115509550462683,19.078952360025127,19.09145736694336,47100
2024-11-06 19:00:00-05:00,19.134750366210938,19.134750366210938,19.100118008063227,19.134750366210938,45200
2024-11-07 19:00:00-05:00,19.153986462356425,19.18284797668457,19.14629079250505,19.18284797668457,38800
2024-11-10 19:00:00-05:00,19.163606967132477,19.18284797668457,19.153986462356425,19.18284797668457,39800
2024-11-11 19:00:00-05:00,19.168419794176383,19.173230964902743,19.153989951845304,19.163610458374023,35200
2024-11-12 19:00:00-05:00,19.202087313121915,19.21170781797903,19.163607128617127,19.19246864318848,46300
2024-11-13 19:00:00-05:00,19.19246848146062,19.19246848146062,19.153986462356425,19.18284797668457,75600
2024-11-14 19:00:00-05:00,19.144369445316585,19.202090649564905,19.144369445316585,19.163610458374023,121900
2024-11-17 19:00:00-05:00,19.202087313121915,19.202087313121915,19.163607128617127,19.19246864318848,201200
2024-11-18 19:00:00-05:00,19.182848974760105,19.22132916094274,19.182848974760105,19.187658309936523,93700
2024-11-19 19:00:00-05:00,19.182848227463804,19.216519077158324,19.182848227463804,19.20208740234375,49500
2024-11-20 19:00:00-05:00,19.231026012739047,19.231026012739047,19.182802678584306,19.21173667907715,231000
2024-11-21 19:00:00-05:00,19.21173667907715,19.2213813459081,19.2020920122462,19.21173667907715,71500
2024-11-24 19:00:00-05:00,19.221378690776344,19.240668021773725,19.211734025277657,19.22620010375977,71700
2024-11-25 19:00:00-05:00,19.221379122736717,19.23102378845215,19.211734457021283,19.23102378845215,54300
2024-11-26 19:00:00-05:00,19.250307083129883,19.25995174674245,19.23101959543624,19.250307083129883,162100
2024-11-28 19:00:00-05:00,19.29853120121557,19.29853120121557,19.250307881153624,19.259952545166016,20200
2024-12-01 19:00:00-05:00,19.39498064454186,19.39498064454186,19.25031248925719,19.26960182189941,119900
2024-12-02 19:00:00-05:00,19.308175553459623,19.308175553459623,19.25995223417633,19.27924156188965,149500
2024-12-03 19:00:00-05:00,19.25995223417633,19.288886225746307,19.24066474599456,19.27924156188965,72800
2024-12-04 19:00:00-05:00,19.27924648822053,19.27924648822053,19.26960182189941,19.26960182189941,73700
2024-12-05 19:00:00-05:00,19.27924356285008,19.2985328925654,19.269598897992413,19.289852142333984,55800
2024-12-08 19:00:00-05:00,19.2792450620952,19.308179058918224,19.2792450620952,19.298534393310547,90500
2024-12-09 19:00:00-05:00,19.27924426606496,19.28888893127441,19.26959960085551,19.28888893127441,70000
2024-12-10 19:00:00-05:00,19.279241873190795,19.288886537203183,19.250307881153624,19.259952545166016,58800
2024-12-11 19:00:00-05:00,19.26960182189941,19.26960182189941,19.25031248925719,19.26960182189941,186700
2024-12-12 19:00:00-05:00,19.230926001773515,19.25026372600969,19.221257139655425,19.2405948638916,33100
2024-12-15 19:00:00-05:00,19.24059155943213,19.25026041988965,19.23092269897461,19.23092269897461,123900
2024-12-16 19:00:00-05:00,19.24059155943213,19.24059155943213,19.22125383851709,19.23092269897461,93000
2024-12-17 19:00:00-05:00,19.230922896175784,19.230922896175784,19.18741394574408,19.192249298095703,42200
2024-12-18 19:00:00-05:00,19.182579171974872,19.182579171974872,19.12456785660874,19.143903732299805,137800
2024-12-19 19:00:00-05:00,19.114903687474577,19.16324615478516,19.114903687474577,19.16324615478516,82400
2024-12-22 19:00:00-05:00,19.16324615478516,19.16324615478516,19.153577292493654,19.16324615478516,86100
2024-12-23 19:00:00-05:00,19.14390490581186,19.163242626834787,19.134237889446972,19.158409118652344,81100
2024-12-25 19:00:00-05:00,19.153573766323323,19.163242626834787,19.14390490581186,19.158409118652344,75200
2024-12-26 19:00:00-05:00,19.16324145213734,19.172910312056107,19.143903732299805,19.143903732299805,87900
2024-12-29 19:00:00-05:00,19.18258145872764,19.19225031979903,19.16324373658486,19.17291259765625,382900
2024-12-30 19:00:00-05:00,19.182579040527344,19.19224790037985,19.172910180674837,19.182579040527344,97800
2025-01-01 19:00:00-05:00,19.182580150986183,19.201917871810647,19.182580150986183,19.19708251953125,317400
2025-01-02 19:00:00-05:00,19.201919044880874,19.21158790588379,19.19225018387796,19.21158790588379,107800
2025-01-05 19:00:00-05:00,19.21158923857668,19.22125625610352,19.197085023992823,19.22125625610352,187300
2025-01-06 19:00:00-05:00,19.20191764831543,19.22125352476828,19.172911067416347,19.20191764831543,111300
2025-01-07 19:00:00-05:00,19.20191764831543,19.20191764831543,19.172911067416347,19.20191764831543,139600
2025-01-09 19:00:00-05:00,19.15357487551347,19.18258145872764,19.15357487551347,19.17291259765625,106100
2025-01-12 19:00:00-05:00,19.18258387936816,19.18258387936816,19.14390843020216,19.16324615478516,151300
2025-01-13 19:00:00-05:00,19.143903732299805,19.153572592218573,19.134236716527504,19.143903732299805,415900
2025-01-14 19:00:00-05:00,19.15357385586904,19.192249298095703,19.15357385586904,19.192249298095703,36000
2025-01-15 19:00:00-05:00,19.153576493793075,19.192251941346317,19.12457175227499,19.17774772644043,148800
2025-01-16 19:00:00-05:00,19.21158923857668,19.22125625610352,19.192251515229405,19.22125625610352,54100
2025-01-20 19:00:00-05:00,19.2405948638916,19.2405948638916,19.221257139655425,19.2405948638916,87900
2025-01-21 19:00:00-05:00,19.35788399359487,19.35788399359487,19.23671546167704,19.251256942749023,121300
2025-01-22 19:00:00-05:00,19.23186953390975,19.251256942749023,19.22217582949012,19.251256942749023,95300
2025-01-23 19:00:00-05:00,19.22217582949012,19.259011166730705,19.22217582949012,19.251256942749023,92700
2025-01-26 19:00:00-05:00,19.270640211873644,19.290027618408203,19.25125465422393,19.290027618408203,69000
2025-01-27 19:00:00-05:00,19.280333915140925,19.299721321675484,19.270640211873644,19.290027618408203,115100
2025-01-28 19:00:00-05:00,19.28033503073247,19.29972243838882,19.26094947196108,19.270641326904297,173400
2025-01-29 19:00:00-05:00,19.29002967084286,19.3045711517334,19.280335966544182,19.3045711517334,94700
2025-01-30 19:00:00-05:00,19.338501309651164,19.338501309651164,19.290032780344777,19.29972648620605,83800
2025-02-02 19:00:00-05:00,19.35788192766821,19.35788192766821,19.290027852857406,19.31910896301269,97200
2025-02-03 19:00:00-05:00,19.328805923461918,19.328805923461918,19.29003110338765,19.328805923461918,143800
2025-02-04 19:00:00-05:00,19.29972480840621,19.367578894650997,19.29972480840621,19.328805923461918,119200
2025-02-05 19:00:00-05:00,19.338499069213867,19.338499069213867,19.32395758766396,19.338499069213867,63100
2025-02-06 19:00:00-05:00,19.319112218443347,19.328805923461918,19.30941851342478,19.328805923461918,144800
2025-02-09 19:00:00-05:00,19.32880266639779,19.338496369782888,19.3094152596276,19.31910896301269,73800
2025-02-10 19:00:00-05:00,19.31910896301269,19.31910896301269,19.29487562899239,19.31910896301269,84700
2025-02-11 19:00:00-05:00,19.280336380004883,19.29003008451144,19.260950819876857,19.280336380004883,70400
2025-02-12 19:00:00-05:00,19.3191133375381,19.3191133375381,19.27064480963764,19.309419631958008,81600
2025-02-13 19:00:00-05:00,19.338496369782888,19.338496369782888,19.299721556242503,19.31910896301269,54000
2025-02-17 19:00:00-05:00,19.33849819233625,19.33849819233625,19.299723375141536,19.3045711517334,44600
2025-02-18 19:00:00-05:00,19.29972592637792,19.3191133375381,19.29972592637792,19.309419631958008,34900
2025-02-19 19:00:00-05:00,19.309419631958008,19.328807043118196,19.309419631958008,19.309419631958008,78400
2025-02-20 19:00:00-05:00,19.329823803284533,19.349260974547494,19.32010521765305,19.339542388916016,31700
2025-02-23 19:00:00-05:00,19.32982362113109,19.368697963290685,19.32982362113109,19.348289489746094,196200
2025-02-24 19:00:00-05:00,19.378419876098636,19.388138463307207,19.36384106847028,19.378419876098636,32900
2025-02-25 19:00:00-05:00,19.368700294392102,19.39785420088993,19.368700294392102,19.392995834350582,51000
2025-02-26 19:00:00-05:00,19.39785645894123,19.39785645894123,19.37842113689056,19.388139724731445,49100
2025-02-27 19:00:00-05:00,19.407572142012494,19.407572142012494,19.38813682287075,19.40271377563477,60500
2025-03-02 19:00:00-05:00,19.38813671024752,19.407572029276373,19.38813671024752,19.398826599121094,68100
2025-03-03 19:00:00-05:00,19.407573784093387,19.4163210686704,19.378419876098636,19.378419876098636,53900
2025-03-04 19:00:00-05:00,19.37841773225292,19.388136318386326,19.36869914611952,19.387163162231445,51200
2025-03-05 19:00:00-05:00,19.388139724731445,19.388139724731445,19.36870254904968,19.388139724731445,89400
2025-03-06 19:00:00-05:00,19.4075702593219,19.4075702593219,19.368697771178528,19.37355613708496,45100
2025-03-09 20:00:00-04:00,19.40077087429776,19.40757369995117,19.38813837924926,19.40757369995117,65500
2025-03-10 20:00:00-04:00,19.407573433833885,19.407573433833885,19.37841952636529,19.383277893066406,172000
2025-03-11 20:00:00-04:00,19.388135291354367,19.388135291354367,19.3589795344986,19.368698120117188,50400
2025-03-12 20:00:00-04:00,19.35898270168148,19.378419876098636,19.349264114472906,19.378419876098636,72000
2025-03-13 20:00:00-04:00,19.36383790049256,19.368698120117188,19.3589795344986,19.368698120117188,54000
2025-03-16 20:00:00-04:00,19.368704489693545,19.368704489693545,19.35412753328723,19.358985900878903,95700
2025-03-17 20:00:00-04:00,19.36870128889005,19.378419876098636,19.35898270168148,19.378419876098636,75300
2025-03-18 20:00:00-04:00,19.35898270168148,19.378419876098636,19.349264114472906,19.378419876098636,52900
2025-03-19 20:00:00-04:00,19.388135291354367,19.40757060896087,19.368698120117188,19.368698120117188,63200
2025-03-20 20:00:00-04:00,19.388138463307207,19.407573784093387,19.36384106847028,19.378419876098636,94000
2025-03-23 20:00:00-04:00,19.368704489693545,19.388141667322817,19.34926731206427,19.358985900878903,296600
2025-03-24 20:00:00-04:00,19.34926094888001,19.368698120117188,19.34926094888001,19.368698120117188,67500
2025-03-25 20:00:00-04:00,19.349263878922883,19.349263878922883,19.320108117652083,19.32496833801269,167400
2025-03-26 20:00:00-04:00,19.30158424377441,19.316200538855725,19.29184066651932,19.30158424377441,148700
2025-03-27 20:00:00-04:00,19.330813521866293,19.35030067491105,19.325940804406503,19.340557098388672,253100
2025-03-30 20:00:00-04:00,19.350297089955628,19.36004066467285,19.345424373398583,19.36004066467285,54700
2025-03-31 20:00:00-04:00,19.38927375714313,19.39901733398437,19.379530180301877,19.39901733398437,45000
2025-04-01 20:00:00-04:00,19.3990157562858,19.40388847350877,19.36978502813935,19.384401321411133,62600
2025-04-02 20:00:00-04:00,19.408757325227345,19.447729766995263,19.408757325227345,19.418500900268555,197500
2025-04-03 20:00:00-04:00,19.486707335074406,19.486707335074406,19.40388972093101,19.413631439208984,121300
2025-04-06 20:00:00-04:00,19.408761099293866,19.49645143331937,19.028770890781512,19.24312400817871,666400
2025-04-07 20:00:00-04:00,19.25286437693261,19.276248586002627,19.135943331582528,19.213890075683597,334700
2025-04-08 20:00:00-04:00,19.19440517861654,19.19440517861654,18.97030665861505,19.07748413085937,412000
2025-04-09 20:00:00-04:00,19.25871429302156,19.29671294256835,19.07748710534102,19.087230682373047,96800
2025-04-10 20:00:00-04:00,19.14568987102849,19.223636627197266,19.048255961218214,19.223636627197266,157700
2025-04-13 20:00:00-04:00,19.14568967193195,19.16517682537081,19.1164608001709,19.1164608001709,141800
2025-04-14 20:00:00-04:00,19.16517448425293,19.18466163531134,19.15640470875754,19.16517448425293,163300
2025-04-15 20:00:00-04:00,19.174919637859208,19.213892084786416,19.165176061528115,19.17979049682617,102700
2025-04-16 20:00:00-04:00,19.194406790521395,19.20414850845532,19.174919637859208,19.17979049682617,64400
2025-04-20 20:00:00-04:00,19.243123656494596,19.243123656494596,19.16712635953995,19.17004776000977,208900
2025-04-21 20:00:00-04:00,19.175909372282234,19.18274741538679,19.146604537963867,19.146604537963867,72600
2025-04-22 20:00:00-04:00,19.234522150707352,19.260896128102925,19.19544655523297,19.20521545410156,59700
2025-04-23 20:00:00-04:00,19.205217074115467,19.24429267288599,19.205217074115467,19.23452377319336,66300
2025-04-24 20:00:00-04:00,19.283363625390244,19.283363625390244,19.237451853010832,19.254056930541992,59000
2025-04-27 20:00:00-04:00,19.23452071481531,19.28336334228516,19.23452071481531,19.28336334228516,56700
2025-04-28 20:00:00-04:00,19.28336388356888,19.293132781982425,19.264804280841947,19.293132781982425,103000
2025-04-29 20:00:00-04:00,19.29313141660885,19.321459915744526,19.28824789936112,19.30290031433105,83400
2025-04-30 20:00:00-04:00,19.332206183682864,19.332206183682864,19.293130594459218,19.322437286376957,132300
2025-05-01 20:00:00-04:00,19.30290466879966,19.312673568725582,19.2833668689478,19.312673568725582,64600
2025-05-04 20:00:00-04:00,19.28336334228516,19.3048538002556,19.28336334228516,19.28336334228516,63100
2025-05-05 20:00:00-04:00,19.30094807292652,19.33220929462665,19.28434113115674,19.32732391357422,98500
2025-05-06 20:00:00-04:00,19.31267057880951,19.322439477223053,19.293132781982425,19.293132781982425,236800
2025-05-07 20:00:00-04:00,19.332206183682864,19.332206183682864,19.31266838907104,19.322437286376957,76800
2025-05-08 20:00:00-04:00,19.332207223818088,19.34197425842285,19.312669428155072,19.34197425842285,140800
2025-05-11 20:00:00-04:00,19.322437286376957,19.341973217762128,19.31266838907104,19.322437286376957,46200
2025-05-12 20:00:00-04:00,19.32244164126386,19.332210540771484,19.31267274175624,19.332210540771484,38900
2025-05-13 20:00:00-04:00,19.32244164126386,19.34197757705204,19.31755625989652,19.332210540771484,363700
2025-05-14 20:00:00-04:00,19.35174478021206,19.37128257751465,19.33709236384857,19.37128257751465,83000
2025-05-15 20:00:00-04:00,19.371280127884702,19.371280127884702,19.3517423330528,19.36151123046875,105000
2025-05-18 20:00:00-04:00,19.34197343563685,19.36151123046875,19.34197343563685,19.36151123046875,83600
2025-05-19 20:00:00-04:00,19.341975881560764,19.37128257751465,19.341975881560764,19.37128257751465,40600
2025-05-20 20:00:00-04:00,19.35267629861515,19.362470387189067,19.34288221004124,19.3477783203125,61500
2025-05-21 20:00:00-04:00,19.35267629861515,19.35267629861515,19.333088121467323,19.3477783203125,109000
2025-05-22 20:00:00-04:00,19.36247062683105,19.37520312893787,19.36247062683105,19.36247062683105,66700
2025-05-26 20:00:00-04:00,19.382055391534077,19.391847610473636,19.37226130456343,19.391847610473636,61900
2025-05-27 20:00:00-04:00,19.382055485251243,19.40164179125615,19.382055485251243,19.39674568176269,62200
2025-05-28 20:00:00-04:00,19.401643846297475,19.411437934352875,19.386953648230023,19.40654182434082,111900
2025-05-29 20:00:00-04:00,19.401643846297475,19.411437934352875,19.39184975824208,19.40654182434082,106900
2025-06-01 20:00:00-04:00,19.42123192906841,19.42123192906841,19.396747643063232,19.40164375305176,93700
2025-06-02 20:00:00-04:00,19.411436080932617,19.42123016805287,19.405559255054246,19.411436080932617,100800
2025-06-03 20:00:00-04:00,19.440818544951625,19.440818544951625,19.42123037050693,19.42612648010254,50200
2025-06-04 20:00:00-04:00,19.431024847013457,19.450613021850582,19.42612686928859,19.450613021850582,75400
2025-06-05 20:00:00-04:00,19.421232517359723,19.45061478227473,19.421232517359723,19.440820693969727,112100
2025-06-08 20:00:00-04:00,19.43102709137926,19.450615268478906,19.43102709137926,19.449634552001957,64400
2025-06-09 20:00:00-04:00,19.440820894546253,19.460409071358352,19.440820894546253,19.45551109313965,107500
2025-06-10 20:00:00-04:00,19.450614982952303,19.470201291733044,19.450614982952303,19.45551109313965,62400
2025-06-11 20:00:00-04:00,19.460409364783736,19.48978976241353,19.460409364783736,19.475099563598636,55800
2025-06-12 20:00:00-04:00,19.470199584960938,19.47999367250843,19.46040736544464,19.470199584960938,23800
2025-06-15 20:00:00-04:00,19.47019930004989,19.47999338745407,19.460407080676887,19.476076126098636,76300
2025-06-16 20:00:00-04:00,19.47999506355571,19.489789151802587,19.47999506355571,19.48685073852539,31700
2025-06-17 20:00:00-04:00,19.49958199543392,19.504479973260395,19.47999382019043,19.47999382019043,45000
2025-06-19 20:00:00-04:00,19.499586052220128,19.499586052220128,19.489791962560773,19.49468994140625,33200
2025-06-22 20:00:00-04:00,19.50937609323161,19.538758356112165,19.499582005604758,19.50545883178711,83200
2025-06-23 20:00:00-04:00,19.50937476679881,19.528962940720724,19.49958067983785,19.51916885375977,56400
2025-06-24 20:00:00-04:00,19.51917252202912,19.52406863241419,19.49958434442596,19.50937843322754,72100
2025-06-25 20:00:00-04:00,19.530980189658905,19.530980189658905,19.511342617815576,19.529998779296875,48600
2025-06-26 20:00:00-04:00,19.530980314230504,19.54080003667507,19.51134274226192,19.52803421020508,256700
2025-06-29 20:00:00-04:00,19.540796905741,19.550616626612197,19.533923288423185,19.54570770263672,62100
2025-06-30 20:00:00-04:00,19.580076381522307,19.580076381522307,19.540797496849336,19.550617218017575,74700
2025-07-01 20:00:00-04:00,19.56043693918582,19.56043693918582,19.540797496849336,19.550617218017575,66100
2025-07-02 20:00:00-04:00,19.560439371848798,19.57025909423828,19.54079992706982,19.57025909423828,63900
2025-07-06 20:00:00-04:00,19.56043815612793,19.56043815612793,19.54079871256959,19.56043815612793,166700
2025-07-07 20:00:00-04:00,19.580076217651367,19.580076217651367,19.56043677547925,19.580076217651367,158200
2025-07-08 20:00:00-04:00,19.619353821410908,19.619353821410908,19.570257087418604,19.584985733032227,94300
2025-07-09 20:00:00-04:00,19.58007802461439,19.59971559567849,19.58007802461439,19.594806671142575,62900
2025-07-10 20:00:00-04:00,19.5800774995952,19.589897221324176,19.570257777866228,19.575166702270508,125100
2025-07-13 20:00:00-04:00,19.60953350798925,19.60953350798925,19.57025649656531,19.580076217651367,64200
2025-07-14 20:00:00-04:00,19.589898539017256,19.589898539017256,19.560439371848798,19.57025909423828,50300
2025-07-15 20:00:00-04:00,19.58007881662777,19.58007881662777,19.550619649459307,19.57025909423828,56600
2025-07-16 20:00:00-04:00,19.570257877907103,19.570257877907103,19.55061843434876,19.56043815612793,95300
2025-07-17 20:00:00-04:00,19.58007881662777,19.58007881662777,19.57025909423828,19.57025909423828,53900
2025-07-20 20:00:00-04:00,19.580079340458155,19.60462771062835,19.580079340458155,19.58989906311035,50200
2025-07-21 20:00:00-04:00,19.582018433765622,19.6017092002126,19.542638778686523,19.542638778686523,198800
2025-07-22 20:00:00-04:00,19.59186709812917,19.59186709812917,19.572176328384497,19.58202171325684,72600
2025-07-23 20:00:00-04:00,19.591862608657127,19.591862608657127,19.562328338623047,19.562328338623047,88700
2025-07-24 20:00:00-04:00,19.59186483974051,19.59186483974051,19.572174072265625,19.572174072265625,70700
2025-07-27 20:00:00-04:00,19.58202171325684,19.61155786787385,19.58202171325684,19.58202171325684,85600
2025-07-28 20:00:00-04:00,19.601709716004752,19.611555099487305,19.601709716004752,19.611555099487305,106400
2025-07-29 20:00:00-04:00,19.611554306325186,19.631245072493925,19.59186354015644,19.61647605895996,135900
2025-07-30 20:00:00-04:00,19.63124610348102,19.63124610348102,19.61155533627816,19.62927627563477,94200
2025-07-31 20:00:00-04:00,19.6558577871019,19.680470306150603,19.6558577871019,19.6755485534668,104500
2025-08-03 20:00:00-04:00,19.670627840302465,19.68539685617393,19.670627840302465,19.671613693237305,74200
2025-08-04 20:00:00-04:00,19.680469512939453,19.690314895725088,19.67062413015382,19.680469512939453,64400
2025-08-05 20:00:00-04:00,19.680470306150603,19.690315689333048,19.6755485534668,19.6755485534668,27100
2025-08-06 20:00:00-04:00,19.690317947706312,19.70016333201797,19.680472563394652,19.685396194458008,46000
2025-08-07 20:00:00-04:00,19.699177769062462,19.700161744069803,19.68637858270749,19.69523811340332,196900
2025-08-10 20:00:00-04:00,19.700162094106865,19.710007477799863,19.690316710413867,19.7050838470459,69400
2025-08-11 20:00:00-04:00,19.705082949854063,19.71000658038385,19.70016119713912,19.70114517211914,61000
2025-08-12 20:00:00-04:00,19.71985511935482,19.71985511935482,19.71000973453455,19.71493148803711,46100
2025-08-13 20:00:00-04:00,19.72969903984187,19.72969903984187,19.70016288757324,19.70016288757324,121100
2025-08-14 20:00:00-04:00,19.700162537845426,19.729698689589718,19.690317153930664,19.690317153930664,81200
2025-08-17 20:00:00-04:00,19.71985511935482,19.71985511935482,19.70016434971429,19.71493148803711,58400
2025-08-18 20:00:00-04:00,19.71000973453455,19.72970050417508,19.71000973453455,19.71493148803711,68100
2025-08-19 20:00:00-04:00,19.71000973453455,19.72970050417508,19.70016434971429,19.71493148803711,129500
2025-08-20 20:00:00-04:00,19.721838740463213,19.721838740463213,19.703085127365,19.707033157348636,79400
2025-08-21 20:00:00-04:00,19.731710202602716,19.74158121913675,19.72183918606868,19.73664665222168,99100
2025-08-24 20:00:00-04:00,19.731708526611328,19.74157954230693,19.731708526611328,19.731708526611328,51300
2025-08-25 20:00:00-04:00,19.731710202602716,19.76132325220482,19.72183918606868,19.73664665222168,87200
2025-08-26 20:00:00-04:00,19.74158047614704,19.75145149230957,19.702096411496907,19.75145149230957,79500
2025-08-27 20:00:00-04:00,19.74158121913675,19.751452235670783,19.731710202602716,19.73664665222168,42800
2025-08-28 20:00:00-04:00,19.751451005565094,19.78106405332293,19.740593452865028,19.76132202148437,81200
2025-09-01 20:00:00-04:00,19.761322508472105,19.761322508472105,19.74158047614704,19.75145149230957,44000
2025-09-02 20:00:00-04:00,19.76132202148437,19.76132202148437,19.744541482691982,19.76132202148437,89600
2025-09-03 20:00:00-04:00,19.800804625138777,19.800804625138777,19.77119345945263,19.79093360900879,58400
2025-09-04 20:00:00-04:00,19.80080481558452,19.82548141479492,19.80080481558452,19.82548141479492,81000
2025-09-07 20:00:00-04:00,19.830416660155127,19.86002970703181,19.830416660155127,19.85015869140625,77000
2025-09-08 20:00:00-04:00,19.850162017998525,19.86990216985408,19.850162017998525,19.86003303527832,51500
2025-09-09 20:00:00-04:00,19.879772186279297,19.889643203062136,19.860032035417568,19.879772186279297,112000
2025-09-10 20:00:00-04:00,19.8995130134465,19.909384029630917,19.889641997262093,19.904449462890625,62000
2025-09-11 20:00:00-04:00,19.889641741688564,19.90938377380371,19.889641741688564,19.90938377380371,52200
2025-09-14 20:00:00-04:00,19.919256441855524,19.929127458731745,19.909385424979305,19.91431999206543,100600
2025-09-15 20:00:00-04:00,19.889641000329718,19.929125063088293,19.889641000329718,19.9241886138916,53400
2025-09-16 20:00:00-04:00,19.94886449395892,19.94886449395892,19.92912434599366,19.938995361328125,81400
2025-09-17 20:00:00-04:00,19.938997756021937,19.938997756021937,19.86990064038206,19.929126739501957,126000
2025-09-18 20:00:00-04:00,19.90938470646199,19.929126739501957,19.90938470646199,19.929126739501957,141600
2025-09-21 20:00:00-04:00,19.929125318794814,19.929125318794814,19.909383287162218,19.91925430297852,60600
2025-09-22 20:00:00-04:00,19.89951312099712,19.92813775019394,19.89951312099712,19.917280197143555,52000
2025-09-23 20:00:00-04:00,19.89951421984497,19.90938523662781,19.879772186279297,19.879772186279297,76600
2025-09-24 20:00:00-04:00,19.881754583385447,19.901547723743462,19.881754583385447,19.891651153564453,59900
2025-09-25 20:00:00-04:00,19.8916456872622,19.8916456872622,19.832268170083093,19.866905212402344,72300
2025-09-28 20:00:00-04:00,19.87185255234342,19.8767998922845,19.85205941742464,19.866905212402344,53900
2025-09-29 20:00:00-04:00,19.86196011993337,19.879773190037877,19.85206355041362,19.871856689453125,99000
2025-09-30 20:00:00-04:00,19.881753258972875,19.89164982849263,19.822375729431997,19.871856689453125,153100
2025-10-01 20:00:00-04:00,19.881753258972875,19.881753258972875,19.85206355041362,19.871856689453125,124900
2025-10-02 20:00:00-04:00,19.86196011993337,19.881753258972875,19.85206355041362,19.871856689453125,80800
2025-10-05 20:00:00-04:00,19.881750106811523,19.881750106811523,19.86195697091013,19.881750106811523,91100
2025-10-06 20:00:00-04:00,19.901546398012385,19.901546398012385,19.86196011993337,19.871856689453125,347300
2025-10-07 20:00:00-04:00,19.881754583385447,19.970821827418757,19.84315928099175,19.891651153564453,155600
2025-10-08 20:00:00-04:00,19.901546398012385,19.901546398012385,19.871856689453125,19.871856689453125,56400
2025-10-09 20:00:00-04:00,19.911444293922468,19.911444293922468,19.87185801320644,19.891651153564453,36200
2025-10-12 20:00:00-04:00,19.931231058987677,19.931231058987677,19.852060402959435,19.881750106811523,57400
2025-10-13 20:00:00-04:00,19.90154613705313,19.90154613705313,19.890660476997432,19.896596908569336,12900
2025-10-14 20:00:00-04:00,19.94112820838554,19.94112820838554,19.861957550048828,19.861957550048828,126500
2025-10-15 20:00:00-04:00,19.90154523403758,19.91144180297852,19.871855527214777,19.91144180297852,110900
2025-10-16 20:00:00-04:00,19.91144180297852,19.92133648434193,19.90154523403758,19.91144180297852,76600
2025-10-19 20:00:00-04:00,19.960925257239744,19.960925257239744,19.802583909531148,19.891651153564453,106500
2025-10-20 20:00:00-04:00,19.893631416137644,19.94324260691628,19.893631416137644,19.918437957763672,106200
2025-10-21 20:00:00-04:00,19.913476943969727,19.913476943969727,19.903554705290063,19.913476943969727,87900
2025-10-22 20:00:00-04:00,19.943243871521428,19.943243871521428,19.893632677596937,19.90355491638184,127600
2025-10-23 20:00:00-04:00,19.943243871521428,19.943243871521428,19.893632677596937,19.90355491638184,175300
2025-10-26 20:00:00-04:00,19.883711280760824,19.923398341330067,19.8797408714778,19.90851593017578,60700
2025-10-27 20:00:00-04:00,19.903553444835268,19.903553444835268,19.88371086120605,19.88371086120605,62800
2025-10-28 20:00:00-04:00,19.893632047998697,19.893632047998697,19.883711702001303,19.888671875,42400
2025-10-29 20:00:00-04:00,19.873788833618164,19.89363141745751,19.86386659546178,19.873788833618164,113600
2025-10-30 20:00:00-04:00,19.893632888793945,19.92339960546465,19.87379030348704,19.893632888793945,44700
2025-11-02 19:00:00-05:00,19.893632047998697,19.893632047998697,19.873789463530425,19.888671875,76900
2025-11-03 19:00:00-05:00,19.893632677596937,19.91347715516673,19.883712331285583,19.90355491638184,167200
2025-11-04 19:00:00-05:00,19.89363162834153,19.903553866603097,19.853944567768707,19.863866806030277,68000
2025-11-05 19:00:00-05:00,19.890657079683567,19.893632047998697,19.883711702001303,19.888671875,81400
2025-11-06 19:00:00-05:00,19.893632888793945,19.903555127684182,19.893632888793945,19.893632888793945,41100
2025-11-09 19:00:00-05:00,19.90355407553402,19.913476313899743,19.887680008127635,19.89859390258789,37800
2025-11-10 19:00:00-05:00,19.93332036876055,19.93332036876055,19.913475892449096,19.918437957763672,35100
2025-11-11 19:00:00-05:00,19.93332184435489,19.93332184435489,19.87379030348704,19.893632888793945,45900
2025-11-12 19:00:00-05:00,19.923399182649398,19.923399182649398,19.903554705290063,19.913476943969727,44700
2025-11-13 19:00:00-05:00,19.94324323761502,19.94324323761502,19.903554283736963,19.933320999145508,30500
2025-11-16 19:00:00-05:00,19.913476943969727,19.928359355752463,19.903554705290063,19.913476943969727,66400
2025-11-17 19:00:00-05:00,19.923397064208984,19.933319301833627,19.913474826584345,19.923397064208984,116300
2025-11-18 19:00:00-05:00,19.913474826584345,19.923397064208984,19.903552588959705,19.923397064208984,65300
2025-11-19 19:00:00-05:00,19.91347715516673,19.92339939395163,19.893632677596937,19.90355491638184,101100
2025-11-20 19:00:00-05:00,19.91549351071772,19.925441537133704,19.895597457885746,19.895597457885746,53400
2025-11-23 19:00:00-05:00,19.915491104125977,19.92543912933984,19.90554307891211,19.915491104125977,68000
2025-11-24 19:00:00-05:00,19.92543912933984,19.92543912933984,19.90554307891211,19.915491104125977,64800
2025-11-25 19:00:00-05:00,19.925439933222336,19.94533408706089,19.915491907607123,19.94036102294922,194600
2025-11-27 19:00:00-05:00,19.93538795883755,19.94533408706089,19.929418763990046,19.94036102294922,23700
2025-11-30 19:00:00-05:00,19.91549170034337,19.925439725855053,19.905543674831687,19.9105167388916,52500
2025-12-01 19:00:00-05:00,19.91549230682049,19.91549230682049,19.897586619310925,19.90554428100586,71500
2025-12-02 19:00:00-05:00,19.905543874932853,19.925439926156223,19.905543874932853,19.921459197998047,75700
2025-12-03 19:00:00-05:00,19.91549060778297,19.935386657714844,19.90952141332506,19.935386657714844,68800
2025-12-04 19:00:00-05:00,19.96523003946675,19.96523003946675,19.915491809028754,19.925439834594727,45200
2025-12-07 19:00:00-05:00,19.9453339883348,19.9453339883348,19.925439834594727,19.925439834594727,99700
2025-12-08 19:00:00-05:00,19.945332785289025,19.945332785289025,19.930411696536,19.935386657714844,113600
2025-12-09 19:00:00-05:00,19.94533559182328,19.952299020540096,19.92544143648383,19.9373779296875,81200
2025-12-10 19:00:00-05:00,19.945335388183597,19.955283414447763,19.935389259311428,19.945335388183597,147900
2025-12-11 19:00:00-05:00,19.94733066116933,19.957304554779,19.937356767559663,19.942344665527344,104100
2025-12-14 19:00:00-05:00,19.95730436837002,19.95730436837002,19.937356581337006,19.94733047485352,57300
2025-12-15 19:00:00-05:00,19.94733028863082,19.957304182054216,19.937356395207427,19.952316284179688,34400
2025-12-16 19:00:00-05:00,19.94733010752165,19.977251787520167,19.941345391056824,19.95730400085449,83400
2025-12-17 19:00:00-05:00,19.96727752685547,19.97725142000482,19.95730363370612,19.96727752685547,188100
2025-12-18 19:00:00-05:00,19.967277340816224,19.977251233872646,19.9573034477598,19.97226333618164,69400
2025-12-21 19:00:00-05:00,19.987224945822494,20.02711861536111,19.95730326692435,19.977251052856445,101300
2025-12-22 19:00:00-05:00,19.96727679707823,19.97725068986305,19.95730290429341,19.966278076171875,70900
2025-12-23 19:00:00-05:00,19.967277340816224,19.977251233872646,19.9573034477598,19.97226333618164,42500
2025-12-25 19:00:00-05:00,19.987224578857425,19.987224578857425,19.967276793291568,19.987224578857425,71400
2025-12-28 19:00:00-05:00,19.987224945822494,19.99021540161929,19.9672771598904,19.977251052856445,34000
2025-12-29 19:00:00-05:00,19.95730290050864,19.987224578857425,19.95730290050864,19.987224578857425,115300
2025-12-30 19:00:00-05:00,19.98722439300126,19.997196383365925,19.96827342619226,19.992210388183597,84400
2026-01-01 19:00:00-05:00,19.98722611363528,20.0071719984072,19.97725222008648,19.9971981048584,177400
2026-01-04 19:00:00-05:00,19.99719646946216,20.017144254928407,19.99719646946216,20.00018882751465,114800
2026-01-05 19:00:00-05:00,20.0071719984072,20.027119785504805,19.98722611363528,19.9971981048584,372300
2026-01-06 19:00:00-05:00,20.027119855045044,20.047067642211918,20.01714596146161,20.047067642211918,168700
2026-01-07 19:00:00-05:00,20.04706727481225,20.05704116821289,20.017145594610312,20.05704116821289,294900
2026-01-08 19:00:00-05:00,20.057041349446305,20.06701524293707,20.04706745595554,20.05205345153809,257600
2026-01-11 19:00:00-05:00,20.047066468860656,20.05704036186032,20.027118682861328,20.027118682861328,89800
2026-01-12 19:00:00-05:00,20.06701506161353,20.06701506161353,20.04706727481225,20.05704116821289,221700
2026-01-13 19:00:00-05:00,20.07698631286621,20.08197421054556,20.057040429125568,20.07698631286621,113600
2026-01-14 19:00:00-05:00,20.08696057832432,20.08696057832432,20.0470669077778,20.067014694213867,243100
2026-01-15 19:00:00-05:00,20.086960205899324,20.0959372803268,20.07698631286621,20.07698631286621,102400
2026-01-19 19:00:00-05:00,20.076986498940016,20.076986498940016,20.057040615014515,20.07200050354004,95600
2026-01-20 19:00:00-05:00,20.07999992370605,20.07999992370605,20.059999465942383,20.075000762939453,369900
2026-01-21 19:00:00-05:00,20.07999992370605,20.100000381469727,20.06999969482422,20.09000015258789,496200
2026-01-22 19:00:00-05:00,20.09000015258789,20.09000015258789,20.07999992370605,20.084999084472656,173400
2026-01-23 00:00:00,20.09000015258789,20.09000015258789,20.079999923706055,20.084999084472656,173400
