Price,Open,High,Low,Close,Volume
Ticker,CML.AX,CML.AX,CML.AX,CML.AX,CML.AX
Date,,,,,
2020-12-24 00:00:00+00:00,0.9401779770851135,0.9401779770851135,0.9401779770851135,0.9401779770851135,0
2020-12-29 00:00:00+00:00,0.9401779770851135,0.9763380289077759,0.9401779770851135,0.9763380289077759,924
2020-12-30 00:00:00+00:00,0.9401779770851135,0.9401779770851135,0.9401779770851135,0.9401779770851135,4884
2020-12-31 00:00:00+00:00,0.9401779770851135,0.9401779770851135,0.9401779770851135,0.9401779770851135,0
2021-01-04 00:00:00+00:00,0.8678560256958008,0.8678560256958008,0.8678560256958008,0.8678560256958008,4007
2021-01-05 00:00:00+00:00,0.9401779770851135,1.0124989748001099,0.9401779770851135,1.0124989748001099,1559
2021-01-06 00:00:00+00:00,1.0124989748001099,1.0124989748001099,1.0124989748001099,1.0124989748001099,967
2021-01-07 00:00:00+00:00,1.0124989748001099,1.0124989748001099,1.0124989748001099,1.0124989748001099,0
2021-01-08 00:00:00+00:00,1.0124989748001099,1.0124989748001099,1.0124989748001099,1.0124989748001099,0
2021-01-11 00:00:00+00:00,1.0124989748001099,1.0124989748001099,1.0124989748001099,1.0124989748001099,0
2021-01-12 00:00:00+00:00,0.9401779770851135,0.9401779770851135,0.9401779770851135,0.9401779770851135,557
2021-01-13 00:00:00+00:00,1.0124989748001099,1.0124989748001099,1.0124989748001099,1.0124989748001099,5051
2021-01-14 00:00:00+00:00,0.9401779770851135,1.084820032119751,0.9401779770851135,1.084820032119751,3352
2021-01-15 00:00:00+00:00,1.084820032119751,1.1571420431137085,1.084820032119751,1.1571420431137085,19489
2021-01-18 00:00:00+00:00,1.1571420431137085,1.22946298122406,1.084820032119751,1.22946298122406,7139
2021-01-19 00:00:00+00:00,1.084820032119751,1.1571420431137085,0.8678560256958008,0.9401779770851135,119968
2021-01-20 00:00:00+00:00,1.0124989748001099,1.1571420431137085,1.0124989748001099,1.1571420431137085,58080
2021-01-21 00:00:00+00:00,1.4142849445343018,1.6071419715881348,1.1571420431137085,1.4142849445343018,57981
2021-01-22 00:00:00+00:00,1.542855978012085,1.6714279651641846,1.4142849445343018,1.4142849445343018,22379
2021-01-25 00:00:00+00:00,1.4142849445343018,1.4142849445343018,1.4142849445343018,1.4142849445343018,16346
2021-01-27 00:00:00+00:00,1.4142849445343018,1.4142849445343018,1.2857129573822021,1.2857129573822021,48059
2021-01-28 00:00:00+00:00,1.4142849445343018,1.4142849445343018,1.2857129573822021,1.2857129573822021,11562
2021-01-29 00:00:00+00:00,1.2214280366897583,1.2857129573822021,1.2214280366897583,1.2857129573822021,2255
2021-02-01 00:00:00+00:00,1.1571420431137085,1.1571420431137085,1.1571420431137085,1.1571420431137085,13049
2021-02-02 00:00:00+00:00,1.1571420431137085,1.1571420431137085,1.1571420431137085,1.1571420431137085,3109
2021-02-03 00:00:00+00:00,1.1571420431137085,1.2857129573822021,1.1571420431137085,1.2857129573822021,2454
2021-02-04 00:00:00+00:00,1.2857129573822021,1.2857129573822021,1.0285710096359253,1.0285710096359253,24824
2021-02-05 00:00:00+00:00,1.0285710096359253,1.0285710096359253,1.0285710096359253,1.0285710096359253,6376
2021-02-08 00:00:00+00:00,1.1571420431137085,1.1571420431137085,1.1571420431137085,1.1571420431137085,8085
2021-02-09 00:00:00+00:00,1.1571420431137085,1.1571420431137085,1.1571420431137085,1.1571420431137085,1088
2021-02-10 00:00:00+00:00,1.0285710096359253,1.1571420431137085,1.0285710096359253,1.1571420431137085,475
2021-02-11 00:00:00+00:00,1.1571420431137085,1.1571420431137085,1.1571420431137085,1.1571420431137085,0
2021-02-12 00:00:00+00:00,1.1571420431137085,1.1571420431137085,1.1571420431137085,1.1571420431137085,493
2021-02-15 00:00:00+00:00,1.1571420431137085,1.2857129573822021,1.1571420431137085,1.2857129573822021,7000
2021-02-16 00:00:00+00:00,1.1571420431137085,1.1571420431137085,1.1571420431137085,1.1571420431137085,3162
2021-02-17 00:00:00+00:00,1.1571420431137085,1.1571420431137085,1.1571420431137085,1.1571420431137085,8016
2021-02-18 00:00:00+00:00,1.1571420431137085,1.928570032119751,1.0285710096359253,1.2857129573822021,208693
2021-02-19 00:00:00+00:00,1.4142849445343018,1.4142849445343018,1.0285710096359253,1.0285710096359253,89396
2021-02-22 00:00:00+00:00,1.1571420431137085,1.1571420431137085,1.0285710096359253,1.0285710096359253,9383
2021-02-23 00:00:00+00:00,1.0285710096359253,1.1571420431137085,1.0285710096359253,1.1571420431137085,17763
2021-02-24 00:00:00+00:00,1.1571420431137085,1.4142849445343018,1.1571420431137085,1.2857129573822021,41850
2021-02-25 00:00:00+00:00,1.2857129573822021,1.2857129573822021,1.1571420431137085,1.2857129573822021,10500
2021-02-26 00:00:00+00:00,1.1571420431137085,1.1571420431137085,1.0285710096359253,1.0285710096359253,50303
2021-03-01 00:00:00+00:00,1.1571420431137085,1.1571420431137085,1.0285710096359253,1.0285710096359253,34039
2021-03-02 00:00:00+00:00,1.0285710096359253,1.1571420431137085,1.0285710096359253,1.1571420431137085,1847
2021-03-03 00:00:00+00:00,1.1571420431137085,1.1571420431137085,1.1571420431137085,1.1571420431137085,0
2021-03-04 00:00:00+00:00,1.0285710096359253,1.0285710096359253,1.0285710096359253,1.0285710096359253,108
2021-03-05 00:00:00+00:00,1.0285710096359253,1.0285710096359253,1.0285710096359253,1.0285710096359253,90
2021-03-08 00:00:00+00:00,1.1571420431137085,1.1571420431137085,1.1571420431137085,1.1571420431137085,1296
2021-03-09 00:00:00+00:00,1.1571420431137085,1.1571420431137085,1.0285710096359253,1.0285710096359253,52447
2021-03-10 00:00:00+00:00,1.0285710096359253,1.0285710096359253,1.0285710096359253,1.0285710096359253,0
2021-03-11 00:00:00+00:00,1.0285710096359253,1.0285710096359253,1.0285710096359253,1.0285710096359253,27537
2021-03-12 00:00:00+00:00,1.0285710096359253,1.0285710096359253,1.0285710096359253,1.0285710096359253,0
2021-03-15 00:00:00+00:00,1.1571420431137085,1.1571420431137085,1.0285710096359253,1.0285710096359253,1797
2021-03-16 00:00:00+00:00,1.1571420431137085,1.1571420431137085,1.0285710096359253,1.0285710096359253,5568
2021-03-17 00:00:00+00:00,1.0285710096359253,1.0285710096359253,1.0285710096359253,1.0285710096359253,35232
2021-03-18 00:00:00+00:00,1.0285710096359253,1.0285710096359253,1.0285710096359253,1.0285710096359253,0
2021-03-19 00:00:00+00:00,1.1571420431137085,1.2857129573822021,1.1571420431137085,1.1571420431137085,57273
2021-03-22 00:00:00+00:00,1.2857129573822021,1.4142849445343018,1.1571420431137085,1.1571420431137085,83657
2021-03-23 00:00:00+00:00,1.1571420431137085,1.1571420431137085,1.1571420431137085,1.1571420431137085,19168
2021-03-24 00:00:00+00:00,1.0285710096359253,1.0285710096359253,1.0285710096359253,1.0285710096359253,1782
2021-03-25 00:00:00+00:00,1.0285710096359253,1.0285710096359253,1.0285710096359253,1.0285710096359253,0
2021-03-26 00:00:00+00:00,1.1571420431137085,1.1571420431137085,1.1571420431137085,1.1571420431137085,3009
2021-03-29 00:00:00+00:00,1.1571420431137085,1.1571420431137085,1.1571420431137085,1.1571420431137085,0
2021-03-30 00:00:00+00:00,1.1571420431137085,1.1571420431137085,1.1571420431137085,1.1571420431137085,466
2021-03-31 00:00:00+00:00,1.1571420431137085,1.1571420431137085,1.1571420431137085,1.1571420431137085,0
2021-04-01 00:00:00+00:00,1.1571420431137085,1.1571420431137085,1.1571420431137085,1.1571420431137085,0
2021-04-06 00:00:00+00:00,1.1571420431137085,1.1571420431137085,1.1571420431137085,1.1571420431137085,0
2021-04-07 00:00:00+00:00,1.0285710096359253,1.0285710096359253,1.0285710096359253,1.0285710096359253,19444
2021-04-08 00:00:00+00:00,1.0285710096359253,1.1571420431137085,1.0285710096359253,1.1571420431137085,28698
2021-04-09 00:00:00+00:00,1.1571420431137085,1.1571420431137085,1.1571420431137085,1.1571420431137085,233
2021-04-12 00:00:00+00:00,1.1571420431137085,1.1571420431137085,1.1571420431137085,1.1571420431137085,0
2021-04-13 00:00:00+00:00,1.0285710096359253,1.0285710096359253,1.0285710096359253,1.0285710096359253,194
2021-04-14 00:00:00+00:00,1.0285710096359253,1.0285710096359253,1.0285710096359253,1.0285710096359253,507
2021-04-15 00:00:00+00:00,1.0285710096359253,1.0285710096359253,1.0285710096359253,1.0285710096359253,3040
2021-04-16 00:00:00+00:00,1.0285710096359253,1.0285710096359253,1.0285710096359253,1.0285710096359253,44
2021-04-19 00:00:00+00:00,1.0285710096359253,1.0285710096359253,1.0285710096359253,1.0285710096359253,777
2021-04-20 00:00:00+00:00,1.0285710096359253,1.0285710096359253,1.0285710096359253,1.0285710096359253,0
2021-04-21 00:00:00+00:00,1.0285710096359253,1.0285710096359253,1.0285710096359253,1.0285710096359253,0
2021-04-22 00:00:00+00:00,1.0285710096359253,1.0285710096359253,1.0285710096359253,1.0285710096359253,0
2021-04-23 00:00:00+00:00,1.0285710096359253,1.0285710096359253,1.0285710096359253,1.0285710096359253,0
2021-04-26 00:00:00+00:00,1.0285710096359253,1.0285710096359253,1.0285710096359253,1.0285710096359253,5444
2021-04-27 00:00:00+00:00,1.1571420431137085,1.1571420431137085,1.0285710096359253,1.0285710096359253,1472
2021-04-28 00:00:00+00:00,1.0285710096359253,1.1571420431137085,1.0285710096359253,1.1571420431137085,10685
2021-04-29 00:00:00+00:00,1.1571420431137085,1.1571420431137085,1.1571420431137085,1.1571420431137085,0
2021-04-30 00:00:00+00:00,1.0285710096359253,1.0285710096359253,0.8999990224838257,0.8999990224838257,40080
2021-05-03 00:00:00+00:00,1.0285710096359253,1.0285710096359253,1.0285710096359253,1.0285710096359253,20913
2021-05-04 00:00:00+00:00,1.0285710096359253,1.0285710096359253,1.0285710096359253,1.0285710096359253,1944
2021-05-05 00:00:00+00:00,1.0285710096359253,1.0285710096359253,1.0285710096359253,1.0285710096359253,0
2021-05-06 00:00:00+00:00,0.8999990224838257,0.8999990224838257,0.8999990224838257,0.8999990224838257,6258
2021-05-07 00:00:00+00:00,0.8999990224838257,0.8999990224838257,0.8999990224838257,0.8999990224838257,4666
2021-05-10 00:00:00+00:00,0.8999990224838257,0.8999990224838257,0.8999990224838257,0.8999990224838257,0
2021-05-11 00:00:00+00:00,0.8999990224838257,0.8999990224838257,0.8999990224838257,0.8999990224838257,680
2021-05-12 00:00:00+00:00,0.8999990224838257,0.8999990224838257,0.8999990224838257,0.8999990224838257,0
2021-05-13 00:00:00+00:00,0.8999990224838257,0.8999990224838257,0.8999990224838257,0.8999990224838257,0
2021-05-14 00:00:00+00:00,0.8999990224838257,0.8999990224838257,0.8999990224838257,0.8999990224838257,0
2021-05-17 00:00:00+00:00,0.8999990224838257,0.8999990224838257,0.8999990224838257,0.8999990224838257,1555
2021-05-18 00:00:00+00:00,0.8999990224838257,0.8999990224838257,0.8999990224838257,0.8999990224838257,6
2021-05-19 00:00:00+00:00,0.8999990224838257,0.8999990224838257,0.8999990224838257,0.8999990224838257,0
2021-05-20 00:00:00+00:00,0.8999990224838257,0.8999990224838257,0.8999990224838257,0.8999990224838257,475
2021-05-21 00:00:00+00:00,0.8999990224838257,0.8999990224838257,0.8999990224838257,0.8999990224838257,0
2021-05-24 00:00:00+00:00,0.8999990224838257,0.8999990224838257,0.8999990224838257,0.8999990224838257,7713
2021-05-25 00:00:00+00:00,0.8999990224838257,0.8999990224838257,0.8999990224838257,0.8999990224838257,0
2021-05-26 00:00:00+00:00,1.0285710096359253,1.0285710096359253,0.8999990224838257,0.8999990224838257,361
2021-05-27 00:00:00+00:00,1.0285710096359253,1.0285710096359253,0.8999990224838257,0.8999990224838257,6707
2021-05-28 00:00:00+00:00,0.7714279890060425,0.7714279890060425,0.7071419954299927,0.7714279890060425,97299
2021-05-31 00:00:00+00:00,0.7714279890060425,1.0285710096359253,0.7714279890060425,0.8999990224838257,78738
2021-06-01 00:00:00+00:00,1.2000000476837158,1.399999976158142,1.2000000476837158,1.399999976158142,5080
2021-06-02 00:00:00+00:00,1.2000000476837158,1.399999976158142,1.2000000476837158,1.399999976158142,4687
2021-06-03 00:00:00+00:00,1.399999976158142,1.399999976158142,1.2000000476837158,1.399999976158142,15185
2021-06-04 00:00:00+00:00,1.399999976158142,1.399999976158142,1.2000000476837158,1.399999976158142,7015
2021-06-07 00:00:00+00:00,1.399999976158142,1.399999976158142,1.2000000476837158,1.2000000476837158,7725
2021-06-08 00:00:00+00:00,1.2000000476837158,1.399999976158142,1.2000000476837158,1.2000000476837158,7399
2021-06-09 00:00:00+00:00,1.2000000476837158,1.2000000476837158,1.2000000476837158,1.2000000476837158,8
2021-06-10 00:00:00+00:00,1.2000000476837158,1.2000000476837158,1.2000000476837158,1.2000000476837158,0
2021-06-11 00:00:00+00:00,1.2000000476837158,1.2000000476837158,1.2000000476837158,1.2000000476837158,5064
2021-06-15 00:00:00+00:00,1.2000000476837158,1.2000000476837158,1.2000000476837158,1.2000000476837158,2941
2021-06-16 00:00:00+00:00,1.2000000476837158,1.2000000476837158,1.2000000476837158,1.2000000476837158,0
2021-06-17 00:00:00+00:00,1.2000000476837158,1.2000000476837158,1.2000000476837158,1.2000000476837158,0
2021-06-18 00:00:00+00:00,1.2000000476837158,1.2000000476837158,1.2000000476837158,1.2000000476837158,0
2021-06-21 00:00:00+00:00,1.0,1.2000000476837158,1.0,1.2000000476837158,31869
2021-06-22 00:00:00+00:00,1.2000000476837158,1.2000000476837158,1.2000000476837158,1.2000000476837158,0
2021-06-23 00:00:00+00:00,1.0,1.0,1.0,1.0,22616
2021-06-24 00:00:00+00:00,1.0,1.0,1.0,1.0,7719
2021-06-25 00:00:00+00:00,1.0,1.0,1.0,1.0,3119
2021-06-28 00:00:00+00:00,1.0,1.2000000476837158,0.800000011920929,1.0,36750
2021-06-29 00:00:00+00:00,1.0,1.0,0.800000011920929,0.800000011920929,2328
2021-06-30 00:00:00+00:00,0.800000011920929,1.0,0.800000011920929,1.0,27013
2021-07-01 00:00:00+00:00,1.0,1.0,1.0,1.0,1343
2021-07-02 00:00:00+00:00,0.800000011920929,1.0,0.800000011920929,1.0,16515
2021-07-05 00:00:00+00:00,1.0,1.0,1.0,1.0,1201
2021-07-06 00:00:00+00:00,1.0,1.0,1.0,1.0,0
2021-07-07 00:00:00+00:00,1.0,1.0,1.0,1.0,0
2021-07-08 00:00:00+00:00,1.0,1.0,1.0,1.0,0
2021-07-09 00:00:00+00:00,1.0,1.0,1.0,1.0,0
2021-07-12 00:00:00+00:00,0.8999999761581421,0.8999999761581421,0.8999999761581421,0.8999999761581421,12278
2021-07-13 00:00:00+00:00,1.0,1.0,1.0,1.0,100
2021-07-14 00:00:00+00:00,1.0,1.0,1.0,1.0,0
2021-07-15 00:00:00+00:00,0.9800000190734863,0.9800000190734863,0.8999999761581421,0.8999999761581421,2599
2021-07-16 00:00:00+00:00,0.8799999952316284,0.8999999761581421,0.8600000143051147,0.8600000143051147,575
2021-07-19 00:00:00+00:00,0.8799999952316284,0.9399999976158142,0.8799999952316284,0.9200000166893005,8151
2021-07-20 00:00:00+00:00,0.9200000166893005,0.9599999785423279,0.9200000166893005,0.9200000166893005,13903
2021-07-21 00:00:00+00:00,0.9399999976158142,0.9399999976158142,0.8999999761581421,0.8999999761581421,10930
2021-07-22 00:00:00+00:00,0.9200000166893005,0.9200000166893005,0.8999999761581421,0.8999999761581421,5538
2021-07-23 00:00:00+00:00,0.9399999976158142,0.9800000190734863,0.8999999761581421,0.8999999761581421,11000
2021-07-26 00:00:00+00:00,0.8999999761581421,0.9200000166893005,0.8999999761581421,0.8999999761581421,5666
2021-07-27 00:00:00+00:00,0.9200000166893005,0.9599999785423279,0.9200000166893005,0.9399999976158142,647
2021-07-28 00:00:00+00:00,0.9200000166893005,0.9399999976158142,0.9200000166893005,0.9200000166893005,3820
2021-07-29 00:00:00+00:00,0.9399999976158142,0.9800000190734863,0.9399999976158142,0.9800000190734863,519
2021-07-30 00:00:00+00:00,0.9800000190734863,0.9800000190734863,0.9800000190734863,0.9800000190734863,567
2021-08-02 00:00:00+00:00,0.9800000190734863,1.059999942779541,0.9800000190734863,1.059999942779541,8185
2021-08-03 00:00:00+00:00,1.0,1.0399999618530273,1.0,1.0399999618530273,5000
2021-08-04 00:00:00+00:00,0.9800000190734863,0.9800000190734863,0.9599999785423279,0.9599999785423279,1528
2021-08-05 00:00:00+00:00,0.9599999785423279,0.9599999785423279,0.9599999785423279,0.9599999785423279,1000
2021-08-06 00:00:00+00:00,0.9599999785423279,0.9599999785423279,0.9599999785423279,0.9599999785423279,8000
2021-08-09 00:00:00+00:00,0.9599999785423279,0.9599999785423279,0.9599999785423279,0.9599999785423279,0
2021-08-10 00:00:00+00:00,0.9599999785423279,0.9599999785423279,0.9599999785423279,0.9599999785423279,0
2021-08-11 00:00:00+00:00,0.9399999976158142,1.059999942779541,0.9200000166893005,1.059999942779541,8643
2021-08-12 00:00:00+00:00,0.9800000190734863,1.0399999618530273,0.9800000190734863,1.0399999618530273,11515
2021-08-13 00:00:00+00:00,1.0399999618530273,1.0399999618530273,0.9800000190734863,0.9800000190734863,1787
2021-08-16 00:00:00+00:00,0.9800000190734863,1.0,0.9800000190734863,1.0,4570
2021-08-17 00:00:00+00:00,1.0,1.0199999809265137,1.0,1.0,28732
2021-08-18 00:00:00+00:00,1.0,1.0,0.9800000190734863,0.9800000190734863,2242
2021-08-19 00:00:00+00:00,0.9800000190734863,0.9800000190734863,0.9399999976158142,0.9399999976158142,17401
2021-08-20 00:00:00+00:00,0.9399999976158142,0.9399999976158142,0.9399999976158142,0.9399999976158142,914
2021-08-23 00:00:00+00:00,1.0,1.0199999809265137,1.0,1.0,20039
2021-08-24 00:00:00+00:00,1.0,1.0,0.9399999976158142,0.9399999976158142,27208
2021-08-25 00:00:00+00:00,0.9399999976158142,0.9399999976158142,0.9399999976158142,0.9399999976158142,0
2021-08-26 00:00:00+00:00,0.9800000190734863,1.0199999809265137,0.9599999785423279,0.9599999785423279,21778
2021-08-27 00:00:00+00:00,0.9599999785423279,0.9599999785423279,0.9399999976158142,0.9399999976158142,1895
2021-08-30 00:00:00+00:00,0.9599999785423279,0.9800000190734863,0.9599999785423279,0.9800000190734863,1515
2021-08-31 00:00:00+00:00,1.0,1.0,0.9599999785423279,0.9599999785423279,1290
2021-09-01 00:00:00+00:00,0.9800000190734863,0.9800000190734863,0.9399999976158142,0.9399999976158142,3184
2021-09-02 00:00:00+00:00,0.9800000190734863,1.0399999618530273,0.9800000190734863,1.0399999618530273,22604
2021-09-03 00:00:00+00:00,1.0399999618530273,1.0399999618530273,1.0399999618530273,1.0399999618530273,19
2021-09-06 00:00:00+00:00,0.9599999785423279,0.9599999785423279,0.9599999785423279,0.9599999785423279,416
2021-09-07 00:00:00+00:00,0.9399999976158142,0.9800000190734863,0.9399999976158142,0.9399999976158142,19410
2021-09-08 00:00:00+00:00,0.9399999976158142,0.9399999976158142,0.9399999976158142,0.9399999976158142,0
2021-09-09 00:00:00+00:00,0.9399999976158142,0.9399999976158142,0.9399999976158142,0.9399999976158142,23182
2021-09-10 00:00:00+00:00,0.9599999785423279,1.0,0.9399999976158142,0.9399999976158142,14988
2021-09-13 00:00:00+00:00,1.0399999618530273,1.0399999618530273,1.0199999809265137,1.0199999809265137,754
2021-09-14 00:00:00+00:00,0.9599999785423279,0.9599999785423279,0.9599999785423279,0.9599999785423279,1704
2021-09-15 00:00:00+00:00,1.0199999809265137,1.059999942779541,1.0199999809265137,1.0399999618530273,28510
2021-09-16 00:00:00+00:00,1.0,1.0,1.0,1.0,6350
2021-09-17 00:00:00+00:00,1.0,1.1200000047683716,1.0,1.100000023841858,75308
2021-09-20 00:00:00+00:00,1.100000023841858,1.100000023841858,1.100000023841858,1.100000023841858,1457
2021-09-21 00:00:00+00:00,1.100000023841858,1.100000023841858,1.059999942779541,1.059999942779541,37522
2021-09-22 00:00:00+00:00,1.0800000429153442,1.0800000429153442,1.0199999809265137,1.0199999809265137,950
2021-09-23 00:00:00+00:00,1.0199999809265137,1.0199999809265137,1.0199999809265137,1.0199999809265137,6059
2021-09-24 00:00:00+00:00,1.0199999809265137,1.0800000429153442,1.0199999809265137,1.0800000429153442,3521
2021-09-27 00:00:00+00:00,1.0800000429153442,1.0800000429153442,1.0399999618530273,1.0399999618530273,3471
2021-09-28 00:00:00+00:00,1.059999942779541,1.059999942779541,1.059999942779541,1.059999942779541,18
2021-09-29 00:00:00+00:00,1.0800000429153442,1.0800000429153442,1.0199999809265137,1.0199999809265137,4231
2021-09-30 00:00:00+00:00,1.0399999618530273,1.100000023841858,1.0199999809265137,1.0199999809265137,27600
2021-10-01 00:00:00+00:00,1.0199999809265137,1.0199999809265137,1.0199999809265137,1.0199999809265137,1031
2021-10-04 00:00:00+00:00,1.0399999618530273,1.0399999618530273,1.0199999809265137,1.0199999809265137,95
2021-10-05 00:00:00+00:00,1.0199999809265137,1.0199999809265137,1.0,1.0,25995
2021-10-06 00:00:00+00:00,1.0,1.0800000429153442,1.0,1.0800000429153442,31154
2021-10-07 00:00:00+00:00,1.0800000429153442,1.0800000429153442,1.0,1.0,3051
2021-10-08 00:00:00+00:00,1.0199999809265137,1.0199999809265137,1.0199999809265137,1.0199999809265137,62500
2021-10-11 00:00:00+00:00,1.0399999618530273,1.100000023841858,1.0399999618530273,1.0800000429153442,1965
2021-10-12 00:00:00+00:00,1.0800000429153442,1.0800000429153442,1.059999942779541,1.059999942779541,33196
2021-10-13 00:00:00+00:00,1.059999942779541,1.0800000429153442,1.059999942779541,1.0800000429153442,6210
2021-10-14 00:00:00+00:00,1.100000023841858,1.1399999856948853,1.0800000429153442,1.1399999856948853,24120
2021-10-15 00:00:00+00:00,1.1399999856948853,1.1399999856948853,1.1399999856948853,1.1399999856948853,1
2021-10-18 00:00:00+00:00,1.0800000429153442,1.100000023841858,1.0800000429153442,1.0800000429153442,10279
2021-10-19 00:00:00+00:00,1.100000023841858,1.100000023841858,1.100000023841858,1.100000023841858,27
2021-10-20 00:00:00+00:00,1.100000023841858,1.100000023841858,1.0800000429153442,1.0800000429153442,1467
2021-10-21 00:00:00+00:00,1.059999942779541,1.100000023841858,1.059999942779541,1.059999942779541,5415
2021-10-22 00:00:00+00:00,1.059999942779541,1.059999942779541,1.059999942779541,1.059999942779541,435
2021-10-25 00:00:00+00:00,1.059999942779541,1.059999942779541,1.059999942779541,1.059999942779541,0
2021-10-26 00:00:00+00:00,1.0800000429153442,1.0800000429153442,1.0800000429153442,1.0800000429153442,952
2021-10-27 00:00:00+00:00,1.100000023841858,1.1200000047683716,1.100000023841858,1.1200000047683716,190
2021-10-28 00:00:00+00:00,1.1200000047683716,1.1200000047683716,1.1200000047683716,1.1200000047683716,0
2021-10-29 00:00:00+00:00,1.1200000047683716,1.1200000047683716,1.1200000047683716,1.1200000047683716,44
2021-11-01 00:00:00+00:00,1.1200000047683716,1.1200000047683716,1.0800000429153442,1.100000023841858,1026
2021-11-02 00:00:00+00:00,1.100000023841858,1.100000023841858,1.100000023841858,1.100000023841858,909
2021-11-03 00:00:00+00:00,1.100000023841858,1.100000023841858,1.100000023841858,1.100000023841858,0
2021-11-04 00:00:00+00:00,1.0800000429153442,1.0800000429153442,1.0800000429153442,1.0800000429153442,4738
2021-11-05 00:00:00+00:00,1.0800000429153442,1.0800000429153442,1.0800000429153442,1.0800000429153442,0
2021-11-08 00:00:00+00:00,1.059999942779541,1.059999942779541,1.0399999618530273,1.059999942779541,17531
2021-11-09 00:00:00+00:00,1.059999942779541,1.059999942779541,1.059999942779541,1.059999942779541,0
2021-11-10 00:00:00+00:00,1.059999942779541,1.059999942779541,1.0,1.0,20072
2021-11-11 00:00:00+00:00,1.059999942779541,1.0800000429153442,1.059999942779541,1.059999942779541,25304
2021-11-12 00:00:00+00:00,1.0399999618530273,1.0399999618530273,1.0399999618530273,1.0399999618530273,1287
2021-11-15 00:00:00+00:00,1.059999942779541,1.059999942779541,1.0199999809265137,1.0199999809265137,491
2021-11-16 00:00:00+00:00,1.0199999809265137,1.0399999618530273,1.0199999809265137,1.0399999618530273,510
2021-11-17 00:00:00+00:00,1.0399999618530273,1.0399999618530273,1.0,1.0,34454
2021-11-18 00:00:00+00:00,1.0,1.0,1.0,1.0,19
2021-11-19 00:00:00+00:00,0.9399999976158142,0.9399999976158142,0.9399999976158142,0.9399999976158142,652
2021-11-22 00:00:00+00:00,0.9800000190734863,0.9800000190734863,0.9399999976158142,0.9399999976158142,26459
2021-11-23 00:00:00+00:00,0.9399999976158142,0.9399999976158142,0.9399999976158142,0.9399999976158142,0
2021-11-24 00:00:00+00:00,0.9200000166893005,0.9200000166893005,0.8999999761581421,0.8999999761581421,1203
2021-11-25 00:00:00+00:00,0.8999999761581421,0.8999999761581421,0.8799999952316284,0.8799999952316284,6293
2021-11-26 00:00:00+00:00,0.8799999952316284,0.8799999952316284,0.8799999952316284,0.8799999952316284,51878
2021-11-29 00:00:00+00:00,0.8799999952316284,0.8799999952316284,0.8799999952316284,0.8799999952316284,11000
2021-11-30 00:00:00+00:00,0.8799999952316284,0.8799999952316284,0.8799999952316284,0.8799999952316284,174
2021-12-01 00:00:00+00:00,0.8799999952316284,0.8799999952316284,0.8799999952316284,0.8799999952316284,974
2021-12-02 00:00:00+00:00,0.8999999761581421,0.8999999761581421,0.8799999952316284,0.8799999952316284,28064
2021-12-03 00:00:00+00:00,0.8999999761581421,0.8999999761581421,0.8999999761581421,0.8999999761581421,6000
2021-12-06 00:00:00+00:00,0.8999999761581421,0.8999999761581421,0.8999999761581421,0.8999999761581421,6250
2021-12-07 00:00:00+00:00,0.8999999761581421,0.8999999761581421,0.8799999952316284,0.8799999952316284,5000
2021-12-08 00:00:00+00:00,0.8799999952316284,0.8799999952316284,0.8799999952316284,0.8799999952316284,7593
2021-12-09 00:00:00+00:00,0.8799999952316284,0.8799999952316284,0.8799999952316284,0.8799999952316284,0
2021-12-10 00:00:00+00:00,0.8799999952316284,0.8799999952316284,0.8799999952316284,0.8799999952316284,0
2021-12-13 00:00:00+00:00,0.8799999952316284,0.8799999952316284,0.8799999952316284,0.8799999952316284,0
2021-12-14 00:00:00+00:00,0.8999999761581421,0.8999999761581421,0.8799999952316284,0.8799999952316284,2
2021-12-15 00:00:00+00:00,0.8799999952316284,0.8799999952316284,0.8799999952316284,0.8799999952316284,0
2021-12-16 00:00:00+00:00,0.8799999952316284,0.8799999952316284,0.8799999952316284,0.8799999952316284,0
2021-12-17 00:00:00+00:00,0.8799999952316284,0.8799999952316284,0.8799999952316284,0.8799999952316284,3750
2021-12-20 00:00:00+00:00,0.8799999952316284,0.8799999952316284,0.8799999952316284,0.8799999952316284,0
2021-12-21 00:00:00+00:00,0.8999999761581421,0.8999999761581421,0.8799999952316284,0.8999999761581421,8097
2021-12-22 00:00:00+00:00,0.8999999761581421,0.8999999761581421,0.8999999761581421,0.8999999761581421,0
2021-12-23 00:00:00+00:00,0.8999999761581421,0.8999999761581421,0.8999999761581421,0.8999999761581421,0
2021-12-24 00:00:00+00:00,0.9200000166893005,0.9200000166893005,0.9200000166893005,0.9200000166893005,700
2021-12-29 00:00:00+00:00,0.9399999976158142,0.9399999976158142,0.9399999976158142,0.9399999976158142,1
2021-12-30 00:00:00+00:00,0.9200000166893005,0.9200000166893005,0.9200000166893005,0.9200000166893005,175
2021-12-31 00:00:00+00:00,0.9599999785423279,0.9599999785423279,0.9599999785423279,0.9599999785423279,9
2022-01-04 00:00:00+00:00,0.9599999785423279,0.9800000190734863,0.9599999785423279,0.9800000190734863,861
2022-01-05 00:00:00+00:00,1.0,1.0,0.9800000190734863,0.9800000190734863,2805
2022-01-06 00:00:00+00:00,1.0,1.0,0.9800000190734863,0.9800000190734863,333
2022-01-07 00:00:00+00:00,0.9599999785423279,0.9599999785423279,0.9599999785423279,0.9599999785423279,0
2022-01-10 00:00:00+00:00,0.9800000190734863,0.9800000190734863,0.9800000190734863,0.9800000190734863,101
2022-01-11 00:00:00+00:00,0.9800000190734863,0.9800000190734863,0.9700000286102295,0.9700000286102295,6000
2022-01-12 00:00:00+00:00,0.9599999785423279,0.9599999785423279,0.8799999952316284,0.8799999952316284,3366
2022-01-13 00:00:00+00:00,0.8999999761581421,0.8999999761581421,0.8999999761581421,0.8999999761581421,552
2022-01-14 00:00:00+00:00,0.8999999761581421,0.8999999761581421,0.8999999761581421,0.8999999761581421,0
2022-01-17 00:00:00+00:00,0.8999999761581421,0.8999999761581421,0.8999999761581421,0.8999999761581421,0
2022-01-18 00:00:00+00:00,0.8999999761581421,0.8999999761581421,0.8999999761581421,0.8999999761581421,0
2022-01-19 00:00:00+00:00,0.8199999928474426,0.8799999952316284,0.8199999928474426,0.8799999952316284,77590
2022-01-20 00:00:00+00:00,0.8999999761581421,0.8999999761581421,0.8999999761581421,0.8999999761581421,902
2022-01-21 00:00:00+00:00,0.8999999761581421,1.0,0.8999999761581421,0.9599999785423279,89607
2022-01-24 00:00:00+00:00,0.9599999785423279,0.9599999785423279,0.9599999785423279,0.9599999785423279,20486
2022-01-25 00:00:00+00:00,0.9599999785423279,0.9599999785423279,0.9599999785423279,0.9599999785423279,29596
2022-01-27 00:00:00+00:00,0.9599999785423279,0.9599999785423279,0.8999999761581421,0.8999999761581421,2500
2022-01-28 00:00:00+00:00,0.9200000166893005,0.9200000166893005,0.9200000166893005,0.9200000166893005,700
2022-01-31 00:00:00+00:00,0.9800000190734863,0.9800000190734863,0.9800000190734863,0.9800000190734863,537
2022-02-01 00:00:00+00:00,0.9800000190734863,0.9800000190734863,0.9800000190734863,0.9800000190734863,0
2022-02-02 00:00:00+00:00,0.9399999976158142,0.9399999976158142,0.8799999952316284,0.8799999952316284,39549
2022-02-03 00:00:00+00:00,0.8799999952316284,0.8799999952316284,0.8799999952316284,0.8799999952316284,0
2022-02-04 00:00:00+00:00,0.8999999761581421,0.8999999761581421,0.8999999761581421,0.8999999761581421,4493
2022-02-07 00:00:00+00:00,0.8999999761581421,0.8999999761581421,0.8999999761581421,0.8999999761581421,0
2022-02-08 00:00:00+00:00,0.9200000166893005,0.9399999976158142,0.9200000166893005,0.9399999976158142,12500
2022-02-09 00:00:00+00:00,0.9599999785423279,0.9599999785423279,0.9200000166893005,0.9200000166893005,1287
2022-02-10 00:00:00+00:00,0.9200000166893005,0.9200000166893005,0.8999999761581421,0.8999999761581421,26595
2022-02-11 00:00:00+00:00,0.9200000166893005,0.9399999976158142,0.9200000166893005,0.9200000166893005,34435
2022-02-14 00:00:00+00:00,0.9399999976158142,0.9399999976158142,0.8999999761581421,0.8999999761581421,38332
2022-02-15 00:00:00+00:00,0.8999999761581421,0.8999999761581421,0.8999999761581421,0.8999999761581421,25000
2022-02-16 00:00:00+00:00,0.8999999761581421,0.9599999785423279,0.8999999761581421,0.9599999785423279,10060
2022-02-17 00:00:00+00:00,0.9599999785423279,1.0,0.9599999785423279,1.0,3148
2022-02-18 00:00:00+00:00,1.0199999809265137,1.0399999618530273,1.0199999809265137,1.0199999809265137,22097
2022-02-21 00:00:00+00:00,1.0199999809265137,1.0399999618530273,1.0,1.0,4481
2022-02-22 00:00:00+00:00,1.0,1.0,1.0,1.0,4229
2022-02-23 00:00:00+00:00,1.0,1.0,0.9800000190734863,0.9800000190734863,6910
2022-02-24 00:00:00+00:00,0.9800000190734863,0.9800000190734863,0.9800000190734863,0.9800000190734863,1081
2022-02-25 00:00:00+00:00,0.9800000190734863,1.0,0.9800000190734863,1.0,40250
2022-02-28 00:00:00+00:00,1.059999942779541,1.059999942779541,1.059999942779541,1.059999942779541,8309
2022-03-01 00:00:00+00:00,1.059999942779541,1.059999942779541,1.0,1.0,5601
2022-03-02 00:00:00+00:00,1.0,1.0,1.0,1.0,0
2022-03-03 00:00:00+00:00,1.0,1.0199999809265137,0.9599999785423279,1.0199999809265137,18147
2022-03-04 00:00:00+00:00,1.0199999809265137,1.0199999809265137,1.0199999809265137,1.0199999809265137,1110
2022-03-07 00:00:00+00:00,1.059999942779541,1.1200000047683716,1.059999942779541,1.1200000047683716,10614
2022-03-08 00:00:00+00:00,1.100000023841858,1.100000023841858,1.100000023841858,1.100000023841858,447
2022-03-09 00:00:00+00:00,1.100000023841858,1.100000023841858,1.100000023841858,1.100000023841858,9
2022-03-10 00:00:00+00:00,1.100000023841858,1.100000023841858,1.100000023841858,1.100000023841858,9
2022-03-11 00:00:00+00:00,1.100000023841858,1.100000023841858,1.100000023841858,1.100000023841858,0
2022-03-14 00:00:00+00:00,1.100000023841858,1.100000023841858,1.100000023841858,1.100000023841858,0
2022-03-15 00:00:00+00:00,1.0199999809265137,1.0199999809265137,0.9800000190734863,0.9800000190734863,100517
2022-03-16 00:00:00+00:00,1.0399999618530273,1.1200000047683716,1.0399999618530273,1.1200000047683716,25031
2022-03-17 00:00:00+00:00,1.1200000047683716,1.1200000047683716,1.1200000047683716,1.1200000047683716,0
2022-03-18 00:00:00+00:00,1.1200000047683716,1.1200000047683716,1.1200000047683716,1.1200000047683716,27
2022-03-21 00:00:00+00:00,1.1200000047683716,1.1200000047683716,1.1200000047683716,1.1200000047683716,0
2022-03-22 00:00:00+00:00,1.1399999856948853,1.1399999856948853,1.1200000047683716,1.1200000047683716,300
2022-03-23 00:00:00+00:00,1.1399999856948853,1.1399999856948853,1.1399999856948853,1.1399999856948853,0
2022-03-24 00:00:00+00:00,1.1100000143051147,1.1100000143051147,1.100000023841858,1.100000023841858,11255
2022-03-25 00:00:00+00:00,1.1200000047683716,1.1200000047683716,1.1200000047683716,1.1200000047683716,0
2022-03-28 00:00:00+00:00,1.1399999856948853,1.1399999856948853,1.1399999856948853,1.1399999856948853,439
2022-03-29 00:00:00+00:00,1.1399999856948853,1.1399999856948853,1.1399999856948853,1.1399999856948853,0
2022-03-30 00:00:00+00:00,1.1200000047683716,1.1399999856948853,1.1200000047683716,1.1399999856948853,4492
2022-03-31 00:00:00+00:00,1.059999942779541,1.059999942779541,1.059999942779541,1.059999942779541,455
2022-04-01 00:00:00+00:00,1.059999942779541,1.059999942779541,1.059999942779541,1.059999942779541,0
2022-04-04 00:00:00+00:00,1.0800000429153442,1.0800000429153442,1.0399999618530273,1.0399999618530273,6338
2022-04-05 00:00:00+00:00,1.0399999618530273,1.0399999618530273,1.0399999618530273,1.0399999618530273,0
2022-04-06 00:00:00+00:00,1.059999942779541,1.059999942779541,1.059999942779541,1.059999942779541,30
2022-04-07 00:00:00+00:00,1.059999942779541,1.059999942779541,1.059999942779541,1.059999942779541,943
2022-04-08 00:00:00+00:00,1.0399999618530273,1.059999942779541,1.0,1.0,45421
2022-04-11 00:00:00+00:00,1.059999942779541,1.0800000429153442,1.059999942779541,1.059999942779541,5891
2022-04-12 00:00:00+00:00,1.059999942779541,1.059999942779541,1.059999942779541,1.059999942779541,0
2022-04-13 00:00:00+00:00,1.0199999809265137,1.059999942779541,1.0,1.059999942779541,30329
2022-04-14 00:00:00+00:00,1.059999942779541,1.059999942779541,1.059999942779541,1.059999942779541,0
2022-04-19 00:00:00+00:00,1.059999942779541,1.059999942779541,1.059999942779541,1.059999942779541,0
2022-04-20 00:00:00+00:00,1.100000023841858,1.100000023841858,1.100000023841858,1.100000023841858,11
2022-04-21 00:00:00+00:00,1.059999942779541,1.059999942779541,1.0199999809265137,1.0199999809265137,1602
2022-04-22 00:00:00+00:00,1.0199999809265137,1.0199999809265137,1.0199999809265137,1.0199999809265137,500
2022-04-26 00:00:00+00:00,1.0,1.0199999809265137,0.9800000190734863,0.9800000190734863,40456
2022-04-27 00:00:00+00:00,0.9800000190734863,0.9800000190734863,0.9800000190734863,0.9800000190734863,0
2022-04-28 00:00:00+00:00,0.9800000190734863,0.9800000190734863,0.9800000190734863,0.9800000190734863,0
2022-04-29 00:00:00+00:00,1.0,1.0,0.9599999785423279,0.9599999785423279,1700
2022-05-02 00:00:00+00:00,0.9599999785423279,0.9599999785423279,0.9599999785423279,0.9599999785423279,682
2022-05-03 00:00:00+00:00,0.8600000143051147,0.8600000143051147,0.800000011920929,0.8199999928474426,15837
2022-05-04 00:00:00+00:00,0.800000011920929,0.8100000023841858,0.800000011920929,0.800000011920929,11094
2022-05-05 00:00:00+00:00,0.800000011920929,0.8799999952316284,0.800000011920929,0.8799999952316284,7768
2022-05-06 00:00:00+00:00,0.8199999928474426,0.8199999928474426,0.800000011920929,0.800000011920929,26350
2022-05-09 00:00:00+00:00,0.800000011920929,0.800000011920929,0.800000011920929,0.800000011920929,3
2022-05-10 00:00:00+00:00,0.8199999928474426,0.8199999928474426,0.800000011920929,0.800000011920929,12068
2022-05-11 00:00:00+00:00,0.800000011920929,0.800000011920929,0.800000011920929,0.800000011920929,0
2022-05-12 00:00:00+00:00,0.800000011920929,0.800000011920929,0.800000011920929,0.800000011920929,0
2022-05-13 00:00:00+00:00,0.800000011920929,0.800000011920929,0.800000011920929,0.800000011920929,0
2022-05-16 00:00:00+00:00,0.800000011920929,0.800000011920929,0.800000011920929,0.800000011920929,0
2022-05-17 00:00:00+00:00,0.800000011920929,0.800000011920929,0.800000011920929,0.800000011920929,25000
2022-05-18 00:00:00+00:00,0.800000011920929,0.800000011920929,0.800000011920929,0.800000011920929,0
2022-05-19 00:00:00+00:00,0.800000011920929,0.800000011920929,0.800000011920929,0.800000011920929,0
2022-05-20 00:00:00+00:00,0.800000011920929,0.800000011920929,0.800000011920929,0.800000011920929,0
2022-05-23 00:00:00+00:00,0.800000011920929,0.800000011920929,0.800000011920929,0.800000011920929,0
2022-05-24 00:00:00+00:00,0.8199999928474426,0.8199999928474426,0.800000011920929,0.800000011920929,96
2022-05-25 00:00:00+00:00,0.800000011920929,0.800000011920929,0.800000011920929,0.800000011920929,25169
2022-05-26 00:00:00+00:00,0.800000011920929,0.800000011920929,0.800000011920929,0.800000011920929,0
2022-05-27 00:00:00+00:00,0.800000011920929,0.800000011920929,0.800000011920929,0.800000011920929,0
2022-05-30 00:00:00+00:00,0.800000011920929,0.800000011920929,0.800000011920929,0.800000011920929,0
2022-05-31 00:00:00+00:00,0.800000011920929,0.800000011920929,0.800000011920929,0.800000011920929,0
2022-06-01 00:00:00+00:00,0.800000011920929,0.800000011920929,0.800000011920929,0.800000011920929,0
2022-06-02 00:00:00+00:00,0.800000011920929,0.800000011920929,0.800000011920929,0.800000011920929,0
2022-06-03 00:00:00+00:00,0.800000011920929,0.800000011920929,0.800000011920929,0.800000011920929,0
2022-06-06 00:00:00+00:00,0.6600000262260437,0.6600000262260437,0.6600000262260437,0.6600000262260437,2000
2022-06-07 00:00:00+00:00,0.6600000262260437,0.6600000262260437,0.6600000262260437,0.6600000262260437,0
2022-06-08 00:00:00+00:00,0.6600000262260437,0.6600000262260437,0.6000000238418579,0.6000000238418579,30620
2022-06-09 00:00:00+00:00,0.6000000238418579,0.6000000238418579,0.6000000238418579,0.6000000238418579,0
2022-06-10 00:00:00+00:00,0.6000000238418579,0.6000000238418579,0.6000000238418579,0.6000000238418579,0
2022-06-14 00:00:00+00:00,0.6000000238418579,0.6000000238418579,0.6000000238418579,0.6000000238418579,500
2022-06-15 00:00:00+00:00,0.6000000238418579,0.6000000238418579,0.6000000238418579,0.6000000238418579,0
2022-06-16 00:00:00+00:00,0.6000000238418579,0.6000000238418579,0.6000000238418579,0.6000000238418579,257
2022-06-17 00:00:00+00:00,0.5799999833106995,0.6000000238418579,0.5799999833106995,0.6000000238418579,2520
2022-06-20 00:00:00+00:00,0.5400000214576721,0.5400000214576721,0.4399999976158142,0.4399999976158142,27135
2022-06-21 00:00:00+00:00,0.4399999976158142,0.4399999976158142,0.4399999976158142,0.4399999976158142,0
2022-06-22 00:00:00+00:00,0.4399999976158142,0.4399999976158142,0.4399999976158142,0.4399999976158142,0
2022-06-23 00:00:00+00:00,0.4399999976158142,0.4399999976158142,0.4000000059604645,0.4000000059604645,56930
2022-06-24 00:00:00+00:00,0.3799999952316284,0.3799999952316284,0.3199999928474426,0.3199999928474426,50914
2022-06-27 00:00:00+00:00,0.3199999928474426,0.3199999928474426,0.3199999928474426,0.3199999928474426,0
2022-06-28 00:00:00+00:00,0.3199999928474426,0.3199999928474426,0.3199999928474426,0.3199999928474426,0
2022-06-29 00:00:00+00:00,0.3199999928474426,0.3199999928474426,0.3199999928474426,0.3199999928474426,0
2022-06-30 00:00:00+00:00,0.3199999928474426,0.3199999928474426,0.3199999928474426,0.3199999928474426,0
2022-07-01 00:00:00+00:00,0.3199999928474426,0.3199999928474426,0.3199999928474426,0.3199999928474426,0
2022-07-04 00:00:00+00:00,0.3199999928474426,0.3199999928474426,0.3199999928474426,0.3199999928474426,0
2022-07-05 00:00:00+00:00,0.3199999928474426,0.3199999928474426,0.3199999928474426,0.3199999928474426,0
2022-07-06 00:00:00+00:00,0.3400000035762787,0.3400000035762787,0.3400000035762787,0.3400000035762787,25198
2022-07-07 00:00:00+00:00,0.3400000035762787,0.3400000035762787,0.3400000035762787,0.3400000035762787,0
2022-07-08 00:00:00+00:00,0.3400000035762787,0.3400000035762787,0.3400000035762787,0.3400000035762787,0
2022-07-11 00:00:00+00:00,0.3400000035762787,0.3400000035762787,0.3400000035762787,0.3400000035762787,0
2022-07-12 00:00:00+00:00,0.3400000035762787,0.3400000035762787,0.3400000035762787,0.3400000035762787,0
2022-07-13 00:00:00+00:00,0.3400000035762787,0.3400000035762787,0.3400000035762787,0.3400000035762787,0
2022-07-14 00:00:00+00:00,0.3400000035762787,0.3400000035762787,0.3400000035762787,0.3400000035762787,0
2022-07-15 00:00:00+00:00,0.36000001430511475,0.36000001430511475,0.36000001430511475,0.36000001430511475,67
2022-07-18 00:00:00+00:00,0.36000001430511475,0.36000001430511475,0.36000001430511475,0.36000001430511475,0
2022-07-19 00:00:00+00:00,0.36000001430511475,0.36000001430511475,0.36000001430511475,0.36000001430511475,0
2022-07-20 00:00:00+00:00,0.36000001430511475,0.36000001430511475,0.36000001430511475,0.36000001430511475,0
2022-07-21 00:00:00+00:00,0.4000000059604645,0.4000000059604645,0.4000000059604645,0.4000000059604645,1200
2022-07-22 00:00:00+00:00,0.4000000059604645,0.4000000059604645,0.4000000059604645,0.4000000059604645,0
2022-07-25 00:00:00+00:00,0.4000000059604645,0.4000000059604645,0.4000000059604645,0.4000000059604645,0
2022-07-26 00:00:00+00:00,0.36000001430511475,0.36000001430511475,0.36000001430511475,0.36000001430511475,5863
2022-07-27 00:00:00+00:00,0.36000001430511475,0.36000001430511475,0.36000001430511475,0.36000001430511475,0
2022-07-28 00:00:00+00:00,0.36000001430511475,0.36000001430511475,0.36000001430511475,0.36000001430511475,0
2022-07-29 00:00:00+00:00,0.36000001430511475,0.36000001430511475,0.36000001430511475,0.36000001430511475,0
2022-08-01 00:00:00+00:00,0.36000001430511475,0.36000001430511475,0.36000001430511475,0.36000001430511475,0
2022-08-02 00:00:00+00:00,0.36000001430511475,0.36000001430511475,0.36000001430511475,0.36000001430511475,0
2022-08-03 00:00:00+00:00,0.36000001430511475,0.36000001430511475,0.36000001430511475,0.36000001430511475,0
2022-08-04 00:00:00+00:00,0.36000001430511475,0.36000001430511475,0.36000001430511475,0.36000001430511475,0
2022-08-05 00:00:00+00:00,0.36000001430511475,0.36000001430511475,0.36000001430511475,0.36000001430511475,0
2022-08-08 00:00:00+00:00,0.36000001430511475,0.36000001430511475,0.36000001430511475,0.36000001430511475,0
2022-08-09 00:00:00+00:00,0.36000001430511475,0.36000001430511475,0.36000001430511475,0.36000001430511475,0
2022-08-10 00:00:00+00:00,0.36000001430511475,0.36000001430511475,0.36000001430511475,0.36000001430511475,0
2022-08-11 00:00:00+00:00,0.36000001430511475,0.36000001430511475,0.36000001430511475,0.36000001430511475,0
2022-08-12 00:00:00+00:00,0.36000001430511475,0.36000001430511475,0.36000001430511475,0.36000001430511475,0
2022-08-15 00:00:00+00:00,0.36000001430511475,0.36000001430511475,0.36000001430511475,0.36000001430511475,0
2022-08-16 00:00:00+00:00,0.36000001430511475,0.36000001430511475,0.36000001430511475,0.36000001430511475,0
2022-08-17 00:00:00+00:00,0.36000001430511475,0.36000001430511475,0.36000001430511475,0.36000001430511475,0
2022-08-18 00:00:00+00:00,0.36000001430511475,0.36000001430511475,0.36000001430511475,0.36000001430511475,0
2022-08-19 00:00:00+00:00,0.36000001430511475,0.36000001430511475,0.36000001430511475,0.36000001430511475,0
2022-08-22 00:00:00+00:00,0.36000001430511475,0.36000001430511475,0.36000001430511475,0.36000001430511475,0
2022-08-23 00:00:00+00:00,0.36000001430511475,0.36000001430511475,0.36000001430511475,0.36000001430511475,0
2022-08-24 00:00:00+00:00,0.36000001430511475,0.36000001430511475,0.36000001430511475,0.36000001430511475,0
2022-08-25 00:00:00+00:00,0.36000001430511475,0.36000001430511475,0.36000001430511475,0.36000001430511475,0
2022-08-26 00:00:00+00:00,0.36000001430511475,0.36000001430511475,0.36000001430511475,0.36000001430511475,0
2022-08-29 00:00:00+00:00,0.36000001430511475,0.36000001430511475,0.36000001430511475,0.36000001430511475,0
2022-08-30 00:00:00+00:00,0.36000001430511475,0.36000001430511475,0.36000001430511475,0.36000001430511475,0
2022-08-31 00:00:00+00:00,0.36000001430511475,0.36000001430511475,0.36000001430511475,0.36000001430511475,0
2022-09-01 00:00:00+00:00,0.36000001430511475,0.36000001430511475,0.36000001430511475,0.36000001430511475,0
2022-09-02 00:00:00+00:00,0.36000001430511475,0.36000001430511475,0.36000001430511475,0.36000001430511475,0
2022-09-05 00:00:00+00:00,0.36000001430511475,0.36000001430511475,0.36000001430511475,0.36000001430511475,0
2022-09-06 00:00:00+00:00,0.36000001430511475,0.36000001430511475,0.36000001430511475,0.36000001430511475,0
2022-09-07 00:00:00+00:00,0.36000001430511475,0.36000001430511475,0.36000001430511475,0.36000001430511475,0
2022-09-08 00:00:00+00:00,0.36000001430511475,0.36000001430511475,0.36000001430511475,0.36000001430511475,0
2022-09-09 00:00:00+00:00,0.36000001430511475,0.36000001430511475,0.36000001430511475,0.36000001430511475,0
2022-09-12 00:00:00+00:00,0.36000001430511475,0.36000001430511475,0.36000001430511475,0.36000001430511475,0
2022-09-13 00:00:00+00:00,0.36000001430511475,0.36000001430511475,0.36000001430511475,0.36000001430511475,0
2022-09-14 00:00:00+00:00,0.36000001430511475,0.36000001430511475,0.36000001430511475,0.36000001430511475,0
2022-09-15 00:00:00+00:00,0.36000001430511475,0.36000001430511475,0.36000001430511475,0.36000001430511475,0
2022-09-16 00:00:00+00:00,0.36000001430511475,0.36000001430511475,0.36000001430511475,0.36000001430511475,0
2022-09-19 00:00:00+00:00,0.36000001430511475,0.36000001430511475,0.36000001430511475,0.36000001430511475,0
2022-09-20 00:00:00+00:00,0.36000001430511475,0.36000001430511475,0.36000001430511475,0.36000001430511475,0
2022-09-21 00:00:00+00:00,0.36000001430511475,0.36000001430511475,0.36000001430511475,0.36000001430511475,0
2022-09-23 00:00:00+00:00,0.36000001430511475,0.36000001430511475,0.36000001430511475,0.36000001430511475,0
2022-09-26 00:00:00+00:00,0.36000001430511475,0.36000001430511475,0.36000001430511475,0.36000001430511475,0
2022-09-27 00:00:00+00:00,0.36000001430511475,0.36000001430511475,0.36000001430511475,0.36000001430511475,0
2022-09-28 00:00:00+00:00,0.36000001430511475,0.36000001430511475,0.36000001430511475,0.36000001430511475,0
2022-09-29 00:00:00+00:00,0.36000001430511475,0.36000001430511475,0.36000001430511475,0.36000001430511475,0
2022-09-30 00:00:00+00:00,0.36000001430511475,0.36000001430511475,0.36000001430511475,0.36000001430511475,0
2022-10-03 00:00:00+00:00,0.36000001430511475,0.36000001430511475,0.36000001430511475,0.36000001430511475,0
2022-10-04 00:00:00+00:00,0.36000001430511475,0.36000001430511475,0.36000001430511475,0.36000001430511475,0
2022-10-05 00:00:00+00:00,0.36000001430511475,0.36000001430511475,0.36000001430511475,0.36000001430511475,0
2022-10-06 00:00:00+00:00,0.36000001430511475,0.36000001430511475,0.36000001430511475,0.36000001430511475,0
2022-10-07 00:00:00+00:00,0.36000001430511475,0.36000001430511475,0.36000001430511475,0.36000001430511475,0
2022-10-10 00:00:00+00:00,0.36000001430511475,0.36000001430511475,0.36000001430511475,0.36000001430511475,0
2022-10-11 00:00:00+00:00,0.36000001430511475,0.36000001430511475,0.36000001430511475,0.36000001430511475,0
2022-10-12 00:00:00+00:00,0.36000001430511475,0.36000001430511475,0.36000001430511475,0.36000001430511475,0
2022-10-13 00:00:00+00:00,0.36000001430511475,0.36000001430511475,0.36000001430511475,0.36000001430511475,0
2022-10-14 00:00:00+00:00,0.36000001430511475,0.36000001430511475,0.36000001430511475,0.36000001430511475,0
2022-10-17 00:00:00+00:00,0.36000001430511475,0.36000001430511475,0.36000001430511475,0.36000001430511475,0
2022-10-18 00:00:00+00:00,0.36000001430511475,0.36000001430511475,0.36000001430511475,0.36000001430511475,0
2022-10-19 00:00:00+00:00,0.36000001430511475,0.36000001430511475,0.36000001430511475,0.36000001430511475,0
2022-10-20 00:00:00+00:00,0.36000001430511475,0.36000001430511475,0.36000001430511475,0.36000001430511475,0
2022-10-21 00:00:00+00:00,0.36000001430511475,0.36000001430511475,0.36000001430511475,0.36000001430511475,0
2022-10-24 00:00:00+00:00,0.36000001430511475,0.36000001430511475,0.36000001430511475,0.36000001430511475,0
2022-10-25 00:00:00+00:00,0.36000001430511475,0.36000001430511475,0.36000001430511475,0.36000001430511475,0
2022-10-26 00:00:00+00:00,0.36000001430511475,0.36000001430511475,0.36000001430511475,0.36000001430511475,0
2022-10-27 00:00:00+00:00,0.36000001430511475,0.36000001430511475,0.36000001430511475,0.36000001430511475,0
2022-10-28 00:00:00+00:00,0.36000001430511475,0.36000001430511475,0.36000001430511475,0.36000001430511475,0
2022-10-31 00:00:00+00:00,0.36000001430511475,0.36000001430511475,0.36000001430511475,0.36000001430511475,0
2022-11-01 00:00:00+00:00,0.36000001430511475,0.36000001430511475,0.36000001430511475,0.36000001430511475,0
2022-11-02 00:00:00+00:00,0.36000001430511475,0.36000001430511475,0.36000001430511475,0.36000001430511475,0
2022-11-03 00:00:00+00:00,0.36000001430511475,0.36000001430511475,0.36000001430511475,0.36000001430511475,0
2022-11-04 00:00:00+00:00,0.36000001430511475,0.36000001430511475,0.36000001430511475,0.36000001430511475,0
2022-11-07 00:00:00+00:00,0.36000001430511475,0.36000001430511475,0.36000001430511475,0.36000001430511475,0
2022-11-08 00:00:00+00:00,0.36000001430511475,0.36000001430511475,0.36000001430511475,0.36000001430511475,0
2022-11-09 00:00:00+00:00,0.36000001430511475,0.36000001430511475,0.36000001430511475,0.36000001430511475,0
2022-11-10 00:00:00+00:00,0.36000001430511475,0.36000001430511475,0.36000001430511475,0.36000001430511475,0
2022-11-11 00:00:00+00:00,0.36000001430511475,0.36000001430511475,0.36000001430511475,0.36000001430511475,0
2022-11-14 00:00:00+00:00,0.36000001430511475,0.36000001430511475,0.36000001430511475,0.36000001430511475,0
2022-11-15 00:00:00+00:00,0.36000001430511475,0.36000001430511475,0.36000001430511475,0.36000001430511475,0
2022-11-16 00:00:00+00:00,0.36000001430511475,0.36000001430511475,0.36000001430511475,0.36000001430511475,0
2022-11-17 00:00:00+00:00,0.36000001430511475,0.36000001430511475,0.36000001430511475,0.36000001430511475,0
2022-11-18 00:00:00+00:00,0.36000001430511475,0.36000001430511475,0.36000001430511475,0.36000001430511475,0
2022-11-21 00:00:00+00:00,0.36000001430511475,0.36000001430511475,0.36000001430511475,0.36000001430511475,0
2022-11-22 00:00:00+00:00,0.36000001430511475,0.36000001430511475,0.36000001430511475,0.36000001430511475,0
2022-11-23 00:00:00+00:00,0.36000001430511475,0.36000001430511475,0.36000001430511475,0.36000001430511475,0
2022-11-24 00:00:00+00:00,0.36000001430511475,0.36000001430511475,0.36000001430511475,0.36000001430511475,0
2022-11-25 00:00:00+00:00,0.36000001430511475,0.36000001430511475,0.36000001430511475,0.36000001430511475,0
2022-11-28 00:00:00+00:00,0.36000001430511475,0.36000001430511475,0.36000001430511475,0.36000001430511475,0
2022-11-29 00:00:00+00:00,0.36000001430511475,0.36000001430511475,0.36000001430511475,0.36000001430511475,0
2022-11-30 00:00:00+00:00,0.36000001430511475,0.36000001430511475,0.36000001430511475,0.36000001430511475,0
2022-12-01 00:00:00+00:00,0.36000001430511475,0.36000001430511475,0.36000001430511475,0.36000001430511475,0
2022-12-02 00:00:00+00:00,0.36000001430511475,0.36000001430511475,0.36000001430511475,0.36000001430511475,0
2022-12-05 00:00:00+00:00,0.36000001430511475,0.36000001430511475,0.36000001430511475,0.36000001430511475,0
2022-12-06 00:00:00+00:00,0.36000001430511475,0.36000001430511475,0.36000001430511475,0.36000001430511475,0
2022-12-07 00:00:00+00:00,0.36000001430511475,0.36000001430511475,0.36000001430511475,0.36000001430511475,0
2022-12-08 00:00:00+00:00,0.36000001430511475,0.36000001430511475,0.36000001430511475,0.36000001430511475,0
2022-12-09 00:00:00+00:00,0.36000001430511475,0.36000001430511475,0.36000001430511475,0.36000001430511475,0
2022-12-12 00:00:00+00:00,0.36000001430511475,0.36000001430511475,0.36000001430511475,0.36000001430511475,0
2022-12-13 00:00:00+00:00,0.36000001430511475,0.36000001430511475,0.36000001430511475,0.36000001430511475,0
2022-12-14 00:00:00+00:00,0.36000001430511475,0.36000001430511475,0.36000001430511475,0.36000001430511475,0
2022-12-15 00:00:00+00:00,0.36000001430511475,0.36000001430511475,0.36000001430511475,0.36000001430511475,0
2022-12-16 00:00:00+00:00,0.36000001430511475,0.36000001430511475,0.36000001430511475,0.36000001430511475,0
2022-12-19 00:00:00+00:00,0.36000001430511475,0.36000001430511475,0.36000001430511475,0.36000001430511475,0
2022-12-20 00:00:00+00:00,0.36000001430511475,0.36000001430511475,0.36000001430511475,0.36000001430511475,0
2022-12-21 00:00:00+00:00,0.36000001430511475,0.36000001430511475,0.36000001430511475,0.36000001430511475,0
2022-12-22 00:00:00+00:00,0.36000001430511475,0.36000001430511475,0.36000001430511475,0.36000001430511475,0
2022-12-23 00:00:00+00:00,0.36000001430511475,0.36000001430511475,0.36000001430511475,0.36000001430511475,0
2022-12-28 00:00:00+00:00,0.36000001430511475,0.36000001430511475,0.36000001430511475,0.36000001430511475,0
2022-12-29 00:00:00+00:00,0.36000001430511475,0.36000001430511475,0.36000001430511475,0.36000001430511475,0
2022-12-30 00:00:00+00:00,0.36000001430511475,0.36000001430511475,0.36000001430511475,0.36000001430511475,0
2023-01-03 00:00:00+00:00,0.36000001430511475,0.36000001430511475,0.36000001430511475,0.36000001430511475,0
2023-01-04 00:00:00+00:00,0.36000001430511475,0.36000001430511475,0.36000001430511475,0.36000001430511475,0
2023-01-05 00:00:00+00:00,0.36000001430511475,0.36000001430511475,0.36000001430511475,0.36000001430511475,0
2023-01-06 00:00:00+00:00,0.36000001430511475,0.36000001430511475,0.36000001430511475,0.36000001430511475,0
2023-01-09 00:00:00+00:00,0.36000001430511475,0.36000001430511475,0.36000001430511475,0.36000001430511475,0
2023-01-10 00:00:00+00:00,0.36000001430511475,0.36000001430511475,0.36000001430511475,0.36000001430511475,0
2023-01-11 00:00:00+00:00,0.36000001430511475,0.36000001430511475,0.36000001430511475,0.36000001430511475,0
2023-01-12 00:00:00+00:00,0.36000001430511475,0.36000001430511475,0.36000001430511475,0.36000001430511475,0
2023-01-13 00:00:00+00:00,0.36000001430511475,0.36000001430511475,0.36000001430511475,0.36000001430511475,0
2023-01-16 00:00:00+00:00,0.36000001430511475,0.36000001430511475,0.36000001430511475,0.36000001430511475,0
2023-01-17 00:00:00+00:00,0.36000001430511475,0.36000001430511475,0.36000001430511475,0.36000001430511475,0
2023-01-18 00:00:00+00:00,0.36000001430511475,0.36000001430511475,0.36000001430511475,0.36000001430511475,0
2023-01-19 00:00:00+00:00,0.36000001430511475,0.36000001430511475,0.36000001430511475,0.36000001430511475,0
2023-01-20 00:00:00+00:00,0.36000001430511475,0.36000001430511475,0.36000001430511475,0.36000001430511475,0
2023-01-23 00:00:00+00:00,0.36000001430511475,0.36000001430511475,0.36000001430511475,0.36000001430511475,0
2023-01-24 00:00:00+00:00,0.36000001430511475,0.36000001430511475,0.36000001430511475,0.36000001430511475,0
2023-01-25 00:00:00+00:00,0.36000001430511475,0.36000001430511475,0.36000001430511475,0.36000001430511475,0
2023-01-27 00:00:00+00:00,0.36000001430511475,0.36000001430511475,0.36000001430511475,0.36000001430511475,0
2023-01-30 00:00:00+00:00,0.36000001430511475,0.36000001430511475,0.36000001430511475,0.36000001430511475,0
2023-01-31 00:00:00+00:00,0.36000001430511475,0.36000001430511475,0.36000001430511475,0.36000001430511475,0
2023-02-01 00:00:00+00:00,0.36000001430511475,0.36000001430511475,0.36000001430511475,0.36000001430511475,0
2023-02-02 00:00:00+00:00,0.36000001430511475,0.36000001430511475,0.36000001430511475,0.36000001430511475,0
2023-02-03 00:00:00+00:00,0.36000001430511475,0.36000001430511475,0.36000001430511475,0.36000001430511475,0
2023-02-06 00:00:00+00:00,0.36000001430511475,0.36000001430511475,0.36000001430511475,0.36000001430511475,0
2023-02-07 00:00:00+00:00,0.36000001430511475,0.36000001430511475,0.36000001430511475,0.36000001430511475,0
2023-02-08 00:00:00+00:00,0.36000001430511475,0.36000001430511475,0.36000001430511475,0.36000001430511475,0
2023-02-09 00:00:00+00:00,0.36000001430511475,0.36000001430511475,0.36000001430511475,0.36000001430511475,0
2023-02-10 00:00:00+00:00,0.36000001430511475,0.36000001430511475,0.36000001430511475,0.36000001430511475,0
2023-02-13 00:00:00+00:00,0.36000001430511475,0.36000001430511475,0.36000001430511475,0.36000001430511475,0
2023-02-14 00:00:00+00:00,0.36000001430511475,0.36000001430511475,0.36000001430511475,0.36000001430511475,0
2023-02-15 00:00:00+00:00,0.36000001430511475,0.36000001430511475,0.36000001430511475,0.36000001430511475,0
2023-02-16 00:00:00+00:00,0.36000001430511475,0.36000001430511475,0.36000001430511475,0.36000001430511475,0
2023-02-17 00:00:00+00:00,0.36000001430511475,0.36000001430511475,0.36000001430511475,0.36000001430511475,0
2023-02-20 00:00:00+00:00,0.36000001430511475,0.36000001430511475,0.36000001430511475,0.36000001430511475,0
2023-02-21 00:00:00+00:00,0.36000001430511475,0.36000001430511475,0.36000001430511475,0.36000001430511475,0
2023-02-22 00:00:00+00:00,0.36000001430511475,0.36000001430511475,0.36000001430511475,0.36000001430511475,0
2023-02-23 00:00:00+00:00,0.36000001430511475,0.36000001430511475,0.36000001430511475,0.36000001430511475,0
2023-02-24 00:00:00+00:00,0.36000001430511475,0.36000001430511475,0.36000001430511475,0.36000001430511475,0
2023-02-27 00:00:00+00:00,0.36000001430511475,0.36000001430511475,0.36000001430511475,0.36000001430511475,0
2023-02-28 00:00:00+00:00,0.36000001430511475,0.36000001430511475,0.36000001430511475,0.36000001430511475,0
2023-03-01 00:00:00+00:00,0.36000001430511475,0.36000001430511475,0.36000001430511475,0.36000001430511475,0
2023-03-02 00:00:00+00:00,0.36000001430511475,0.36000001430511475,0.36000001430511475,0.36000001430511475,0
2023-03-03 00:00:00+00:00,0.36000001430511475,0.36000001430511475,0.36000001430511475,0.36000001430511475,0
2023-03-06 00:00:00+00:00,0.36000001430511475,0.36000001430511475,0.36000001430511475,0.36000001430511475,0
2023-03-07 00:00:00+00:00,0.36000001430511475,0.36000001430511475,0.36000001430511475,0.36000001430511475,0
2023-03-08 00:00:00+00:00,0.36000001430511475,0.36000001430511475,0.36000001430511475,0.36000001430511475,0
2023-03-09 00:00:00+00:00,0.36000001430511475,0.36000001430511475,0.36000001430511475,0.36000001430511475,0
2023-03-10 00:00:00+00:00,0.36000001430511475,0.36000001430511475,0.36000001430511475,0.36000001430511475,0
2023-03-13 00:00:00+00:00,0.36000001430511475,0.36000001430511475,0.36000001430511475,0.36000001430511475,0
2023-03-14 00:00:00+00:00,0.36000001430511475,0.36000001430511475,0.36000001430511475,0.36000001430511475,0
2023-03-15 00:00:00+00:00,0.36000001430511475,0.36000001430511475,0.36000001430511475,0.36000001430511475,0
2023-03-16 00:00:00+00:00,0.36000001430511475,0.36000001430511475,0.36000001430511475,0.36000001430511475,0
2023-03-17 00:00:00+00:00,0.36000001430511475,0.36000001430511475,0.36000001430511475,0.36000001430511475,0
2023-03-20 00:00:00+00:00,0.36000001430511475,0.36000001430511475,0.36000001430511475,0.36000001430511475,0
2023-03-21 00:00:00+00:00,0.36000001430511475,0.36000001430511475,0.36000001430511475,0.36000001430511475,0
2023-03-22 00:00:00+00:00,0.36000001430511475,0.36000001430511475,0.36000001430511475,0.36000001430511475,0
2023-03-23 00:00:00+00:00,0.36000001430511475,0.36000001430511475,0.36000001430511475,0.36000001430511475,0
2023-03-24 00:00:00+00:00,0.36000001430511475,0.36000001430511475,0.36000001430511475,0.36000001430511475,0
2023-03-27 00:00:00+00:00,0.36000001430511475,0.36000001430511475,0.36000001430511475,0.36000001430511475,0
2023-03-28 00:00:00+00:00,0.36000001430511475,0.36000001430511475,0.36000001430511475,0.36000001430511475,0
2023-03-29 00:00:00+00:00,0.36000001430511475,0.36000001430511475,0.36000001430511475,0.36000001430511475,0
2023-03-30 00:00:00+00:00,0.36000001430511475,0.36000001430511475,0.36000001430511475,0.36000001430511475,0
2023-03-31 00:00:00+00:00,0.36000001430511475,0.36000001430511475,0.36000001430511475,0.36000001430511475,0
2023-04-03 00:00:00+00:00,0.36000001430511475,0.36000001430511475,0.36000001430511475,0.36000001430511475,0
2023-04-04 00:00:00+00:00,0.36000001430511475,0.36000001430511475,0.36000001430511475,0.36000001430511475,0
2023-04-05 00:00:00+00:00,0.36000001430511475,0.36000001430511475,0.36000001430511475,0.36000001430511475,0
2023-04-06 00:00:00+00:00,0.36000001430511475,0.36000001430511475,0.36000001430511475,0.36000001430511475,0
2023-04-11 00:00:00+00:00,0.36000001430511475,0.36000001430511475,0.36000001430511475,0.36000001430511475,0
2023-04-12 00:00:00+00:00,0.36000001430511475,0.36000001430511475,0.36000001430511475,0.36000001430511475,0
2023-04-13 00:00:00+00:00,0.36000001430511475,0.36000001430511475,0.36000001430511475,0.36000001430511475,0
2023-04-14 00:00:00+00:00,0.36000001430511475,0.36000001430511475,0.36000001430511475,0.36000001430511475,0
2023-04-17 00:00:00+00:00,0.36000001430511475,0.36000001430511475,0.36000001430511475,0.36000001430511475,0
2023-04-18 00:00:00+00:00,0.36000001430511475,0.36000001430511475,0.36000001430511475,0.36000001430511475,0
2023-04-19 00:00:00+00:00,0.36000001430511475,0.36000001430511475,0.36000001430511475,0.36000001430511475,0
2023-04-20 00:00:00+00:00,0.36000001430511475,0.36000001430511475,0.36000001430511475,0.36000001430511475,0
2023-04-21 00:00:00+00:00,0.36000001430511475,0.36000001430511475,0.36000001430511475,0.36000001430511475,0
2023-04-24 00:00:00+00:00,0.36000001430511475,0.36000001430511475,0.36000001430511475,0.36000001430511475,0
2023-04-26 00:00:00+00:00,0.36000001430511475,0.36000001430511475,0.36000001430511475,0.36000001430511475,0
2023-04-27 00:00:00+00:00,0.36000001430511475,0.36000001430511475,0.36000001430511475,0.36000001430511475,0
2023-04-28 00:00:00+00:00,0.36000001430511475,0.36000001430511475,0.36000001430511475,0.36000001430511475,0
2023-05-01 00:00:00+00:00,0.36000001430511475,0.36000001430511475,0.36000001430511475,0.36000001430511475,0
2023-05-02 00:00:00+00:00,0.36000001430511475,0.36000001430511475,0.36000001430511475,0.36000001430511475,0
2023-05-03 00:00:00+00:00,0.36000001430511475,0.36000001430511475,0.36000001430511475,0.36000001430511475,0
2023-05-04 00:00:00+00:00,0.36000001430511475,0.36000001430511475,0.36000001430511475,0.36000001430511475,0
2023-05-05 00:00:00+00:00,0.36000001430511475,0.36000001430511475,0.36000001430511475,0.36000001430511475,0
2023-05-08 00:00:00+00:00,0.36000001430511475,0.36000001430511475,0.36000001430511475,0.36000001430511475,0
2023-05-09 00:00:00+00:00,0.36000001430511475,0.36000001430511475,0.36000001430511475,0.36000001430511475,0
2023-05-10 00:00:00+00:00,0.36000001430511475,0.36000001430511475,0.36000001430511475,0.36000001430511475,0
2023-05-11 00:00:00+00:00,0.36000001430511475,0.36000001430511475,0.36000001430511475,0.36000001430511475,0
2023-05-12 00:00:00+00:00,0.36000001430511475,0.36000001430511475,0.36000001430511475,0.36000001430511475,0
2023-05-15 00:00:00+00:00,0.36000001430511475,0.36000001430511475,0.36000001430511475,0.36000001430511475,0
2023-05-16 00:00:00+00:00,0.36000001430511475,0.36000001430511475,0.36000001430511475,0.36000001430511475,0
2023-05-17 00:00:00+00:00,0.36000001430511475,0.36000001430511475,0.36000001430511475,0.36000001430511475,0
2023-05-18 00:00:00+00:00,0.36000001430511475,0.36000001430511475,0.36000001430511475,0.36000001430511475,0
2023-05-19 00:00:00+00:00,0.36000001430511475,0.36000001430511475,0.36000001430511475,0.36000001430511475,0
2023-05-22 00:00:00+00:00,0.36000001430511475,0.36000001430511475,0.36000001430511475,0.36000001430511475,0
2023-05-23 00:00:00+00:00,0.36000001430511475,0.36000001430511475,0.36000001430511475,0.36000001430511475,0
2023-05-24 00:00:00+00:00,0.36000001430511475,0.36000001430511475,0.36000001430511475,0.36000001430511475,0
2023-05-25 00:00:00+00:00,0.36000001430511475,0.36000001430511475,0.36000001430511475,0.36000001430511475,0
2023-05-26 00:00:00+00:00,0.36000001430511475,0.36000001430511475,0.36000001430511475,0.36000001430511475,0
2023-05-29 00:00:00+00:00,0.36000001430511475,0.36000001430511475,0.36000001430511475,0.36000001430511475,0
2023-05-30 00:00:00+00:00,0.36000001430511475,0.36000001430511475,0.36000001430511475,0.36000001430511475,0
2023-05-31 00:00:00+00:00,0.36000001430511475,0.36000001430511475,0.36000001430511475,0.36000001430511475,0
2023-06-01 00:00:00+00:00,0.36000001430511475,0.36000001430511475,0.36000001430511475,0.36000001430511475,0
2023-06-02 00:00:00+00:00,0.36000001430511475,0.36000001430511475,0.36000001430511475,0.36000001430511475,0
2023-06-05 00:00:00+00:00,0.36000001430511475,0.36000001430511475,0.36000001430511475,0.36000001430511475,0
2023-06-06 00:00:00+00:00,0.36000001430511475,0.36000001430511475,0.36000001430511475,0.36000001430511475,0
2023-06-07 00:00:00+00:00,0.36000001430511475,0.36000001430511475,0.36000001430511475,0.36000001430511475,0
2023-06-08 00:00:00+00:00,0.36000001430511475,0.36000001430511475,0.36000001430511475,0.36000001430511475,0
2023-06-09 00:00:00+00:00,0.36000001430511475,0.36000001430511475,0.36000001430511475,0.36000001430511475,0
2023-06-13 00:00:00+00:00,0.36000001430511475,0.36000001430511475,0.36000001430511475,0.36000001430511475,0
2023-06-14 00:00:00+00:00,0.36000001430511475,0.36000001430511475,0.36000001430511475,0.36000001430511475,0
2023-06-15 00:00:00+00:00,0.36000001430511475,0.36000001430511475,0.36000001430511475,0.36000001430511475,0
2023-06-16 00:00:00+00:00,0.36000001430511475,0.36000001430511475,0.36000001430511475,0.36000001430511475,0
2023-06-19 00:00:00+00:00,0.36000001430511475,0.36000001430511475,0.36000001430511475,0.36000001430511475,0
2023-06-20 00:00:00+00:00,0.36000001430511475,0.36000001430511475,0.36000001430511475,0.36000001430511475,0
2023-06-21 00:00:00+00:00,0.36000001430511475,0.36000001430511475,0.36000001430511475,0.36000001430511475,0
2023-06-22 00:00:00+00:00,0.36000001430511475,0.36000001430511475,0.36000001430511475,0.36000001430511475,0
2023-06-23 00:00:00+00:00,0.36000001430511475,0.36000001430511475,0.36000001430511475,0.36000001430511475,0
2023-06-26 00:00:00+00:00,0.36000001430511475,0.36000001430511475,0.36000001430511475,0.36000001430511475,0
2023-06-27 00:00:00+00:00,0.36000001430511475,0.36000001430511475,0.36000001430511475,0.36000001430511475,0
2023-06-28 00:00:00+00:00,0.36000001430511475,0.36000001430511475,0.36000001430511475,0.36000001430511475,0
2023-06-29 00:00:00+00:00,0.36000001430511475,0.36000001430511475,0.36000001430511475,0.36000001430511475,0
2023-06-30 00:00:00+00:00,0.36000001430511475,0.36000001430511475,0.36000001430511475,0.36000001430511475,0
2023-07-03 00:00:00+00:00,0.36000001430511475,0.36000001430511475,0.36000001430511475,0.36000001430511475,0
2023-07-04 00:00:00+00:00,0.36000001430511475,0.36000001430511475,0.36000001430511475,0.36000001430511475,0
2023-07-05 00:00:00+00:00,0.36000001430511475,0.36000001430511475,0.36000001430511475,0.36000001430511475,0
2023-07-06 00:00:00+00:00,0.36000001430511475,0.36000001430511475,0.36000001430511475,0.36000001430511475,0
2023-07-07 00:00:00+00:00,0.36000001430511475,0.36000001430511475,0.36000001430511475,0.36000001430511475,0
2023-07-10 00:00:00+00:00,0.36000001430511475,0.36000001430511475,0.36000001430511475,0.36000001430511475,0
2023-07-11 00:00:00+00:00,0.36000001430511475,0.36000001430511475,0.36000001430511475,0.36000001430511475,0
2023-07-12 00:00:00+00:00,0.36000001430511475,0.36000001430511475,0.36000001430511475,0.36000001430511475,0
2023-07-13 00:00:00+00:00,0.36000001430511475,0.36000001430511475,0.36000001430511475,0.36000001430511475,0
2023-07-14 00:00:00+00:00,0.36000001430511475,0.36000001430511475,0.36000001430511475,0.36000001430511475,0
2023-07-17 00:00:00+00:00,0.36000001430511475,0.36000001430511475,0.36000001430511475,0.36000001430511475,0
2023-07-18 00:00:00+00:00,0.36000001430511475,0.36000001430511475,0.36000001430511475,0.36000001430511475,0
2023-07-19 00:00:00+00:00,0.36000001430511475,0.36000001430511475,0.36000001430511475,0.36000001430511475,0
2023-07-20 00:00:00+00:00,0.36000001430511475,0.36000001430511475,0.36000001430511475,0.36000001430511475,0
2023-07-21 00:00:00+00:00,0.36000001430511475,0.36000001430511475,0.36000001430511475,0.36000001430511475,0
2023-07-24 00:00:00+00:00,0.36000001430511475,0.36000001430511475,0.36000001430511475,0.36000001430511475,0
2023-07-25 00:00:00+00:00,0.36000001430511475,0.36000001430511475,0.36000001430511475,0.36000001430511475,0
2023-07-26 00:00:00+00:00,0.36000001430511475,0.36000001430511475,0.36000001430511475,0.36000001430511475,0
2023-07-27 00:00:00+00:00,0.36000001430511475,0.36000001430511475,0.36000001430511475,0.36000001430511475,0
2023-07-28 00:00:00+00:00,0.36000001430511475,0.36000001430511475,0.36000001430511475,0.36000001430511475,0
2023-07-31 00:00:00+00:00,0.36000001430511475,0.36000001430511475,0.36000001430511475,0.36000001430511475,0
2023-08-01 00:00:00+00:00,0.36000001430511475,0.36000001430511475,0.36000001430511475,0.36000001430511475,0
2023-08-02 00:00:00+00:00,0.36000001430511475,0.36000001430511475,0.36000001430511475,0.36000001430511475,0
2023-08-03 00:00:00+00:00,0.36000001430511475,0.36000001430511475,0.36000001430511475,0.36000001430511475,0
2023-08-04 00:00:00+00:00,0.36000001430511475,0.36000001430511475,0.36000001430511475,0.36000001430511475,0
2023-08-07 00:00:00+00:00,0.36000001430511475,0.36000001430511475,0.36000001430511475,0.36000001430511475,0
2023-08-08 00:00:00+00:00,0.36000001430511475,0.36000001430511475,0.36000001430511475,0.36000001430511475,0
2023-08-09 00:00:00+00:00,0.36000001430511475,0.36000001430511475,0.36000001430511475,0.36000001430511475,0
2023-08-10 00:00:00+00:00,0.36000001430511475,0.36000001430511475,0.36000001430511475,0.36000001430511475,0
2023-08-11 00:00:00+00:00,0.36000001430511475,0.36000001430511475,0.36000001430511475,0.36000001430511475,0
2023-08-14 00:00:00+00:00,0.36000001430511475,0.36000001430511475,0.36000001430511475,0.36000001430511475,0
2023-08-15 00:00:00+00:00,0.36000001430511475,0.36000001430511475,0.36000001430511475,0.36000001430511475,0
2023-08-16 00:00:00+00:00,0.36000001430511475,0.36000001430511475,0.36000001430511475,0.36000001430511475,0
2023-08-17 00:00:00+00:00,0.36000001430511475,0.36000001430511475,0.36000001430511475,0.36000001430511475,0
2023-08-18 00:00:00+00:00,0.36000001430511475,0.36000001430511475,0.36000001430511475,0.36000001430511475,0
2023-08-21 00:00:00+00:00,0.36000001430511475,0.36000001430511475,0.36000001430511475,0.36000001430511475,0
2023-08-22 00:00:00+00:00,0.36000001430511475,0.36000001430511475,0.36000001430511475,0.36000001430511475,0
2023-08-23 00:00:00+00:00,0.36000001430511475,0.36000001430511475,0.36000001430511475,0.36000001430511475,0
2023-08-24 00:00:00+00:00,0.36000001430511475,0.36000001430511475,0.36000001430511475,0.36000001430511475,0
2023-08-25 00:00:00+00:00,0.36000001430511475,0.36000001430511475,0.36000001430511475,0.36000001430511475,0
2023-08-28 00:00:00+00:00,0.36000001430511475,0.36000001430511475,0.36000001430511475,0.36000001430511475,0
2023-08-29 00:00:00+00:00,0.36000001430511475,0.36000001430511475,0.36000001430511475,0.36000001430511475,0
2023-08-30 00:00:00+00:00,0.36000001430511475,0.36000001430511475,0.36000001430511475,0.36000001430511475,0
2023-08-31 00:00:00+00:00,0.36000001430511475,0.36000001430511475,0.36000001430511475,0.36000001430511475,0
2023-09-01 00:00:00+00:00,0.36000001430511475,0.36000001430511475,0.36000001430511475,0.36000001430511475,0
2023-09-04 00:00:00+00:00,0.36000001430511475,0.36000001430511475,0.36000001430511475,0.36000001430511475,0
2023-09-05 00:00:00+00:00,0.36000001430511475,0.36000001430511475,0.36000001430511475,0.36000001430511475,0
2023-09-06 00:00:00+00:00,0.36000001430511475,0.36000001430511475,0.36000001430511475,0.36000001430511475,0
2023-09-07 00:00:00+00:00,0.36000001430511475,0.36000001430511475,0.36000001430511475,0.36000001430511475,0
2023-09-08 00:00:00+00:00,0.36000001430511475,0.36000001430511475,0.36000001430511475,0.36000001430511475,0
2023-09-11 00:00:00+00:00,0.36000001430511475,0.36000001430511475,0.36000001430511475,0.36000001430511475,0
2023-09-12 00:00:00+00:00,0.36000001430511475,0.36000001430511475,0.36000001430511475,0.36000001430511475,0
2023-09-13 00:00:00+00:00,0.36000001430511475,0.36000001430511475,0.36000001430511475,0.36000001430511475,0
2023-09-14 00:00:00+00:00,0.36000001430511475,0.36000001430511475,0.36000001430511475,0.36000001430511475,0
2023-09-15 00:00:00+00:00,0.36000001430511475,0.36000001430511475,0.36000001430511475,0.36000001430511475,0
2023-09-18 00:00:00+00:00,0.36000001430511475,0.36000001430511475,0.36000001430511475,0.36000001430511475,0
2023-09-19 00:00:00+00:00,0.36000001430511475,0.36000001430511475,0.36000001430511475,0.36000001430511475,0
2023-09-20 00:00:00+00:00,0.36000001430511475,0.36000001430511475,0.36000001430511475,0.36000001430511475,0
2023-09-21 00:00:00+00:00,0.36000001430511475,0.36000001430511475,0.36000001430511475,0.36000001430511475,0
2023-09-22 00:00:00+00:00,0.36000001430511475,0.36000001430511475,0.36000001430511475,0.36000001430511475,0
2023-09-25 00:00:00+00:00,0.36000001430511475,0.36000001430511475,0.36000001430511475,0.36000001430511475,0
2023-09-26 00:00:00+00:00,0.36000001430511475,0.36000001430511475,0.36000001430511475,0.36000001430511475,0
2023-09-27 00:00:00+00:00,0.36000001430511475,0.36000001430511475,0.36000001430511475,0.36000001430511475,0
2023-09-28 00:00:00+00:00,0.36000001430511475,0.36000001430511475,0.36000001430511475,0.36000001430511475,0
2023-09-29 00:00:00+00:00,0.36000001430511475,0.36000001430511475,0.36000001430511475,0.36000001430511475,0
2023-10-02 00:00:00+00:00,0.36000001430511475,0.36000001430511475,0.36000001430511475,0.36000001430511475,0
2023-10-03 00:00:00+00:00,0.36000001430511475,0.36000001430511475,0.36000001430511475,0.36000001430511475,0
2023-10-04 00:00:00+00:00,0.36000001430511475,0.36000001430511475,0.36000001430511475,0.36000001430511475,0
2023-10-05 00:00:00+00:00,0.36000001430511475,0.36000001430511475,0.36000001430511475,0.36000001430511475,0
2023-10-06 00:00:00+00:00,0.36000001430511475,0.36000001430511475,0.36000001430511475,0.36000001430511475,0
2023-10-09 00:00:00+00:00,0.36000001430511475,0.36000001430511475,0.36000001430511475,0.36000001430511475,0
2023-10-10 00:00:00+00:00,0.36000001430511475,0.36000001430511475,0.36000001430511475,0.36000001430511475,0
2023-10-11 00:00:00+00:00,0.36000001430511475,0.36000001430511475,0.36000001430511475,0.36000001430511475,0
2023-10-12 00:00:00+00:00,0.36000001430511475,0.36000001430511475,0.36000001430511475,0.36000001430511475,0
2023-10-13 00:00:00+00:00,0.36000001430511475,0.36000001430511475,0.36000001430511475,0.36000001430511475,0
2023-10-16 00:00:00+00:00,0.36000001430511475,0.36000001430511475,0.36000001430511475,0.36000001430511475,0
2023-10-17 00:00:00+00:00,0.36000001430511475,0.36000001430511475,0.36000001430511475,0.36000001430511475,0
2023-10-18 00:00:00+00:00,0.36000001430511475,0.36000001430511475,0.36000001430511475,0.36000001430511475,0
2023-10-19 00:00:00+00:00,0.36000001430511475,0.36000001430511475,0.36000001430511475,0.36000001430511475,0
2023-10-20 00:00:00+00:00,0.36000001430511475,0.36000001430511475,0.36000001430511475,0.36000001430511475,0
2023-10-23 00:00:00+00:00,0.36000001430511475,0.36000001430511475,0.36000001430511475,0.36000001430511475,0
2023-10-24 00:00:00+00:00,0.36000001430511475,0.36000001430511475,0.36000001430511475,0.36000001430511475,0
2023-10-25 00:00:00+00:00,0.36000001430511475,0.36000001430511475,0.36000001430511475,0.36000001430511475,0
2023-10-26 00:00:00+00:00,0.36000001430511475,0.36000001430511475,0.36000001430511475,0.36000001430511475,0
2023-10-27 00:00:00+00:00,0.36000001430511475,0.36000001430511475,0.36000001430511475,0.36000001430511475,0
2023-10-30 00:00:00+00:00,0.36000001430511475,0.36000001430511475,0.36000001430511475,0.36000001430511475,0
2023-10-31 00:00:00+00:00,0.36000001430511475,0.36000001430511475,0.36000001430511475,0.36000001430511475,0
2023-11-01 00:00:00+00:00,0.36000001430511475,0.36000001430511475,0.36000001430511475,0.36000001430511475,0
2023-11-02 00:00:00+00:00,0.36000001430511475,0.36000001430511475,0.36000001430511475,0.36000001430511475,0
2023-11-03 00:00:00+00:00,0.36000001430511475,0.36000001430511475,0.36000001430511475,0.36000001430511475,0
2023-11-06 00:00:00+00:00,0.36000001430511475,0.36000001430511475,0.36000001430511475,0.36000001430511475,0
2023-11-07 00:00:00+00:00,0.36000001430511475,0.36000001430511475,0.36000001430511475,0.36000001430511475,0
2023-11-08 00:00:00+00:00,0.36000001430511475,0.36000001430511475,0.36000001430511475,0.36000001430511475,0
2023-11-09 00:00:00+00:00,0.36000001430511475,0.36000001430511475,0.36000001430511475,0.36000001430511475,0
2023-11-10 00:00:00+00:00,0.36000001430511475,0.36000001430511475,0.36000001430511475,0.36000001430511475,0
2023-11-13 00:00:00+00:00,0.36000001430511475,0.36000001430511475,0.36000001430511475,0.36000001430511475,0
2023-11-14 00:00:00+00:00,0.36000001430511475,0.36000001430511475,0.36000001430511475,0.36000001430511475,0
2023-11-15 00:00:00+00:00,0.36000001430511475,0.36000001430511475,0.36000001430511475,0.36000001430511475,0
2023-11-16 00:00:00+00:00,0.36000001430511475,0.36000001430511475,0.36000001430511475,0.36000001430511475,0
2023-11-17 00:00:00+00:00,0.36000001430511475,0.36000001430511475,0.36000001430511475,0.36000001430511475,0
2023-11-20 00:00:00+00:00,0.36000001430511475,0.36000001430511475,0.36000001430511475,0.36000001430511475,0
2023-11-21 00:00:00+00:00,0.36000001430511475,0.36000001430511475,0.36000001430511475,0.36000001430511475,0
2023-11-22 00:00:00+00:00,0.36000001430511475,0.36000001430511475,0.36000001430511475,0.36000001430511475,0
2023-11-23 00:00:00+00:00,0.36000001430511475,0.36000001430511475,0.36000001430511475,0.36000001430511475,0
2023-11-24 00:00:00+00:00,0.36000001430511475,0.36000001430511475,0.36000001430511475,0.36000001430511475,0
2023-11-27 00:00:00+00:00,0.36000001430511475,0.36000001430511475,0.36000001430511475,0.36000001430511475,0
2023-11-28 00:00:00+00:00,0.36000001430511475,0.36000001430511475,0.36000001430511475,0.36000001430511475,0
2023-11-29 00:00:00+00:00,0.36000001430511475,0.36000001430511475,0.36000001430511475,0.36000001430511475,0
2023-11-30 00:00:00+00:00,0.36000001430511475,0.36000001430511475,0.36000001430511475,0.36000001430511475,0
2023-12-01 00:00:00+00:00,0.36000001430511475,0.36000001430511475,0.36000001430511475,0.36000001430511475,0
2023-12-04 00:00:00+00:00,0.36000001430511475,0.36000001430511475,0.36000001430511475,0.36000001430511475,0
2023-12-05 00:00:00+00:00,0.36000001430511475,0.36000001430511475,0.36000001430511475,0.36000001430511475,0
2023-12-06 00:00:00+00:00,0.36000001430511475,0.36000001430511475,0.36000001430511475,0.36000001430511475,0
2023-12-07 00:00:00+00:00,0.36000001430511475,0.36000001430511475,0.36000001430511475,0.36000001430511475,0
2023-12-08 00:00:00+00:00,0.36000001430511475,0.36000001430511475,0.36000001430511475,0.36000001430511475,0
2023-12-11 00:00:00+00:00,0.36000001430511475,0.36000001430511475,0.36000001430511475,0.36000001430511475,0
2023-12-12 00:00:00+00:00,0.36000001430511475,0.36000001430511475,0.36000001430511475,0.36000001430511475,0
2023-12-13 00:00:00+00:00,0.36000001430511475,0.36000001430511475,0.36000001430511475,0.36000001430511475,0
2023-12-14 00:00:00+00:00,0.36000001430511475,0.36000001430511475,0.36000001430511475,0.36000001430511475,0
2023-12-15 00:00:00+00:00,0.36000001430511475,0.36000001430511475,0.36000001430511475,0.36000001430511475,0
2023-12-18 00:00:00+00:00,0.36000001430511475,0.36000001430511475,0.36000001430511475,0.36000001430511475,0
2023-12-19 00:00:00+00:00,0.36000001430511475,0.36000001430511475,0.36000001430511475,0.36000001430511475,0
2023-12-20 00:00:00+00:00,0.36000001430511475,0.36000001430511475,0.36000001430511475,0.36000001430511475,0
2023-12-21 00:00:00+00:00,0.36000001430511475,0.36000001430511475,0.36000001430511475,0.36000001430511475,0
2023-12-22 00:00:00+00:00,0.36000001430511475,0.36000001430511475,0.36000001430511475,0.36000001430511475,0
2023-12-27 00:00:00+00:00,0.36000001430511475,0.36000001430511475,0.36000001430511475,0.36000001430511475,0
2023-12-28 00:00:00+00:00,0.36000001430511475,0.36000001430511475,0.36000001430511475,0.36000001430511475,0
2023-12-29 00:00:00+00:00,0.36000001430511475,0.36000001430511475,0.36000001430511475,0.36000001430511475,0
2024-01-02 00:00:00+00:00,0.36000001430511475,0.36000001430511475,0.36000001430511475,0.36000001430511475,0
2024-01-03 00:00:00+00:00,0.36000001430511475,0.36000001430511475,0.36000001430511475,0.36000001430511475,0
2024-01-04 00:00:00+00:00,0.36000001430511475,0.36000001430511475,0.36000001430511475,0.36000001430511475,0
2024-01-05 00:00:00+00:00,0.36000001430511475,0.36000001430511475,0.36000001430511475,0.36000001430511475,0
2024-01-08 00:00:00+00:00,0.36000001430511475,0.36000001430511475,0.36000001430511475,0.36000001430511475,0
2024-01-09 00:00:00+00:00,0.36000001430511475,0.36000001430511475,0.36000001430511475,0.36000001430511475,0
2024-01-10 00:00:00+00:00,0.36000001430511475,0.36000001430511475,0.36000001430511475,0.36000001430511475,0
2024-01-11 00:00:00+00:00,0.36000001430511475,0.36000001430511475,0.36000001430511475,0.36000001430511475,0
2024-01-12 00:00:00+00:00,0.36000001430511475,0.36000001430511475,0.36000001430511475,0.36000001430511475,0
2024-01-15 00:00:00+00:00,0.36000001430511475,0.36000001430511475,0.36000001430511475,0.36000001430511475,0
2024-01-16 00:00:00+00:00,0.36000001430511475,0.36000001430511475,0.36000001430511475,0.36000001430511475,0
2024-01-17 00:00:00+00:00,0.36000001430511475,0.36000001430511475,0.36000001430511475,0.36000001430511475,0
2024-01-18 00:00:00+00:00,0.36000001430511475,0.36000001430511475,0.36000001430511475,0.36000001430511475,0
2024-01-19 00:00:00+00:00,0.36000001430511475,0.36000001430511475,0.36000001430511475,0.36000001430511475,0
2024-01-22 00:00:00+00:00,0.36000001430511475,0.36000001430511475,0.36000001430511475,0.36000001430511475,0
2024-01-23 00:00:00+00:00,0.36000001430511475,0.36000001430511475,0.36000001430511475,0.36000001430511475,0
2024-01-24 00:00:00+00:00,0.36000001430511475,0.36000001430511475,0.36000001430511475,0.36000001430511475,0
2024-01-25 00:00:00+00:00,0.36000001430511475,0.36000001430511475,0.36000001430511475,0.36000001430511475,0
2024-01-29 00:00:00+00:00,0.36000001430511475,0.36000001430511475,0.36000001430511475,0.36000001430511475,0
2024-01-30 00:00:00+00:00,0.36000001430511475,0.36000001430511475,0.36000001430511475,0.36000001430511475,0
2024-01-31 00:00:00+00:00,0.36000001430511475,0.36000001430511475,0.36000001430511475,0.36000001430511475,0
2024-02-01 00:00:00+00:00,0.36000001430511475,0.36000001430511475,0.36000001430511475,0.36000001430511475,0
2024-02-02 00:00:00+00:00,0.36000001430511475,0.36000001430511475,0.36000001430511475,0.36000001430511475,0
2024-02-05 00:00:00+00:00,0.36000001430511475,0.36000001430511475,0.36000001430511475,0.36000001430511475,0
2024-02-06 00:00:00+00:00,0.36000001430511475,0.36000001430511475,0.36000001430511475,0.36000001430511475,0
2024-02-07 00:00:00+00:00,0.36000001430511475,0.36000001430511475,0.36000001430511475,0.36000001430511475,0
2024-02-08 00:00:00+00:00,0.36000001430511475,0.36000001430511475,0.36000001430511475,0.36000001430511475,0
2024-02-09 00:00:00+00:00,0.36000001430511475,0.36000001430511475,0.36000001430511475,0.36000001430511475,0
2024-02-12 00:00:00+00:00,0.36000001430511475,0.36000001430511475,0.36000001430511475,0.36000001430511475,0
2024-02-13 00:00:00+00:00,0.36000001430511475,0.36000001430511475,0.36000001430511475,0.36000001430511475,0
2024-02-14 00:00:00+00:00,0.36000001430511475,0.36000001430511475,0.36000001430511475,0.36000001430511475,0
2024-02-15 00:00:00+00:00,0.36000001430511475,0.36000001430511475,0.36000001430511475,0.36000001430511475,0
2024-02-16 00:00:00+00:00,0.36000001430511475,0.36000001430511475,0.36000001430511475,0.36000001430511475,0
2024-02-19 00:00:00+00:00,0.36000001430511475,0.36000001430511475,0.36000001430511475,0.36000001430511475,0
2024-02-20 00:00:00+00:00,0.36000001430511475,0.36000001430511475,0.36000001430511475,0.36000001430511475,0
2024-02-21 00:00:00+00:00,0.36000001430511475,0.36000001430511475,0.36000001430511475,0.36000001430511475,0
2024-02-22 00:00:00+00:00,0.36000001430511475,0.36000001430511475,0.36000001430511475,0.36000001430511475,0
2024-02-23 00:00:00+00:00,0.36000001430511475,0.36000001430511475,0.36000001430511475,0.36000001430511475,0
2024-02-26 00:00:00+00:00,0.36000001430511475,0.36000001430511475,0.36000001430511475,0.36000001430511475,0
2024-02-27 00:00:00+00:00,0.36000001430511475,0.36000001430511475,0.36000001430511475,0.36000001430511475,0
2024-02-28 00:00:00+00:00,0.36000001430511475,0.36000001430511475,0.36000001430511475,0.36000001430511475,0
2024-02-29 00:00:00+00:00,0.36000001430511475,0.36000001430511475,0.36000001430511475,0.36000001430511475,0
2024-03-01 00:00:00+00:00,0.36000001430511475,0.36000001430511475,0.36000001430511475,0.36000001430511475,0
2024-03-04 00:00:00+00:00,0.36000001430511475,0.36000001430511475,0.36000001430511475,0.36000001430511475,0
2024-03-05 00:00:00+00:00,0.36000001430511475,0.36000001430511475,0.36000001430511475,0.36000001430511475,0
2024-03-06 00:00:00+00:00,0.36000001430511475,0.36000001430511475,0.36000001430511475,0.36000001430511475,0
2024-03-07 00:00:00+00:00,0.36000001430511475,0.36000001430511475,0.36000001430511475,0.36000001430511475,0
2024-03-08 00:00:00+00:00,0.36000001430511475,0.36000001430511475,0.36000001430511475,0.36000001430511475,0
2024-03-11 00:00:00+00:00,0.36000001430511475,0.36000001430511475,0.36000001430511475,0.36000001430511475,0
2024-03-12 00:00:00+00:00,0.36000001430511475,0.36000001430511475,0.36000001430511475,0.36000001430511475,0
2024-03-13 00:00:00+00:00,0.36000001430511475,0.36000001430511475,0.36000001430511475,0.36000001430511475,0
2024-03-14 00:00:00+00:00,0.36000001430511475,0.36000001430511475,0.36000001430511475,0.36000001430511475,0
2024-03-15 00:00:00+00:00,0.36000001430511475,0.36000001430511475,0.36000001430511475,0.36000001430511475,0
2024-03-18 00:00:00+00:00,0.36000001430511475,0.36000001430511475,0.36000001430511475,0.36000001430511475,0
2024-03-19 00:00:00+00:00,0.36000001430511475,0.36000001430511475,0.36000001430511475,0.36000001430511475,0
2024-03-20 00:00:00+00:00,0.36000001430511475,0.36000001430511475,0.36000001430511475,0.36000001430511475,0
2024-03-21 00:00:00+00:00,0.36000001430511475,0.36000001430511475,0.36000001430511475,0.36000001430511475,0
2024-03-22 00:00:00+00:00,0.36000001430511475,0.36000001430511475,0.36000001430511475,0.36000001430511475,0
2024-03-25 00:00:00+00:00,0.36000001430511475,0.36000001430511475,0.36000001430511475,0.36000001430511475,0
2024-03-26 00:00:00+00:00,0.36000001430511475,0.36000001430511475,0.36000001430511475,0.36000001430511475,0
2024-03-27 00:00:00+00:00,0.36000001430511475,0.36000001430511475,0.36000001430511475,0.36000001430511475,0
2024-03-28 00:00:00+00:00,0.36000001430511475,0.36000001430511475,0.36000001430511475,0.36000001430511475,0
2024-04-02 00:00:00+00:00,0.36000001430511475,0.36000001430511475,0.36000001430511475,0.36000001430511475,0
2024-04-03 00:00:00+00:00,0.36000001430511475,0.36000001430511475,0.36000001430511475,0.36000001430511475,0
2024-04-04 00:00:00+00:00,0.36000001430511475,0.36000001430511475,0.36000001430511475,0.36000001430511475,0
2024-04-05 00:00:00+00:00,0.36000001430511475,0.36000001430511475,0.36000001430511475,0.36000001430511475,0
2024-04-08 00:00:00+00:00,0.36000001430511475,0.36000001430511475,0.36000001430511475,0.36000001430511475,0
2024-04-09 00:00:00+00:00,0.36000001430511475,0.36000001430511475,0.36000001430511475,0.36000001430511475,0
2024-04-10 00:00:00+00:00,0.36000001430511475,0.36000001430511475,0.36000001430511475,0.36000001430511475,0
2024-04-11 00:00:00+00:00,0.36000001430511475,0.36000001430511475,0.36000001430511475,0.36000001430511475,0
2024-04-12 00:00:00+00:00,0.36000001430511475,0.36000001430511475,0.36000001430511475,0.36000001430511475,0
2024-04-15 00:00:00+00:00,0.36000001430511475,0.36000001430511475,0.36000001430511475,0.36000001430511475,0
2024-04-16 00:00:00+00:00,0.36000001430511475,0.36000001430511475,0.36000001430511475,0.36000001430511475,0
2024-04-17 00:00:00+00:00,0.36000001430511475,0.36000001430511475,0.36000001430511475,0.36000001430511475,0
2024-04-18 00:00:00+00:00,0.36000001430511475,0.36000001430511475,0.36000001430511475,0.36000001430511475,0
2024-04-19 00:00:00+00:00,0.36000001430511475,0.36000001430511475,0.36000001430511475,0.36000001430511475,0
2024-04-22 00:00:00+00:00,0.36000001430511475,0.36000001430511475,0.36000001430511475,0.36000001430511475,0
2024-04-23 00:00:00+00:00,0.36000001430511475,0.36000001430511475,0.36000001430511475,0.36000001430511475,0
2024-04-24 00:00:00+00:00,0.36000001430511475,0.36000001430511475,0.36000001430511475,0.36000001430511475,0
2024-04-26 00:00:00+00:00,0.36000001430511475,0.36000001430511475,0.36000001430511475,0.36000001430511475,0
2024-04-29 00:00:00+00:00,0.36000001430511475,0.36000001430511475,0.36000001430511475,0.36000001430511475,0
2024-04-30 00:00:00+00:00,0.36000001430511475,0.36000001430511475,0.36000001430511475,0.36000001430511475,0
2024-05-01 00:00:00+00:00,0.36000001430511475,0.36000001430511475,0.36000001430511475,0.36000001430511475,0
2024-05-02 00:00:00+00:00,0.36000001430511475,0.36000001430511475,0.36000001430511475,0.36000001430511475,0
2024-05-03 00:00:00+00:00,0.36000001430511475,0.36000001430511475,0.36000001430511475,0.36000001430511475,0
2024-05-06 00:00:00+00:00,0.36000001430511475,0.36000001430511475,0.36000001430511475,0.36000001430511475,0
2024-05-07 00:00:00+00:00,0.36000001430511475,0.36000001430511475,0.36000001430511475,0.36000001430511475,0
2024-05-08 00:00:00+00:00,0.36000001430511475,0.36000001430511475,0.36000001430511475,0.36000001430511475,0
2024-05-09 00:00:00+00:00,0.36000001430511475,0.36000001430511475,0.36000001430511475,0.36000001430511475,0
2024-05-10 00:00:00+00:00,0.36000001430511475,0.36000001430511475,0.36000001430511475,0.36000001430511475,0
2024-05-13 00:00:00+00:00,0.36000001430511475,0.36000001430511475,0.36000001430511475,0.36000001430511475,0
2024-05-14 00:00:00+00:00,0.36000001430511475,0.36000001430511475,0.36000001430511475,0.36000001430511475,0
2024-05-15 00:00:00+00:00,0.36000001430511475,0.36000001430511475,0.36000001430511475,0.36000001430511475,0
2024-05-16 00:00:00+00:00,0.36000001430511475,0.36000001430511475,0.36000001430511475,0.36000001430511475,0
2024-05-17 00:00:00+00:00,0.36000001430511475,0.36000001430511475,0.36000001430511475,0.36000001430511475,0
2024-05-20 00:00:00+00:00,0.36000001430511475,0.36000001430511475,0.36000001430511475,0.36000001430511475,0
2024-05-21 00:00:00+00:00,0.36000001430511475,0.36000001430511475,0.36000001430511475,0.36000001430511475,0
2024-05-22 00:00:00+00:00,0.36000001430511475,0.36000001430511475,0.36000001430511475,0.36000001430511475,0
2024-05-23 00:00:00+00:00,0.36000001430511475,0.36000001430511475,0.36000001430511475,0.36000001430511475,0
2024-05-24 00:00:00+00:00,0.36000001430511475,0.36000001430511475,0.36000001430511475,0.36000001430511475,0
2024-05-27 00:00:00+00:00,0.36000001430511475,0.36000001430511475,0.36000001430511475,0.36000001430511475,0
2024-05-28 00:00:00+00:00,0.36000001430511475,0.36000001430511475,0.36000001430511475,0.36000001430511475,0
2024-05-29 00:00:00+00:00,0.36000001430511475,0.36000001430511475,0.36000001430511475,0.36000001430511475,0
2024-05-30 00:00:00+00:00,0.36000001430511475,0.36000001430511475,0.36000001430511475,0.36000001430511475,0
2024-05-31 00:00:00+00:00,0.36000001430511475,0.36000001430511475,0.36000001430511475,0.36000001430511475,0
2024-06-03 00:00:00+00:00,0.36000001430511475,0.36000001430511475,0.36000001430511475,0.36000001430511475,0
2024-06-04 00:00:00+00:00,0.36000001430511475,0.36000001430511475,0.36000001430511475,0.36000001430511475,0
2024-06-05 00:00:00+00:00,0.36000001430511475,0.36000001430511475,0.36000001430511475,0.36000001430511475,0
2024-06-06 00:00:00+00:00,0.36000001430511475,0.36000001430511475,0.36000001430511475,0.36000001430511475,0
2024-06-07 00:00:00+00:00,0.36000001430511475,0.36000001430511475,0.36000001430511475,0.36000001430511475,0
2024-06-11 00:00:00+00:00,0.36000001430511475,0.36000001430511475,0.36000001430511475,0.36000001430511475,0
2024-06-12 00:00:00+00:00,0.36000001430511475,0.36000001430511475,0.36000001430511475,0.36000001430511475,0
2024-06-13 00:00:00+00:00,0.36000001430511475,0.36000001430511475,0.36000001430511475,0.36000001430511475,0
2024-06-14 00:00:00+00:00,0.36000001430511475,0.36000001430511475,0.36000001430511475,0.36000001430511475,0
2024-06-17 00:00:00+00:00,0.36000001430511475,0.36000001430511475,0.36000001430511475,0.36000001430511475,0
2024-06-18 00:00:00+00:00,0.36000001430511475,0.36000001430511475,0.36000001430511475,0.36000001430511475,0
2024-06-19 00:00:00+00:00,0.36000001430511475,0.36000001430511475,0.36000001430511475,0.36000001430511475,0
2024-06-20 00:00:00+00:00,0.36000001430511475,0.36000001430511475,0.36000001430511475,0.36000001430511475,0
2024-06-21 00:00:00+00:00,0.36000001430511475,0.36000001430511475,0.36000001430511475,0.36000001430511475,0
2024-06-24 00:00:00+00:00,0.36000001430511475,0.36000001430511475,0.36000001430511475,0.36000001430511475,0
2024-06-25 00:00:00+00:00,0.36000001430511475,0.36000001430511475,0.36000001430511475,0.36000001430511475,0
2024-06-26 00:00:00+00:00,0.36000001430511475,0.36000001430511475,0.36000001430511475,0.36000001430511475,0
2024-06-27 00:00:00+00:00,0.36000001430511475,0.36000001430511475,0.36000001430511475,0.36000001430511475,0
2024-06-28 00:00:00+00:00,0.36000001430511475,0.36000001430511475,0.36000001430511475,0.36000001430511475,0
2024-07-01 00:00:00+00:00,0.36000001430511475,0.36000001430511475,0.36000001430511475,0.36000001430511475,0
2024-07-02 00:00:00+00:00,0.36000001430511475,0.36000001430511475,0.36000001430511475,0.36000001430511475,0
2024-07-03 00:00:00+00:00,0.36000001430511475,0.36000001430511475,0.36000001430511475,0.36000001430511475,0
2024-07-04 00:00:00+00:00,0.36000001430511475,0.36000001430511475,0.36000001430511475,0.36000001430511475,0
2024-07-05 00:00:00+00:00,0.36000001430511475,0.36000001430511475,0.36000001430511475,0.36000001430511475,0
2024-07-08 00:00:00+00:00,0.36000001430511475,0.36000001430511475,0.36000001430511475,0.36000001430511475,0
2024-07-09 00:00:00+00:00,0.36000001430511475,0.36000001430511475,0.36000001430511475,0.36000001430511475,0
2024-07-10 00:00:00+00:00,0.36000001430511475,0.36000001430511475,0.36000001430511475,0.36000001430511475,0
2024-07-11 00:00:00+00:00,0.36000001430511475,0.36000001430511475,0.36000001430511475,0.36000001430511475,0
2024-07-12 00:00:00+00:00,0.36000001430511475,0.36000001430511475,0.36000001430511475,0.36000001430511475,0
2024-07-15 00:00:00+00:00,0.36000001430511475,0.36000001430511475,0.36000001430511475,0.36000001430511475,0
2024-07-16 00:00:00+00:00,0.36000001430511475,0.36000001430511475,0.36000001430511475,0.36000001430511475,0
2024-07-17 00:00:00+00:00,0.36000001430511475,0.36000001430511475,0.36000001430511475,0.36000001430511475,0
2024-07-18 00:00:00+00:00,0.36000001430511475,0.36000001430511475,0.36000001430511475,0.36000001430511475,0
2024-07-19 00:00:00+00:00,0.36000001430511475,0.36000001430511475,0.36000001430511475,0.36000001430511475,0
2024-07-22 00:00:00+00:00,0.36000001430511475,0.36000001430511475,0.36000001430511475,0.36000001430511475,0
2024-07-23 00:00:00+00:00,0.36000001430511475,0.36000001430511475,0.36000001430511475,0.36000001430511475,0
2024-07-24 00:00:00+00:00,0.36000001430511475,0.36000001430511475,0.36000001430511475,0.36000001430511475,0
2024-07-25 00:00:00+00:00,0.36000001430511475,0.36000001430511475,0.36000001430511475,0.36000001430511475,0
2024-07-26 00:00:00+00:00,0.36000001430511475,0.36000001430511475,0.36000001430511475,0.36000001430511475,0
2024-07-29 00:00:00+00:00,0.36000001430511475,0.36000001430511475,0.36000001430511475,0.36000001430511475,0
2024-07-30 00:00:00+00:00,0.36000001430511475,0.36000001430511475,0.36000001430511475,0.36000001430511475,0
2024-07-31 00:00:00+00:00,0.36000001430511475,0.36000001430511475,0.36000001430511475,0.36000001430511475,0
2024-08-01 00:00:00+00:00,0.36000001430511475,0.36000001430511475,0.36000001430511475,0.36000001430511475,0
2024-08-02 00:00:00+00:00,0.36000001430511475,0.36000001430511475,0.36000001430511475,0.36000001430511475,0
2024-08-05 00:00:00+00:00,0.2864859998226166,0.2864859998226166,0.2864859998226166,0.2864859998226166,0
2024-08-06 00:00:00+00:00,0.2864859998226166,0.2864859998226166,0.2864859998226166,0.2864859998226166,0
2024-08-07 00:00:00+00:00,0.2864859998226166,0.2864859998226166,0.2864859998226166,0.2864859998226166,0
2024-08-08 00:00:00+00:00,0.2864859998226166,0.2864859998226166,0.2864859998226166,0.2864859998226166,0
2024-08-09 00:00:00+00:00,0.2864859998226166,0.2864859998226166,0.2864859998226166,0.2864859998226166,0
2024-08-12 00:00:00+00:00,0.36000001430511475,0.36000001430511475,0.36000001430511475,0.36000001430511475,0
2024-08-13 00:00:00+00:00,0.2864859998226166,0.2864859998226166,0.2864859998226166,0.2864859998226166,0
2024-08-14 00:00:00+00:00,0.2864859998226166,0.2864859998226166,0.2864859998226166,0.2864859998226166,0
2024-08-15 00:00:00+00:00,0.2864859998226166,0.2864859998226166,0.2864859998226166,0.2864859998226166,0
2024-08-16 00:00:00+00:00,0.2864859998226166,0.2864859998226166,0.2864859998226166,0.2864859998226166,0
2024-08-19 00:00:00+00:00,0.2864859998226166,0.2864859998226166,0.2864859998226166,0.2864859998226166,0
2024-08-20 00:00:00+00:00,0.2864859998226166,0.2864859998226166,0.2864859998226166,0.2864859998226166,0
2024-08-21 00:00:00+00:00,0.2864859998226166,0.2864859998226166,0.2864859998226166,0.2864859998226166,0
2024-08-22 00:00:00+00:00,0.28648999333381653,0.28648999333381653,0.28648999333381653,0.28648999333381653,0
2024-08-23 00:00:00+00:00,0.28648999333381653,0.28648999333381653,0.28648999333381653,0.28648999333381653,0
2024-08-26 00:00:00+00:00,0.28648999333381653,0.28648999333381653,0.28648999333381653,0.28648999333381653,0
2024-08-27 00:00:00+00:00,0.28648999333381653,0.28648999333381653,0.28648999333381653,0.28648999333381653,0
2024-08-28 00:00:00+00:00,0.28648999333381653,0.28648999333381653,0.28648999333381653,0.28648999333381653,0
2024-08-29 00:00:00+00:00,0.28648999333381653,0.28648999333381653,0.28648999333381653,0.28648999333381653,0
2024-08-30 00:00:00+00:00,0.28648999333381653,0.28648999333381653,0.28648999333381653,0.28648999333381653,0
2024-09-02 00:00:00+00:00,0.28648999333381653,0.28648999333381653,0.28648999333381653,0.28648999333381653,0
2024-09-03 00:00:00+00:00,0.28648999333381653,0.28648999333381653,0.28648999333381653,0.28648999333381653,0
2024-09-04 00:00:00+00:00,0.28648999333381653,0.28648999333381653,0.28648999333381653,0.28648999333381653,0
2024-09-05 00:00:00+00:00,0.28648999333381653,0.28648999333381653,0.28648999333381653,0.28648999333381653,0
2024-09-06 00:00:00+00:00,0.28648999333381653,0.28648999333381653,0.28648999333381653,0.28648999333381653,0
2024-09-09 00:00:00+00:00,0.28648999333381653,0.28648999333381653,0.28648999333381653,0.28648999333381653,0
2024-09-10 00:00:00+00:00,0.28648999333381653,0.28648999333381653,0.28648999333381653,0.28648999333381653,0
2024-09-11 00:00:00+00:00,0.28648999333381653,0.28648999333381653,0.28648999333381653,0.28648999333381653,0
2024-09-12 00:00:00+00:00,0.28648999333381653,0.28648999333381653,0.28648999333381653,0.28648999333381653,0
2024-09-13 00:00:00+00:00,0.28648999333381653,0.28648999333381653,0.28648999333381653,0.28648999333381653,0
2024-09-16 00:00:00+00:00,0.28648999333381653,0.28648999333381653,0.28648999333381653,0.28648999333381653,0
2024-09-17 00:00:00+00:00,0.28648999333381653,0.28648999333381653,0.28648999333381653,0.28648999333381653,0
2024-09-18 00:00:00+00:00,0.28648999333381653,0.28648999333381653,0.28648999333381653,0.28648999333381653,0
2024-09-19 00:00:00+00:00,0.28648999333381653,0.28648999333381653,0.28648999333381653,0.28648999333381653,0
2024-09-20 00:00:00+00:00,0.28648999333381653,0.28648999333381653,0.28648999333381653,0.28648999333381653,0
2024-09-23 00:00:00+00:00,0.28648999333381653,0.28648999333381653,0.28648999333381653,0.28648999333381653,0
2024-09-24 00:00:00+00:00,0.28648999333381653,0.28648999333381653,0.28648999333381653,0.28648999333381653,0
2024-09-25 00:00:00+00:00,0.28648999333381653,0.28648999333381653,0.28648999333381653,0.28648999333381653,0
2024-09-26 00:00:00+00:00,0.28648999333381653,0.28648999333381653,0.28648999333381653,0.28648999333381653,0
2024-09-27 00:00:00+00:00,0.28648999333381653,0.28648999333381653,0.28648999333381653,0.28648999333381653,0
2024-09-30 00:00:00+00:00,0.28648999333381653,0.28648999333381653,0.28648999333381653,0.28648999333381653,0
2024-10-01 00:00:00+00:00,0.28648999333381653,0.28648999333381653,0.28648999333381653,0.28648999333381653,0
2024-10-02 00:00:00+00:00,0.28648999333381653,0.28648999333381653,0.28648999333381653,0.28648999333381653,0
2024-10-03 00:00:00+00:00,0.28648999333381653,0.28648999333381653,0.28648999333381653,0.28648999333381653,0
2024-10-04 00:00:00+00:00,0.28648999333381653,0.28648999333381653,0.28648999333381653,0.28648999333381653,0
2024-10-07 00:00:00+00:00,0.28648999333381653,0.28648999333381653,0.28648999333381653,0.28648999333381653,0
2024-10-08 00:00:00+00:00,0.28648999333381653,0.28648999333381653,0.28648999333381653,0.28648999333381653,0
2024-10-09 00:00:00+00:00,0.28648999333381653,0.28648999333381653,0.28648999333381653,0.28648999333381653,0
2024-10-10 00:00:00+00:00,0.28648999333381653,0.28648999333381653,0.28648999333381653,0.28648999333381653,0
2024-10-11 00:00:00+00:00,0.28648999333381653,0.28648999333381653,0.28648999333381653,0.28648999333381653,0
2024-10-14 00:00:00+00:00,0.28648999333381653,0.28648999333381653,0.28648999333381653,0.28648999333381653,0
2024-10-15 00:00:00+00:00,0.28648999333381653,0.28648999333381653,0.28648999333381653,0.28648999333381653,0
2024-10-16 00:00:00+00:00,0.28648999333381653,0.28648999333381653,0.28648999333381653,0.28648999333381653,0
2024-10-17 00:00:00+00:00,0.28648999333381653,0.28648999333381653,0.28648999333381653,0.28648999333381653,0
2024-10-18 00:00:00+00:00,0.28648999333381653,0.28648999333381653,0.28648999333381653,0.28648999333381653,0
2024-10-21 00:00:00+00:00,0.28648999333381653,0.28648999333381653,0.28648999333381653,0.28648999333381653,0
2024-10-22 00:00:00+00:00,0.28648999333381653,0.28648999333381653,0.28648999333381653,0.28648999333381653,0
2024-10-23 00:00:00+00:00,0.28648999333381653,0.28648999333381653,0.28648999333381653,0.28648999333381653,0
2024-10-24 00:00:00+00:00,0.28648999333381653,0.28648999333381653,0.28648999333381653,0.28648999333381653,0
2024-10-25 00:00:00+00:00,0.20999999344348907,0.25,0.20499999821186066,0.23000000417232513,546895
2024-10-28 00:00:00+00:00,0.2199999988079071,0.23000000417232513,0.19499999284744263,0.20499999821186066,1066493
2024-10-29 00:00:00+00:00,0.20499999821186066,0.20499999821186066,0.20000000298023224,0.20499999821186066,52257
2024-10-30 00:00:00+00:00,0.20000000298023224,0.20000000298023224,0.19499999284744263,0.20000000298023224,75456
2024-10-31 00:00:00+00:00,0.20000000298023224,0.2199999988079071,0.20000000298023224,0.20000000298023224,104132
2024-11-01 00:00:00+00:00,0.20000000298023224,0.20499999821186066,0.20000000298023224,0.20000000298023224,85391
2024-11-04 00:00:00+00:00,0.20499999821186066,0.20499999821186066,0.1899999976158142,0.1899999976158142,56859
2024-11-05 00:00:00+00:00,0.20499999821186066,0.20999999344348907,0.20000000298023224,0.20000000298023224,12823
2024-11-06 00:00:00+00:00,0.20499999821186066,0.20499999821186066,0.1899999976158142,0.1899999976158142,305264
2024-11-07 00:00:00+00:00,0.19499999284744263,0.20000000298023224,0.1899999976158142,0.20000000298023224,17452
2024-11-08 00:00:00+00:00,0.20000000298023224,0.20000000298023224,0.20000000298023224,0.20000000298023224,50
2024-11-11 00:00:00+00:00,0.20000000298023224,0.20000000298023224,0.18000000715255737,0.1899999976158142,51381
2024-11-12 00:00:00+00:00,0.17499999701976776,0.1899999976158142,0.17499999701976776,0.1899999976158142,23402
2024-11-13 00:00:00+00:00,0.1899999976158142,0.1899999976158142,0.1899999976158142,0.1899999976158142,130
2024-11-14 00:00:00+00:00,0.1850000023841858,0.19499999284744263,0.1850000023841858,0.19499999284744263,107770
2024-11-15 00:00:00+00:00,0.19499999284744263,0.19499999284744263,0.1850000023841858,0.1850000023841858,147572
2024-11-18 00:00:00+00:00,0.20000000298023224,0.20999999344348907,0.19499999284744263,0.20000000298023224,326995
2024-11-19 00:00:00+00:00,0.20000000298023224,0.20499999821186066,0.20000000298023224,0.20000000298023224,399343
2024-11-20 00:00:00+00:00,0.20499999821186066,0.2150000035762787,0.20499999821186066,0.2150000035762787,261231
2024-11-21 00:00:00+00:00,0.2199999988079071,0.22499999403953552,0.2199999988079071,0.22499999403953552,361418
2024-11-22 00:00:00+00:00,0.2199999988079071,0.22499999403953552,0.2199999988079071,0.2199999988079071,15973
2024-11-25 00:00:00+00:00,0.20000000298023224,0.20499999821186066,0.20000000298023224,0.20499999821186066,66644
2024-11-26 00:00:00+00:00,0.20499999821186066,0.20499999821186066,0.20499999821186066,0.20499999821186066,4204
2024-11-27 00:00:00+00:00,0.20999999344348907,0.20999999344348907,0.20000000298023224,0.20000000298023224,242733
2024-11-28 00:00:00+00:00,0.20499999821186066,0.20499999821186066,0.20000000298023224,0.20000000298023224,30000
2024-11-29 00:00:00+00:00,0.20499999821186066,0.20999999344348907,0.19499999284744263,0.20999999344348907,7777
2024-12-02 00:00:00+00:00,0.20999999344348907,0.20999999344348907,0.20999999344348907,0.20999999344348907,1166
2024-12-03 00:00:00+00:00,0.20999999344348907,0.20999999344348907,0.20999999344348907,0.20999999344348907,0
2024-12-04 00:00:00+00:00,0.20000000298023224,0.20999999344348907,0.19499999284744263,0.20000000298023224,400359
2024-12-05 00:00:00+00:00,0.20000000298023224,0.20000000298023224,0.19499999284744263,0.19499999284744263,85148
2024-12-06 00:00:00+00:00,0.20000000298023224,0.20000000298023224,0.19499999284744263,0.19499999284744263,100842
2024-12-09 00:00:00+00:00,0.20000000298023224,0.20250000059604645,0.20000000298023224,0.20000000298023224,30167
2024-12-10 00:00:00+00:00,0.1899999976158142,0.1899999976158142,0.1850000023841858,0.1850000023841858,39098
2024-12-11 00:00:00+00:00,0.20000000298023224,0.20000000298023224,0.1899999976158142,0.1899999976158142,180268
2024-12-12 00:00:00+00:00,0.1899999976158142,0.19249999523162842,0.18000000715255737,0.1899999976158142,44810
2024-12-13 00:00:00+00:00,0.1899999976158142,0.1899999976158142,0.1899999976158142,0.1899999976158142,2
2024-12-16 00:00:00+00:00,0.1899999976158142,0.1899999976158142,0.18000000715255737,0.18000000715255737,3954
2024-12-17 00:00:00+00:00,0.18000000715255737,0.1899999976158142,0.18000000715255737,0.1850000023841858,111288
2024-12-18 00:00:00+00:00,0.1899999976158142,0.1899999976158142,0.1850000023841858,0.1850000023841858,2053
2024-12-19 00:00:00+00:00,0.18000000715255737,0.1850000023841858,0.18000000715255737,0.18000000715255737,2291
2024-12-20 00:00:00+00:00,0.1850000023841858,0.1899999976158142,0.18000000715255737,0.18000000715255737,50543
2024-12-23 00:00:00+00:00,0.1850000023841858,0.1850000023841858,0.18000000715255737,0.18000000715255737,50043
2024-12-24 00:00:00+00:00,0.18000000715255737,0.18000000715255737,0.18000000715255737,0.18000000715255737,0
2024-12-27 00:00:00+00:00,0.1850000023841858,0.19499999284744263,0.1850000023841858,0.19499999284744263,2805
2024-12-30 00:00:00+00:00,0.19499999284744263,0.20000000298023224,0.19499999284744263,0.19499999284744263,52475
2024-12-31 00:00:00+00:00,0.20000000298023224,0.20000000298023224,0.19499999284744263,0.20000000298023224,31655
2025-01-02 00:00:00+00:00,0.20000000298023224,0.20000000298023224,0.20000000298023224,0.20000000298023224,1046
2025-01-03 00:00:00+00:00,0.20000000298023224,0.20000000298023224,0.20000000298023224,0.20000000298023224,738
2025-01-06 00:00:00+00:00,0.20000000298023224,0.20499999821186066,0.19499999284744263,0.20000000298023224,322471
2025-01-07 00:00:00+00:00,0.20000000298023224,0.20000000298023224,0.20000000298023224,0.20000000298023224,305812
2025-01-08 00:00:00+00:00,0.20000000298023224,0.20000000298023224,0.19499999284744263,0.20000000298023224,116851
2025-01-09 00:00:00+00:00,0.20000000298023224,0.20999999344348907,0.20000000298023224,0.20999999344348907,260000
2025-01-10 00:00:00+00:00,0.2150000035762787,0.2199999988079071,0.20000000298023224,0.20000000298023224,170890
2025-01-13 00:00:00+00:00,0.20000000298023224,0.20000000298023224,0.20000000298023224,0.20000000298023224,143
2025-01-14 00:00:00+00:00,0.20499999821186066,0.20999999344348907,0.20000000298023224,0.20000000298023224,162008
2025-01-15 00:00:00+00:00,0.20000000298023224,0.20499999821186066,0.19499999284744263,0.20000000298023224,73064
2025-01-16 00:00:00+00:00,0.20499999821186066,0.20999999344348907,0.20000000298023224,0.20000000298023224,20570
2025-01-17 00:00:00+00:00,0.20000000298023224,0.2199999988079071,0.20000000298023224,0.20000000298023224,92860
2025-01-20 00:00:00+00:00,0.20000000298023224,0.20000000298023224,0.19499999284744263,0.20000000298023224,7100
2025-01-21 00:00:00+00:00,0.20000000298023224,0.20000000298023224,0.20000000298023224,0.20000000298023224,5000
2025-01-22 00:00:00+00:00,0.20499999821186066,0.20499999821186066,0.20000000298023224,0.20000000298023224,13840
2025-01-23 00:00:00+00:00,0.20000000298023224,0.20000000298023224,0.20000000298023224,0.20000000298023224,0
2025-01-24 00:00:00+00:00,0.20499999821186066,0.20499999821186066,0.20499999821186066,0.20499999821186066,5
2025-01-28 00:00:00+00:00,0.20999999344348907,0.2150000035762787,0.20999999344348907,0.2150000035762787,120
2025-01-29 00:00:00+00:00,0.2199999988079071,0.2199999988079071,0.19499999284744263,0.2150000035762787,97253
2025-01-30 00:00:00+00:00,0.20000000298023224,0.20000000298023224,0.20000000298023224,0.20000000298023224,158659
2025-01-31 00:00:00+00:00,0.20000000298023224,0.20000000298023224,0.20000000298023224,0.20000000298023224,91111
2025-02-03 00:00:00+00:00,0.20000000298023224,0.20000000298023224,0.20000000298023224,0.20000000298023224,0
2025-02-04 00:00:00+00:00,0.20000000298023224,0.20000000298023224,0.20000000298023224,0.20000000298023224,0
2025-02-05 00:00:00+00:00,0.1899999976158142,0.23000000417232513,0.1899999976158142,0.2199999988079071,291035
2025-02-06 00:00:00+00:00,0.22499999403953552,0.22499999403953552,0.2199999988079071,0.2199999988079071,5873
2025-02-07 00:00:00+00:00,0.2199999988079071,0.2199999988079071,0.2199999988079071,0.2199999988079071,124702
2025-02-10 00:00:00+00:00,0.2199999988079071,0.2199999988079071,0.2199999988079071,0.2199999988079071,10000
2025-02-11 00:00:00+00:00,0.23000000417232513,0.23000000417232513,0.2199999988079071,0.2199999988079071,16748
2025-02-12 00:00:00+00:00,0.2199999988079071,0.2199999988079071,0.21250000596046448,0.2199999988079071,138555
2025-02-13 00:00:00+00:00,0.2199999988079071,0.2199999988079071,0.20000000298023224,0.20000000298023224,132581
2025-02-14 00:00:00+00:00,0.20499999821186066,0.20499999821186066,0.20000000298023224,0.20000000298023224,187663
2025-02-17 00:00:00+00:00,0.20499999821186066,0.20499999821186066,0.20000000298023224,0.20000000298023224,195000
2025-02-18 00:00:00+00:00,0.20999999344348907,0.20999999344348907,0.20999999344348907,0.20999999344348907,6
2025-02-19 00:00:00+00:00,0.20499999821186066,0.20499999821186066,0.20000000298023224,0.20000000298023224,30024
2025-02-20 00:00:00+00:00,0.20000000298023224,0.20000000298023224,0.20000000298023224,0.20000000298023224,11626
2025-02-21 00:00:00+00:00,0.20499999821186066,0.2150000035762787,0.20000000298023224,0.20000000298023224,126442
2025-02-24 00:00:00+00:00,0.20000000298023224,0.20999999344348907,0.20000000298023224,0.20999999344348907,19844
2025-02-25 00:00:00+00:00,0.20000000298023224,0.20000000298023224,0.20000000298023224,0.20000000298023224,500
2025-02-26 00:00:00+00:00,0.2150000035762787,0.2150000035762787,0.1850000023841858,0.1850000023841858,258348
2025-02-27 00:00:00+00:00,0.1899999976158142,0.19499999284744263,0.18000000715255737,0.18000000715255737,77190
2025-02-28 00:00:00+00:00,0.18000000715255737,0.18000000715255737,0.17499999701976776,0.17499999701976776,45036
2025-03-03 00:00:00+00:00,0.18000000715255737,0.18000000715255737,0.17499999701976776,0.17499999701976776,101070
2025-03-04 00:00:00+00:00,0.17499999701976776,0.17499999701976776,0.17499999701976776,0.17499999701976776,0
2025-03-05 00:00:00+00:00,0.17000000178813934,0.17000000178813934,0.15000000596046448,0.15000000596046448,2765
2025-03-06 00:00:00+00:00,0.15000000596046448,0.15000000596046448,0.15000000596046448,0.15000000596046448,706
2025-03-07 00:00:00+00:00,0.15000000596046448,0.15000000596046448,0.15000000596046448,0.15000000596046448,97
2025-03-10 00:00:00+00:00,0.15000000596046448,0.15000000596046448,0.15000000596046448,0.15000000596046448,1297
2025-03-11 00:00:00+00:00,0.15000000596046448,0.15000000596046448,0.15000000596046448,0.15000000596046448,11843
2025-03-12 00:00:00+00:00,0.15000000596046448,0.15000000596046448,0.15000000596046448,0.15000000596046448,2900
2025-03-13 00:00:00+00:00,0.15000000596046448,0.15000000596046448,0.15000000596046448,0.15000000596046448,3021
2025-03-14 00:00:00+00:00,0.15000000596046448,0.15000000596046448,0.15000000596046448,0.15000000596046448,40020
2025-03-17 00:00:00+00:00,0.15000000596046448,0.15000000596046448,0.15000000596046448,0.15000000596046448,32
2025-03-18 00:00:00+00:00,0.15000000596046448,0.15000000596046448,0.15000000596046448,0.15000000596046448,17
2025-03-19 00:00:00+00:00,0.15000000596046448,0.1550000011920929,0.15000000596046448,0.15000000596046448,95699
2025-03-20 00:00:00+00:00,0.15000000596046448,0.15000000596046448,0.14499999582767487,0.14499999582767487,90208
2025-03-21 00:00:00+00:00,0.14499999582767487,0.14499999582767487,0.14499999582767487,0.14499999582767487,0
2025-03-24 00:00:00+00:00,0.14499999582767487,0.14499999582767487,0.14499999582767487,0.14499999582767487,320
2025-03-25 00:00:00+00:00,0.15000000596046448,0.15000000596046448,0.14499999582767487,0.14499999582767487,50000
2025-03-26 00:00:00+00:00,0.15000000596046448,0.15000000596046448,0.12999999523162842,0.14000000059604645,387738
2025-03-27 00:00:00+00:00,0.14000000059604645,0.14000000059604645,0.14000000059604645,0.14000000059604645,0
2025-03-28 00:00:00+00:00,0.13500000536441803,0.13500000536441803,0.13500000536441803,0.13500000536441803,2528
2025-03-31 00:00:00+00:00,0.13500000536441803,0.14499999582767487,0.12999999523162842,0.14499999582767487,144249
2025-04-01 00:00:00+00:00,0.14499999582767487,0.14499999582767487,0.13500000536441803,0.13500000536441803,3541
2025-04-02 00:00:00+00:00,0.13500000536441803,0.13500000536441803,0.12999999523162842,0.12999999523162842,190085
2025-04-03 00:00:00+00:00,0.12999999523162842,0.12999999523162842,0.125,0.125,40000
2025-04-04 00:00:00+00:00,0.125,0.125,0.125,0.125,0
2025-04-07 00:00:00+00:00,0.125,0.125,0.125,0.125,30564
2025-04-08 00:00:00+00:00,0.11999999731779099,0.11999999731779099,0.11999999731779099,0.11999999731779099,10000
2025-04-09 00:00:00+00:00,0.11999999731779099,0.11999999731779099,0.11999999731779099,0.11999999731779099,31
2025-04-10 00:00:00+00:00,0.11999999731779099,0.11999999731779099,0.11999999731779099,0.11999999731779099,0
2025-04-11 00:00:00+00:00,0.11999999731779099,0.11999999731779099,0.11500000208616257,0.11500000208616257,37
2025-04-14 00:00:00+00:00,0.10999999940395355,0.10999999940395355,0.10999999940395355,0.10999999940395355,20
2025-04-15 00:00:00+00:00,0.10999999940395355,0.10999999940395355,0.10999999940395355,0.10999999940395355,0
2025-04-16 00:00:00+00:00,0.10999999940395355,0.10999999940395355,0.10999999940395355,0.10999999940395355,9324
2025-04-17 00:00:00+00:00,0.10999999940395355,0.10999999940395355,0.10999999940395355,0.10999999940395355,9
2025-04-22 00:00:00+00:00,0.10999999940395355,0.10999999940395355,0.10999999940395355,0.10999999940395355,36792
2025-04-23 00:00:00+00:00,0.10999999940395355,0.10999999940395355,0.10999999940395355,0.10999999940395355,10059
2025-04-24 00:00:00+00:00,0.10999999940395355,0.10999999940395355,0.10999999940395355,0.10999999940395355,15
2025-04-28 00:00:00+00:00,0.10999999940395355,0.10999999940395355,0.10999999940395355,0.10999999940395355,96
2025-04-29 00:00:00+00:00,0.10999999940395355,0.1599999964237213,0.10999999940395355,0.1599999964237213,189271
2025-04-30 00:00:00+00:00,0.1599999964237213,0.1599999964237213,0.13500000536441803,0.13500000536441803,212436
2025-05-01 00:00:00+00:00,0.14000000059604645,0.14000000059604645,0.13500000536441803,0.13500000536441803,10736
2025-05-02 00:00:00+00:00,0.13500000536441803,0.13500000536441803,0.13500000536441803,0.13500000536441803,0
2025-05-05 00:00:00+00:00,0.13500000536441803,0.13500000536441803,0.13500000536441803,0.13500000536441803,199
2025-05-06 00:00:00+00:00,0.11999999731779099,0.125,0.10000000149011612,0.125,184256
2025-05-07 00:00:00+00:00,0.125,0.125,0.125,0.125,61
2025-05-08 00:00:00+00:00,0.125,0.13500000536441803,0.11999999731779099,0.13500000536441803,13960
2025-05-09 00:00:00+00:00,0.14000000059604645,0.14000000059604645,0.14000000059604645,0.14000000059604645,184
2025-05-12 00:00:00+00:00,0.14000000059604645,0.14000000059604645,0.14000000059604645,0.14000000059604645,0
2025-05-13 00:00:00+00:00,0.14000000059604645,0.14000000059604645,0.13500000536441803,0.13500000536441803,85126
2025-05-14 00:00:00+00:00,0.13500000536441803,0.14000000059604645,0.13500000536441803,0.13500000536441803,20232
2025-05-15 00:00:00+00:00,0.14000000059604645,0.14000000059604645,0.14000000059604645,0.14000000059604645,64
2025-05-16 00:00:00+00:00,0.15000000596046448,0.1599999964237213,0.15000000596046448,0.1599999964237213,27358
2025-05-19 00:00:00+00:00,0.1599999964237213,0.1599999964237213,0.15000000596046448,0.1599999964237213,78542
2025-05-20 00:00:00+00:00,0.1599999964237213,0.1599999964237213,0.1599999964237213,0.1599999964237213,41
2025-05-21 00:00:00+00:00,0.1599999964237213,0.1599999964237213,0.15000000596046448,0.1599999964237213,699002
2025-05-22 00:00:00+00:00,0.1599999964237213,0.17499999701976776,0.15000000596046448,0.1599999964237213,49589
2025-05-23 00:00:00+00:00,0.1550000011920929,0.19499999284744263,0.1550000011920929,0.19499999284744263,346077
2025-05-26 00:00:00+00:00,0.19499999284744263,0.19499999284744263,0.16500000655651093,0.16500000655651093,25229
2025-05-27 00:00:00+00:00,0.1599999964237213,0.1599999964237213,0.12999999523162842,0.15000000596046448,182911
2025-05-28 00:00:00+00:00,0.14000000059604645,0.1550000011920929,0.14000000059604645,0.1550000011920929,91158
2025-05-29 00:00:00+00:00,0.1550000011920929,0.1550000011920929,0.1550000011920929,0.1550000011920929,0
2025-05-30 00:00:00+00:00,0.1550000011920929,0.1550000011920929,0.125,0.12999999523162842,36159
2025-06-02 00:00:00+00:00,0.12999999523162842,0.12999999523162842,0.12999999523162842,0.12999999523162842,960
2025-06-03 00:00:00+00:00,0.12999999523162842,0.12999999523162842,0.12999999523162842,0.12999999523162842,0
2025-06-04 00:00:00+00:00,0.12999999523162842,0.12999999523162842,0.12999999523162842,0.12999999523162842,16
2025-06-05 00:00:00+00:00,0.12999999523162842,0.12999999523162842,0.12999999523162842,0.12999999523162842,0
2025-06-06 00:00:00+00:00,0.12999999523162842,0.12999999523162842,0.125,0.125,5398
2025-06-10 00:00:00+00:00,0.125,0.14000000059604645,0.125,0.14000000059604645,47235
2025-06-11 00:00:00+00:00,0.14000000059604645,0.14000000059604645,0.13500000536441803,0.13500000536441803,60661
2025-06-12 00:00:00+00:00,0.13500000536441803,0.13500000536441803,0.125,0.13500000536441803,59056
2025-06-13 00:00:00+00:00,0.12999999523162842,0.13500000536441803,0.12999999523162842,0.12999999523162842,100073
2025-06-16 00:00:00+00:00,0.12999999523162842,0.12999999523162842,0.125,0.125,42533
2025-06-17 00:00:00+00:00,0.125,0.125,0.11999999731779099,0.11999999731779099,182989
2025-06-18 00:00:00+00:00,0.11999999731779099,0.11999999731779099,0.11999999731779099,0.11999999731779099,87
2025-06-19 00:00:00+00:00,0.11999999731779099,0.14000000059604645,0.11500000208616257,0.14000000059604645,32764
2025-06-20 00:00:00+00:00,0.14000000059604645,0.14000000059604645,0.14000000059604645,0.14000000059604645,10000
2025-06-23 00:00:00+00:00,0.14000000059604645,0.14000000059604645,0.13500000536441803,0.13500000536441803,15734
2025-06-24 00:00:00+00:00,0.13500000536441803,0.13500000536441803,0.10999999940395355,0.10999999940395355,25245
2025-06-25 00:00:00+00:00,0.11999999731779099,0.11999999731779099,0.11999999731779099,0.11999999731779099,3750
2025-06-26 00:00:00+00:00,0.11999999731779099,0.11999999731779099,0.11999999731779099,0.11999999731779099,854
2025-06-27 00:00:00+00:00,0.125,0.125,0.125,0.125,1381
2025-06-30 00:00:00+00:00,0.12999999523162842,0.12999999523162842,0.125,0.125,92910
2025-07-01 00:00:00+00:00,0.125,0.125,0.125,0.125,0
2025-07-02 00:00:00+00:00,0.125,0.125,0.125,0.125,0
2025-07-03 00:00:00+00:00,0.125,0.125,0.10999999940395355,0.10999999940395355,38867
2025-07-04 00:00:00+00:00,0.11999999731779099,0.11999999731779099,0.11999999731779099,0.11999999731779099,62016
2025-07-07 00:00:00+00:00,0.13500000536441803,0.13500000536441803,0.13500000536441803,0.13500000536441803,70504
2025-07-08 00:00:00+00:00,0.13500000536441803,0.13500000536441803,0.13500000536441803,0.13500000536441803,4742
2025-07-09 00:00:00+00:00,0.13500000536441803,0.13500000536441803,0.13500000536441803,0.13500000536441803,23907
2025-07-10 00:00:00+00:00,0.13500000536441803,0.13500000536441803,0.13500000536441803,0.13500000536441803,0
2025-07-11 00:00:00+00:00,0.13500000536441803,0.13500000536441803,0.13500000536441803,0.13500000536441803,0
2025-07-14 00:00:00+00:00,0.13500000536441803,0.13500000536441803,0.13500000536441803,0.13500000536441803,0
2025-07-15 00:00:00+00:00,0.14000000059604645,0.14000000059604645,0.14000000059604645,0.14000000059604645,1000
2025-07-16 00:00:00+00:00,0.14000000059604645,0.14000000059604645,0.14000000059604645,0.14000000059604645,71878
2025-07-17 00:00:00+00:00,0.14000000059604645,0.14000000059604645,0.14000000059604645,0.14000000059604645,0
2025-07-18 00:00:00+00:00,0.14000000059604645,0.14000000059604645,0.14000000059604645,0.14000000059604645,360
2025-07-21 00:00:00+00:00,0.14000000059604645,0.14000000059604645,0.13500000536441803,0.13500000536441803,50088
2025-07-22 00:00:00+00:00,0.14000000059604645,0.14000000059604645,0.12999999523162842,0.12999999523162842,75010
2025-07-23 00:00:00+00:00,0.12999999523162842,0.12999999523162842,0.12999999523162842,0.12999999523162842,141
2025-07-24 00:00:00+00:00,0.12999999523162842,0.12999999523162842,0.12999999523162842,0.12999999523162842,0
2025-07-25 00:00:00+00:00,0.12999999523162842,0.12999999523162842,0.12999999523162842,0.12999999523162842,0
2025-07-28 00:00:00+00:00,0.12999999523162842,0.12999999523162842,0.125,0.125,21045
2025-07-29 00:00:00+00:00,0.125,0.125,0.125,0.125,11
2025-07-30 00:00:00+00:00,0.125,0.125,0.125,0.125,57000
2025-07-31 00:00:00+00:00,0.14000000059604645,0.14000000059604645,0.14000000059604645,0.14000000059604645,10141
2025-08-01 00:00:00+00:00,0.13500000536441803,0.13500000536441803,0.13500000536441803,0.13500000536441803,15
2025-08-04 00:00:00+00:00,0.13500000536441803,0.13500000536441803,0.13500000536441803,0.13500000536441803,1
2025-08-05 00:00:00+00:00,0.13500000536441803,0.13500000536441803,0.13500000536441803,0.13500000536441803,238
2025-08-06 00:00:00+00:00,0.13500000536441803,0.13500000536441803,0.13500000536441803,0.13500000536441803,99
2025-08-07 00:00:00+00:00,0.13500000536441803,0.13500000536441803,0.13500000536441803,0.13500000536441803,1
2025-08-08 00:00:00+00:00,0.13500000536441803,0.13500000536441803,0.13500000536441803,0.13500000536441803,0
2025-08-11 00:00:00+00:00,0.13500000536441803,0.14499999582767487,0.13500000536441803,0.14000000059604645,132536
2025-08-12 00:00:00+00:00,0.14000000059604645,0.14000000059604645,0.14000000059604645,0.14000000059604645,0
2025-08-13 00:00:00+00:00,0.14499999582767487,0.14499999582767487,0.14000000059604645,0.14000000059604645,25336
2025-08-14 00:00:00+00:00,0.14000000059604645,0.14000000059604645,0.14000000059604645,0.14000000059604645,43972
2025-08-15 00:00:00+00:00,0.14000000059604645,0.14499999582767487,0.14000000059604645,0.14499999582767487,9323
2025-08-18 00:00:00+00:00,0.14499999582767487,0.14499999582767487,0.13500000536441803,0.13500000536441803,55296
2025-08-19 00:00:00+00:00,0.13500000536441803,0.13500000536441803,0.12999999523162842,0.12999999523162842,42589
2025-08-20 00:00:00+00:00,0.12999999523162842,0.14499999582767487,0.12999999523162842,0.14000000059604645,65996
2025-08-21 00:00:00+00:00,0.14000000059604645,0.14000000059604645,0.12999999523162842,0.12999999523162842,135
2025-08-22 00:00:00+00:00,0.125,0.125,0.125,0.125,4944
2025-08-25 00:00:00+00:00,0.125,0.125,0.125,0.125,149016
2025-08-26 00:00:00+00:00,0.125,0.125,0.125,0.125,2
2025-08-27 00:00:00+00:00,0.125,0.125,0.125,0.125,0
2025-08-28 00:00:00+00:00,0.125,0.125,0.125,0.125,9500
2025-08-29 00:00:00+00:00,0.12999999523162842,0.13500000536441803,0.12999999523162842,0.12999999523162842,17866
2025-09-01 00:00:00+00:00,0.12999999523162842,0.12999999523162842,0.12999999523162842,0.12999999523162842,13994
2025-09-02 00:00:00+00:00,0.12999999523162842,0.12999999523162842,0.12999999523162842,0.12999999523162842,2506
2025-09-03 00:00:00+00:00,0.12999999523162842,0.14000000059604645,0.12999999523162842,0.14000000059604645,7593
2025-09-04 00:00:00+00:00,0.14000000059604645,0.14000000059604645,0.14000000059604645,0.14000000059604645,0
2025-09-05 00:00:00+00:00,0.14000000059604645,0.14000000059604645,0.14000000059604645,0.14000000059604645,1
2025-09-08 00:00:00+00:00,0.14000000059604645,0.14000000059604645,0.14000000059604645,0.14000000059604645,1
2025-09-09 00:00:00+00:00,0.12999999523162842,0.12999999523162842,0.11999999731779099,0.11999999731779099,141808
2025-09-10 00:00:00+00:00,0.11999999731779099,0.11999999731779099,0.11999999731779099,0.11999999731779099,725
2025-09-11 00:00:00+00:00,0.11999999731779099,0.11999999731779099,0.11999999731779099,0.11999999731779099,150000
2025-09-12 00:00:00+00:00,0.11999999731779099,0.11999999731779099,0.11999999731779099,0.11999999731779099,0
2025-09-15 00:00:00+00:00,0.11999999731779099,0.11999999731779099,0.11999999731779099,0.11999999731779099,0
2025-09-16 00:00:00+00:00,0.11999999731779099,0.11999999731779099,0.11999999731779099,0.11999999731779099,73
2025-09-17 00:00:00+00:00,0.12999999523162842,0.12999999523162842,0.12999999523162842,0.12999999523162842,520
2025-09-18 00:00:00+00:00,0.14499999582767487,0.14499999582767487,0.14000000059604645,0.14000000059604645,108855
2025-09-19 00:00:00+00:00,0.14000000059604645,0.14499999582767487,0.14000000059604645,0.14499999582767487,43315
2025-09-22 00:00:00+00:00,0.14499999582767487,0.14499999582767487,0.14499999582767487,0.14499999582767487,11
2025-09-23 00:00:00+00:00,0.1550000011920929,0.1550000011920929,0.1550000011920929,0.1550000011920929,194946
2025-09-24 00:00:00+00:00,0.17000000178813934,0.17000000178813934,0.14000000059604645,0.14000000059604645,48899
2025-09-25 00:00:00+00:00,0.14000000059604645,0.14000000059604645,0.14000000059604645,0.14000000059604645,0
2025-09-26 00:00:00+00:00,0.14000000059604645,0.14000000059604645,0.14000000059604645,0.14000000059604645,0
2025-09-29 00:00:00+00:00,0.1550000011920929,0.18000000715255737,0.1550000011920929,0.17499999701976776,194400
2025-09-30 00:00:00+00:00,0.1899999976158142,0.20499999821186066,0.1850000023841858,0.20499999821186066,185583
2025-10-01 00:00:00+00:00,0.18000000715255737,0.20499999821186066,0.17000000178813934,0.1899999976158142,242042
2025-10-02 00:00:00+00:00,0.1899999976158142,0.1899999976158142,0.18000000715255737,0.18000000715255737,32975
2025-10-03 00:00:00+00:00,0.1850000023841858,0.1850000023841858,0.1850000023841858,0.1850000023841858,1427
2025-10-06 00:00:00+00:00,0.1850000023841858,0.1850000023841858,0.1850000023841858,0.1850000023841858,0
2025-10-07 00:00:00+00:00,0.1850000023841858,0.1850000023841858,0.1850000023841858,0.1850000023841858,0
2025-10-08 00:00:00+00:00,0.20499999821186066,0.20499999821186066,0.20499999821186066,0.20499999821186066,5474
2025-10-09 00:00:00+00:00,0.20499999821186066,0.20499999821186066,0.20499999821186066,0.20499999821186066,0
2025-10-10 00:00:00+00:00,0.20499999821186066,0.20499999821186066,0.20499999821186066,0.20499999821186066,256
2025-10-13 00:00:00+00:00,0.20499999821186066,0.23000000417232513,0.20000000298023224,0.2199999988079071,231768
2025-10-14 00:00:00+00:00,0.20000000298023224,0.22499999403953552,0.20000000298023224,0.22499999403953552,178556
2025-10-15 00:00:00+00:00,0.22499999403953552,0.22499999403953552,0.20499999821186066,0.20999999344348907,169131
2025-10-16 00:00:00+00:00,0.20999999344348907,0.20999999344348907,0.20999999344348907,0.20999999344348907,74205
2025-10-17 00:00:00+00:00,0.20499999821186066,0.20499999821186066,0.20000000298023224,0.20000000298023224,721
2025-10-20 00:00:00+00:00,0.19499999284744263,0.19499999284744263,0.19499999284744263,0.19499999284744263,19672
2025-10-21 00:00:00+00:00,0.19499999284744263,0.19499999284744263,0.1899999976158142,0.1899999976158142,8541
2025-10-22 00:00:00+00:00,0.1899999976158142,0.1899999976158142,0.1850000023841858,0.1850000023841858,41375
2025-10-23 00:00:00+00:00,0.1899999976158142,0.1899999976158142,0.18000000715255737,0.18000000715255737,299985
2025-10-24 00:00:00+00:00,0.18000000715255737,0.18000000715255737,0.18000000715255737,0.18000000715255737,10111
2025-10-27 00:00:00+00:00,0.18000000715255737,0.18000000715255737,0.18000000715255737,0.18000000715255737,62501
2025-10-28 00:00:00+00:00,0.17000000178813934,0.17000000178813934,0.14499999582767487,0.1550000011920929,192292
2025-10-29 00:00:00+00:00,0.1599999964237213,0.18000000715255737,0.1599999964237213,0.18000000715255737,221197
2025-10-30 00:00:00+00:00,0.16500000655651093,0.16500000655651093,0.16500000655651093,0.16500000655651093,40000
2025-10-31 00:00:00+00:00,0.16500000655651093,0.16500000655651093,0.16500000655651093,0.16500000655651093,0
2025-11-03 00:00:00+00:00,0.16500000655651093,0.16500000655651093,0.1599999964237213,0.1599999964237213,6526
2025-11-04 00:00:00+00:00,0.1599999964237213,0.1599999964237213,0.1599999964237213,0.1599999964237213,15237
2025-11-05 00:00:00+00:00,0.1599999964237213,0.1599999964237213,0.1550000011920929,0.1550000011920929,115046
2025-11-06 00:00:00+00:00,0.1550000011920929,0.1550000011920929,0.15000000596046448,0.15000000596046448,54900
2025-11-07 00:00:00+00:00,0.15000000596046448,0.15000000596046448,0.15000000596046448,0.15000000596046448,0
2025-11-10 00:00:00+00:00,0.16500000655651093,0.17000000178813934,0.15000000596046448,0.15000000596046448,324458
2025-11-11 00:00:00+00:00,0.15000000596046448,0.1550000011920929,0.15000000596046448,0.1550000011920929,81591
2025-11-12 00:00:00+00:00,0.1550000011920929,0.1550000011920929,0.15000000596046448,0.15000000596046448,76625
2025-11-13 00:00:00+00:00,0.15000000596046448,0.15000000596046448,0.15000000596046448,0.15000000596046448,22953
2025-11-14 00:00:00+00:00,0.15000000596046448,0.15000000596046448,0.15000000596046448,0.15000000596046448,0
2025-11-17 00:00:00+00:00,0.15000000596046448,0.15000000596046448,0.15000000596046448,0.15000000596046448,47857
2025-11-18 00:00:00+00:00,0.15000000596046448,0.15000000596046448,0.15000000596046448,0.15000000596046448,20000
2025-11-19 00:00:00+00:00,0.1550000011920929,0.1550000011920929,0.1550000011920929,0.1550000011920929,51928
2025-11-20 00:00:00+00:00,0.16500000655651093,0.17000000178813934,0.16500000655651093,0.17000000178813934,222075
2025-11-21 00:00:00+00:00,0.17000000178813934,0.17000000178813934,0.17000000178813934,0.17000000178813934,83578
2025-11-24 00:00:00+00:00,0.17000000178813934,0.17000000178813934,0.16500000655651093,0.16500000655651093,202149
2025-11-25 00:00:00+00:00,0.16500000655651093,0.18000000715255737,0.16500000655651093,0.17000000178813934,228859
2025-11-26 00:00:00+00:00,0.17000000178813934,0.17000000178813934,0.15000000596046448,0.15000000596046448,153332
2025-11-27 00:00:00+00:00,0.15000000596046448,0.15000000596046448,0.15000000596046448,0.15000000596046448,21
2025-11-28 00:00:00+00:00,0.14499999582767487,0.1550000011920929,0.14499999582767487,0.1550000011920929,24491
2025-12-01 00:00:00+00:00,0.14499999582767487,0.14499999582767487,0.14499999582767487,0.14499999582767487,6786
2025-12-02 00:00:00+00:00,0.1550000011920929,0.1550000011920929,0.14499999582767487,0.14499999582767487,71033
2025-12-03 00:00:00+00:00,0.14499999582767487,0.14499999582767487,0.14499999582767487,0.14499999582767487,26
2025-12-04 00:00:00+00:00,0.14499999582767487,0.1550000011920929,0.14499999582767487,0.1550000011920929,2966
2025-12-05 00:00:00+00:00,0.1550000011920929,0.1550000011920929,0.1550000011920929,0.1550000011920929,12488
2025-12-08 00:00:00+00:00,0.15000000596046448,0.1550000011920929,0.15000000596046448,0.1550000011920929,6972
2025-12-09 00:00:00+00:00,0.1550000011920929,0.16500000655651093,0.1550000011920929,0.1599999964237213,211537
2025-12-10 00:00:00+00:00,0.1599999964237213,0.1599999964237213,0.1550000011920929,0.1550000011920929,50049
2025-12-11 00:00:00+00:00,0.1550000011920929,0.1550000011920929,0.1550000011920929,0.1550000011920929,27768
2025-12-12 00:00:00+00:00,0.1550000011920929,0.1599999964237213,0.1550000011920929,0.1550000011920929,100125
2025-12-15 00:00:00+00:00,0.1550000011920929,0.1550000011920929,0.1550000011920929,0.1550000011920929,81531
2025-12-16 00:00:00+00:00,0.1550000011920929,0.1550000011920929,0.1550000011920929,0.1550000011920929,234
2025-12-17 00:00:00+00:00,0.1599999964237213,0.16500000655651093,0.1599999964237213,0.16249999403953552,67026
2025-12-18 00:00:00+00:00,0.1599999964237213,0.17249999940395355,0.1550000011920929,0.17249999940395355,389980
2025-12-19 00:00:00+00:00,0.17249999940395355,0.17249999940395355,0.17249999940395355,0.17249999940395355,0
2025-12-22 00:00:00+00:00,0.17499999701976776,0.17499999701976776,0.17499999701976776,0.17499999701976776,1
