Price,Open,High,Low,Close,Volume
Ticker,EVUS,EVUS,EVUS,EVUS,EVUS
Date,,,,,
2023-02-01 19:00:00-05:00,23.873810313439837,23.986645183159435,23.873810313439837,23.92646598815918,1100
2023-02-02 19:00:00-05:00,23.74028778076172,23.74028778076172,23.74028778076172,23.74028778076172,100
2023-02-05 19:00:00-05:00,23.63873863220215,23.63873863220215,23.63873863220215,23.63873863220215,100
2023-02-06 19:00:00-05:00,23.823034286499023,23.823034286499023,23.823034286499023,23.823034286499023,100
2023-02-07 19:00:00-05:00,23.618051528930664,23.618051528930664,23.618051528930664,23.618051528930664,100
2023-02-08 19:00:00-05:00,23.388622283935547,23.388622283935547,23.388622283935547,23.388622283935547,100
2023-02-09 19:00:00-05:00,23.605825424194336,23.605825424194336,23.605825424194336,23.605825424194336,100
2023-02-12 19:00:00-05:00,23.87381034205571,23.87381034205571,23.776962280273438,23.776962280273438,100
2023-02-13 19:00:00-05:00,23.734647750854492,23.734647750854492,23.734647750854492,23.734647750854492,0
2023-02-14 19:00:00-05:00,23.722423553466797,23.722423553466797,23.722423553466797,23.722423553466797,100
2023-02-15 19:00:00-05:00,23.54189109802246,23.54189109802246,23.54189109802246,23.54189109802246,0
2023-02-16 19:00:00-05:00,23.42059443539725,23.535308837890625,23.42059443539725,23.535308837890625,500
2023-02-20 19:00:00-05:00,23.138505935668945,23.138505935668945,23.138505935668945,23.138505935668945,100
2023-02-21 19:00:00-05:00,23.14038864266139,23.20620823237805,23.04918098449707,23.04918098449707,4100
2023-02-22 19:00:00-05:00,23.146028518676758,23.146028518676758,23.146028518676758,23.146028518676758,100
2023-02-23 19:00:00-05:00,23.011566162109375,23.011566162109375,23.011566162109375,23.011566162109375,100
2023-02-26 19:00:00-05:00,23.026615142822266,23.026615142822266,23.026615142822266,23.026615142822266,0
2023-02-27 19:00:00-05:00,23.01815218810023,23.036958298771985,22.94481086730957,22.94481086730957,4400
2023-02-28 19:00:00-05:00,22.919419482289534,22.919419482289534,22.872406005859375,22.872406005859375,300
2023-03-01 19:00:00-05:00,23.00687026977539,23.00687026977539,23.00687026977539,23.00687026977539,0
2023-03-02 19:00:00-05:00,23.196804470372747,23.26450538635254,23.196804470372747,23.26450538635254,100
2023-03-05 19:00:00-05:00,23.20620411440222,23.231592178344727,23.20620411440222,23.231592178344727,100
2023-03-06 19:00:00-05:00,22.820689533773614,22.831972122192383,22.820689533773614,22.831972122192383,100
2023-03-07 19:00:00-05:00,22.826332092285156,22.826332092285156,22.826332092285156,22.826332092285156,0
2023-03-08 19:00:00-05:00,22.35807228088379,22.35807228088379,22.35807228088379,22.35807228088379,100
2023-03-09 19:00:00-05:00,22.030851364135742,22.030851364135742,22.030851364135742,22.030851364135742,500
2023-03-12 20:00:00-04:00,21.692350102779066,21.850318908691406,21.692350102779066,21.850318908691406,300
2023-03-13 20:00:00-04:00,22.103254318237305,22.103254318237305,22.103254318237305,22.103254318237305,0
2023-03-14 20:00:00-04:00,21.76099395751953,21.76099395751953,21.76099395751953,21.76099395751953,0
2023-03-15 20:00:00-04:00,22.04684066772461,22.04684066772461,22.04684066772461,22.04684066772461,0
2023-03-16 20:00:00-04:00,21.677309036254883,21.677309036254883,21.677309036254883,21.677309036254883,0
2023-03-19 20:00:00-04:00,21.981021881103516,21.981021881103516,21.981021881103516,21.981021881103516,200
2023-03-20 20:00:00-04:00,22.21044921875,22.21044921875,22.21044921875,22.21044921875,100
2023-03-21 20:00:00-04:00,21.82775115966797,21.82775115966797,21.82775115966797,21.82775115966797,100
2023-03-22 20:00:00-04:00,21.823029257307393,21.823029257307393,21.746505737304688,21.746505737304688,100
2023-03-23 20:00:00-04:00,21.539611809549896,21.869319915771484,21.539611809549896,21.869319915771484,1100
2023-03-26 20:00:00-04:00,22.153679558873584,22.153679558873584,22.07904624938965,22.07904624938965,100
2023-03-27 20:00:00-04:00,22.13478611366944,22.13478611366944,22.093217849731445,22.093217849731445,200
2023-03-28 20:00:00-04:00,22.27554951822248,22.366241455078125,22.27554951822248,22.366241455078125,100
2023-03-29 20:00:00-04:00,22.455989837646484,22.455989837646484,22.455989837646484,22.455989837646484,100
2023-03-30 20:00:00-04:00,22.729957580566406,22.729957580566406,22.729957580566406,22.729957580566406,100
2023-04-02 20:00:00-04:00,22.875444412231445,22.875444412231445,22.875444412231445,22.875444412231445,0
2023-04-03 20:00:00-04:00,22.65721321105957,22.65721321105957,22.65721321105957,22.65721321105957,0
2023-04-04 20:00:00-04:00,22.739404193844834,22.754520416259766,22.739404193844834,22.754520416259766,200
2023-04-05 20:00:00-04:00,22.79608672682892,22.79608672682892,22.758298873901367,22.758298873901367,100
2023-04-09 20:00:00-04:00,22.831985473632812,22.831985473632812,22.831985473632812,22.831985473632812,100
2023-04-10 20:00:00-04:00,22.964250564575195,22.964250564575195,22.964250564575195,22.964250564575195,100
2023-04-11 20:00:00-04:00,22.88583755493164,22.88583755493164,22.88583755493164,22.88583755493164,0
2023-04-12 20:00:00-04:00,23.048328399658203,23.048328399658203,23.048328399658203,23.048328399658203,0
2023-04-13 20:00:00-04:00,22.956691747307435,23.013376235961914,22.956691747307435,23.013376235961914,100
2023-04-16 20:00:00-04:00,23.113515853881836,23.113515853881836,23.113515853881836,23.113515853881836,0
2023-04-17 20:00:00-04:00,23.141857147216797,23.141857147216797,23.141857147216797,23.141857147216797,0
2023-04-18 20:00:00-04:00,23.10312271118164,23.10312271118164,23.10312271118164,23.10312271118164,0
2023-04-19 20:00:00-04:00,22.9935359954834,22.9935359954834,22.9935359954834,22.9935359954834,100
2023-04-20 20:00:00-04:00,23.00865364074707,23.00865364074707,23.00865364074707,23.00865364074707,100
2023-04-23 20:00:00-04:00,23.04644203186035,23.04644203186035,23.04644203186035,23.04644203186035,0
2023-04-24 20:00:00-04:00,22.778139114379883,22.778139114379883,22.778139114379883,22.778139114379883,0
2023-04-25 20:00:00-04:00,22.498504638671875,22.498504638671875,22.498504638671875,22.498504638671875,0
2023-04-26 20:00:00-04:00,22.78569984436035,22.78569984436035,22.78569984436035,22.78569984436035,0
2023-04-27 20:00:00-04:00,22.97369956970215,22.97369956970215,22.97369956970215,22.97369956970215,0
2023-04-30 20:00:00-04:00,22.98219871520996,22.98219871520996,22.98219871520996,22.98219871520996,0
2023-05-01 20:00:00-04:00,22.67422103881836,22.67422103881836,22.67422103881836,22.67422103881836,100
2023-05-02 20:00:00-04:00,22.466381072998047,22.466381072998047,22.466381072998047,22.466381072998047,0
2023-05-03 20:00:00-04:00,22.261375427246094,22.261375427246094,22.261375427246094,22.261375427246094,0
2023-05-04 20:00:00-04:00,22.621313095092773,22.621313095092773,22.621313095092773,22.621313095092773,0
2023-05-07 20:00:00-04:00,22.583526611328125,22.583526611328125,22.583526611328125,22.583526611328125,0
2023-05-08 20:00:00-04:00,22.51267286737373,22.51267286737373,22.5013370513916,22.5013370513916,200
2023-05-09 20:00:00-04:00,22.47960662841797,22.47960662841797,22.47960662841797,22.47960662841797,0
2023-05-10 20:00:00-04:00,22.37946891784668,22.37946891784668,22.37946891784668,22.37946891784668,0
2023-05-11 20:00:00-04:00,22.388914108276367,22.388914108276367,22.388914108276367,22.388914108276367,100
2023-05-14 20:00:00-04:00,22.446544647216797,22.446544647216797,22.446544647216797,22.446544647216797,0
2023-05-15 20:00:00-04:00,22.16596031188965,22.16596031188965,22.16596031188965,22.16596031188965,0
2023-05-16 20:00:00-04:00,22.267045954456883,22.431427001953125,22.267045954456883,22.431427001953125,200
2023-05-17 20:00:00-04:00,22.51267433166504,22.51267433166504,22.51267433166504,22.51267433166504,100
2023-05-18 20:00:00-04:00,22.48433032950415,22.508893966674805,22.48433032950415,22.508893966674805,100
2023-05-21 20:00:00-04:00,22.522119406168855,22.522119406168855,22.46543672464152,22.47015953063965,500
2023-05-22 20:00:00-04:00,22.34640121459961,22.34640121459961,22.34640121459961,22.34640121459961,0
2023-05-23 20:00:00-04:00,22.10455322265625,22.10455322265625,22.10455322265625,22.10455322265625,100
2023-05-24 20:00:00-04:00,22.038423538208008,22.038423538208008,22.038423538208008,22.038423538208008,0
2023-05-25 20:00:00-04:00,22.237756729125977,22.237756729125977,22.237756729125977,22.237756729125977,0
2023-05-29 20:00:00-04:00,22.134784614170236,22.137619018554688,22.134784614170236,22.137619018554688,100
2023-05-30 20:00:00-04:00,21.964734935402575,22.02141761779785,21.964734935402575,22.02141761779785,200
2023-05-31 20:00:00-04:00,22.111170938385857,22.15084900305115,22.111170938385857,22.13384437561035,300
2023-06-01 20:00:00-04:00,22.548572421836514,22.607145309448242,22.548572421836514,22.607145309448242,500
2023-06-04 20:00:00-04:00,22.50511932373047,22.50511932373047,22.50511932373047,22.50511932373047,0
2023-06-05 20:00:00-04:00,22.592029571533203,22.592029571533203,22.592029571533203,22.592029571533203,100
2023-06-06 20:00:00-04:00,22.724978794683544,22.790504455566406,22.724978794683544,22.790504455566406,2100
2023-06-07 20:00:00-04:00,22.83038902282715,22.83038902282715,22.83038902282715,22.83038902282715,0
2023-06-08 20:00:00-04:00,22.79240608215332,22.79240608215332,22.79240608215332,22.79240608215332,100
2023-06-11 20:00:00-04:00,22.85887908935547,22.85887908935547,22.85887908935547,22.85887908935547,0
2023-06-12 20:00:00-04:00,23.0526065826416,23.0526065826416,23.0526065826416,23.0526065826416,100
2023-06-13 20:00:00-04:00,22.966188430786133,22.966188430786133,22.966188430786133,22.966188430786133,100
2023-06-14 20:00:00-04:00,23.22734260559082,23.22734260559082,23.22734260559082,23.22734260559082,100
2023-06-15 20:00:00-04:00,23.225444793701172,23.225444793701172,23.225444793701172,23.225444793701172,0
2023-06-19 20:00:00-04:00,23.020315170288086,23.020315170288086,23.020315170288086,23.020315170288086,0
2023-06-20 20:00:00-04:00,22.9747371673584,22.9747371673584,22.9747371673584,22.9747371673584,0
2023-06-21 20:00:00-04:00,22.876924514770508,22.876924514770508,22.876924514770508,22.876924514770508,0
2023-06-22 20:00:00-04:00,22.717382431030273,22.717382431030273,22.717382431030273,22.717382431030273,100
2023-06-25 20:00:00-04:00,22.834190368652344,22.834190368652344,22.834190368652344,22.834190368652344,0
2023-06-26 20:00:00-04:00,23.038360595703125,23.038360595703125,23.038360595703125,23.038360595703125,0
2023-06-27 20:00:00-04:00,22.913007736206055,22.913007736206055,22.913007736206055,22.913007736206055,0
2023-06-28 20:00:00-04:00,23.11338233947754,23.11338233947754,23.11338233947754,23.11338233947754,100
2023-06-29 20:00:00-04:00,23.294765906452902,23.335599899291992,23.294765906452902,23.335599899291992,100
2023-07-02 20:00:00-04:00,23.402074813842773,23.402074813842773,23.402074813842773,23.402074813842773,0
2023-07-04 20:00:00-04:00,23.29001808166504,23.29001808166504,23.29001808166504,23.29001808166504,0
2023-07-05 20:00:00-04:00,23.046905950095827,23.046905950095827,23.045007705688477,23.045007705688477,800
2023-07-06 20:00:00-04:00,23.010822296142578,23.010822296142578,23.010822296142578,23.010822296142578,0
2023-07-09 20:00:00-04:00,23.15232055742055,23.16181721503703,23.149473190307617,23.149473190307617,400
2023-07-10 20:00:00-04:00,23.313760541923894,23.38213539123535,23.313760541923894,23.38213539123535,2700
2023-07-11 20:00:00-04:00,23.453357696533203,23.453357696533203,23.453357696533203,23.453357696533203,0
2023-07-12 20:00:00-04:00,23.564464569091797,23.564464569091797,23.564464569091797,23.564464569091797,0
2023-07-13 20:00:00-04:00,23.47519606729786,23.47519606729786,23.45050621032715,23.45050621032715,1100
2023-07-16 20:00:00-04:00,23.54167349854781,23.54167349854781,23.494190216064453,23.494190216064453,2100
2023-07-17 20:00:00-04:00,23.65657615661621,23.65657615661621,23.65657615661621,23.65657615661621,0
2023-07-18 20:00:00-04:00,23.78858184814453,23.78858184814453,23.78858184814453,23.78858184814453,0
2023-07-19 20:00:00-04:00,23.9091854095459,23.9091854095459,23.9091854095459,23.9091854095459,0
2023-07-20 20:00:00-04:00,24.04498441680169,24.054481073615527,24.027891159057617,24.027891159057617,500
2023-07-23 20:00:00-04:00,24.139948660491797,24.139948660491797,24.136150360107422,24.136150360107422,1100
2023-07-24 20:00:00-04:00,24.13235092163086,24.13235092163086,24.13235092163086,24.13235092163086,100
2023-07-25 20:00:00-04:00,24.12665367126465,24.12665367126465,24.12665367126465,24.12665367126465,100
2023-07-26 20:00:00-04:00,24.010799407958984,24.010799407958984,24.010799407958984,24.010799407958984,100
2023-07-27 20:00:00-04:00,24.119056701660156,24.119056701660156,24.119056701660156,24.119056701660156,100
2023-07-30 20:00:00-04:00,24.14944802679203,24.177936188522395,24.130454711436954,24.1418514251709,13000
2023-07-31 20:00:00-04:00,24.052580473969996,24.112409591674805,24.052580473969996,24.112409591674805,100
2023-08-01 20:00:00-04:00,24.03548639084346,24.03548639084346,23.91488265991211,23.91488265991211,100
2023-08-02 20:00:00-04:00,23.797127539512914,23.82181739807129,23.797127539512914,23.82181739807129,2100
2023-08-03 20:00:00-04:00,23.679370880126953,23.679370880126953,23.679370880126953,23.679370880126953,0
2023-08-06 20:00:00-04:00,23.892093352837122,23.917734146118164,23.892093352837122,23.917734146118164,1200
2023-08-07 20:00:00-04:00,23.760090308844823,23.786680221557617,23.760090308844823,23.786680221557617,200
2023-08-08 20:00:00-04:00,23.855054827821885,23.855054827821885,23.70595932006836,23.70595932006836,2900
2023-08-09 20:00:00-04:00,23.836061142898238,23.836061142898238,23.684118270874023,23.684118270874023,400
2023-08-10 20:00:00-04:00,23.738249562397762,23.760092054288684,23.738249562397762,23.739198684692383,1300
2023-08-13 20:00:00-04:00,23.731602083731232,23.741098740583716,23.71735800410355,23.739198684692383,1200
2023-08-14 20:00:00-04:00,23.462852478027344,23.462852478027344,23.462852478027344,23.462852478027344,100
2023-08-15 20:00:00-04:00,23.318506240844727,23.318506240844727,23.318506240844727,23.318506240844727,0
2023-08-16 20:00:00-04:00,23.2292423248291,23.2292423248291,23.2292423248291,23.2292423248291,0
2023-08-17 20:00:00-04:00,23.251083374023438,23.251083374023438,23.251083374023438,23.251083374023438,0
2023-08-20 20:00:00-04:00,23.234935760498047,23.234935760498047,23.234935760498047,23.234935760498047,0
2023-08-21 20:00:00-04:00,23.180808121992616,23.180808121992616,23.1038875579834,23.1038875579834,200
2023-08-22 20:00:00-04:00,23.16181620096768,23.240636825561523,23.16181620096768,23.240636825561523,300
2023-08-23 20:00:00-04:00,23.100088119506836,23.100088119506836,23.100088119506836,23.100088119506836,0
2023-08-24 20:00:00-04:00,23.19980239868164,23.19980239868164,23.19980239868164,23.19980239868164,0
2023-08-27 20:00:00-04:00,23.294768915066317,23.329904556274414,23.270077242680053,23.329904556274414,2200
2023-08-28 20:00:00-04:00,23.53787612915039,23.53787612915039,23.53787612915039,23.53787612915039,100
2023-08-29 20:00:00-04:00,23.57491111755371,23.57491111755371,23.57491111755371,23.57491111755371,0
2023-08-30 20:00:00-04:00,23.626192643673445,23.626192643673445,23.513185501098633,23.513185501098633,1400
2023-08-31 20:00:00-04:00,23.65562991761479,23.65562991761479,23.579658476417674,23.58440589904785,900
2023-09-04 20:00:00-04:00,23.34889793395996,23.34889793395996,23.34889793395996,23.34889793395996,400
2023-09-05 20:00:00-04:00,23.26532554626465,23.26532554626465,23.26532554626465,23.26532554626465,0
2023-09-06 20:00:00-04:00,23.25393295288086,23.25393295288086,23.25393295288086,23.25393295288086,100
2023-09-07 20:00:00-04:00,23.289066314697266,23.289066314697266,23.289066314697266,23.289066314697266,100
2023-09-10 20:00:00-04:00,23.33370018005371,23.33370018005371,23.33370018005371,23.33370018005371,100
2023-09-11 20:00:00-04:00,23.323259353637695,23.323259353637695,23.323259353637695,23.323259353637695,0
2023-09-12 20:00:00-04:00,23.285268783569336,23.285268783569336,23.285268783569336,23.285268783569336,0
2023-09-13 20:00:00-04:00,23.53597640991211,23.53597640991211,23.53597640991211,23.53597640991211,0
2023-09-14 20:00:00-04:00,23.33085060119629,23.33085060119629,23.33085060119629,23.33085060119629,0
2023-09-17 20:00:00-04:00,23.328948974609375,23.328948974609375,23.328948974609375,23.328948974609375,0
2023-09-18 20:00:00-04:00,23.262479782104492,23.262479782104492,23.262479782104492,23.262479782104492,0
2023-09-19 20:00:00-04:00,23.187456130981445,23.187456130981445,23.187456130981445,23.187456130981445,0
2023-09-20 20:00:00-04:00,22.88262176513672,22.88262176513672,22.88262176513672,22.88262176513672,0
2023-09-21 20:00:00-04:00,22.876922478336333,22.876922478336333,22.810447692871094,22.810447692871094,800
2023-09-24 20:00:00-04:00,22.74397223815158,22.856979370117188,22.74397223815158,22.856979370117188,400
2023-09-25 20:00:00-04:00,22.575551986694336,22.575551986694336,22.575551986694336,22.575551986694336,100
2023-09-26 20:00:00-04:00,22.544919967651367,22.544919967651367,22.544919967651367,22.544919967651367,0
2023-09-27 20:00:00-04:00,22.643516540527344,22.643516540527344,22.643516540527344,22.643516540527344,100
2023-09-28 20:00:00-04:00,22.53917694091797,22.53917694091797,22.53917694091797,22.53917694091797,100
2023-10-01 20:00:00-04:00,22.296035766601562,22.296035766601562,22.296035766601562,22.296035766601562,100
2023-10-02 20:00:00-04:00,22.064382553100586,22.064382553100586,22.064382553100586,22.064382553100586,100
2023-10-03 20:00:00-04:00,22.135217666625977,22.135217666625977,22.135217666625977,22.135217666625977,100
2023-10-04 20:00:00-04:00,22.083531019151433,22.087359702413423,22.027053833007812,22.027053833007812,400
2023-10-05 20:00:00-04:00,22.207014083862305,22.207014083862305,22.207014083862305,22.207014083862305,0
2023-10-08 20:00:00-04:00,22.20797514032147,22.367834091186523,22.169684652890087,22.367834091186523,11800
2023-10-09 20:00:00-04:00,22.524818420410156,22.524818420410156,22.524818420410156,22.524818420410156,0
2023-10-10 20:00:00-04:00,22.534391403198242,22.534391403198242,22.534391403198242,22.534391403198242,0
2023-10-11 20:00:00-04:00,22.33719825744629,22.33719825744629,22.33719825744629,22.33719825744629,0
2023-10-12 20:00:00-04:00,22.341028213500977,22.341028213500977,22.341028213500977,22.341028213500977,100
2023-10-15 20:00:00-04:00,22.601396560668945,22.601396560668945,22.601396560668945,22.601396560668945,100
2023-10-16 20:00:00-04:00,22.644472122192383,22.644472122192383,22.644472122192383,22.644472122192383,0
2023-10-17 20:00:00-04:00,22.385061264038086,22.385061264038086,22.385061264038086,22.385061264038086,0
2023-10-18 20:00:00-04:00,22.156278610229492,22.156278610229492,22.156278610229492,22.156278610229492,100
2023-10-19 20:00:00-04:00,21.937070846557617,21.937070846557617,21.937070846557617,21.937070846557617,0
2023-10-22 20:00:00-04:00,21.745622634887695,21.745622634887695,21.745622634887695,21.745622634887695,0
2023-10-23 20:00:00-04:00,21.916011810302734,21.916011810302734,21.916011810302734,21.916011810302734,100
2023-10-24 20:00:00-04:00,21.741792678833008,21.741792678833008,21.741792678833008,21.741792678833008,100
2023-10-25 20:00:00-04:00,21.75902557373047,21.75902557373047,21.75902557373047,21.75902557373047,0
2023-10-26 20:00:00-04:00,21.444095611572266,21.444095611572266,21.444095611572266,21.444095611572266,100
2023-10-29 20:00:00-04:00,21.670955657958984,21.670955657958984,21.670955657958984,21.670955657958984,0
2023-10-30 20:00:00-04:00,21.866235733032227,21.866235733032227,21.866235733032227,21.866235733032227,0
2023-10-31 20:00:00-04:00,21.949516115571193,21.985891342163086,21.942815463982967,21.985891342163086,2600
2023-11-01 20:00:00-04:00,22.410907745361328,22.410907745361328,22.410907745361328,22.410907745361328,100
2023-11-02 20:00:00-04:00,22.632030487060547,22.632030487060547,22.632030487060547,22.632030487060547,0
2023-11-05 19:00:00-05:00,22.526735305786133,22.526735305786133,22.526735305786133,22.526735305786133,0
2023-11-06 19:00:00-05:00,22.45685181379317,22.46642443386424,22.440580368041992,22.440580368041992,500
2023-11-07 19:00:00-05:00,22.404207229614258,22.404207229614258,22.404207229614258,22.404207229614258,0
2023-11-08 19:00:00-05:00,22.195524215698242,22.195524215698242,22.195524215698242,22.195524215698242,0
2023-11-09 19:00:00-05:00,22.453983306884766,22.453983306884766,22.453983306884766,22.453983306884766,100
2023-11-12 19:00:00-05:00,22.413780212402344,22.413780212402344,22.413780212402344,22.413780212402344,0
2023-11-13 19:00:00-05:00,22.884742736816406,22.884742736816406,22.884742736816406,22.884742736816406,0
2023-11-14 19:00:00-05:00,23.01588249206543,23.01588249206543,23.01588249206543,23.01588249206543,100
2023-11-15 19:00:00-05:00,22.961320877075195,22.961320877075195,22.961320877075195,22.961320877075195,0
2023-11-16 19:00:00-05:00,23.07906150817871,23.07906150817871,23.07906150817871,23.07906150817871,100
2023-11-19 19:00:00-05:00,23.141279220581055,23.141279220581055,23.141279220581055,23.141279220581055,100
2023-11-20 19:00:00-05:00,23.09820542990585,23.107778051086637,23.09820542990585,23.10490608215332,1600
2023-11-21 19:00:00-05:00,23.20828628540039,23.20828628540039,23.20828628540039,23.20828628540039,100
2023-11-23 19:00:00-05:00,23.27529525756836,23.27529525756836,23.27529525756836,23.27529525756836,0
2023-11-26 19:00:00-05:00,23.20828628540039,23.20828628540039,23.20828628540039,23.20828628540039,100
2023-11-27 19:00:00-05:00,23.202547073364258,23.202547073364258,23.202547073364258,23.202547073364258,0
2023-11-28 19:00:00-05:00,23.258066177368164,23.258066177368164,23.258066177368164,23.258066177368164,100
2023-11-29 19:00:00-05:00,23.488758087158203,23.488758087158203,23.488758087158203,23.488758087158203,0
2023-11-30 19:00:00-05:00,23.707014083862305,23.707014083862305,23.707014083862305,23.707014083862305,100
2023-12-03 19:00:00-05:00,23.725194931030273,23.725194931030273,23.725194931030273,23.725194931030273,100
2023-12-04 19:00:00-05:00,23.550981521606445,23.550981521606445,23.550981521606445,23.550981521606445,0
2023-12-05 19:00:00-05:00,23.57682272746146,23.57682272746146,23.515560150146484,23.515560150146484,400
2023-12-06 19:00:00-05:00,23.592138290405273,23.592138290405273,23.592138290405273,23.592138290405273,200
2023-12-07 19:00:00-05:00,23.634262949195218,23.669679641723633,23.626603756229105,23.669679641723633,1100
2023-12-10 19:00:00-05:00,23.84485326327472,23.89845848083496,23.84485326327472,23.89845848083496,4800
2023-12-11 19:00:00-05:00,23.899415969848633,23.899415969848633,23.899415969848633,23.899415969848633,0
2023-12-12 19:00:00-05:00,24.295711517333984,24.295711517333984,24.295711517333984,24.295711517333984,0
2023-12-13 19:00:00-05:00,24.56278419494629,24.56278419494629,24.553211573536107,24.56278419494629,700
2023-12-14 19:00:00-05:00,24.390477772240153,24.463228225708008,24.390477772240153,24.463228225708008,2200
2023-12-17 19:00:00-05:00,24.469932640553164,24.49577853669512,24.469932640553164,24.481420516967773,1200
2023-12-18 19:00:00-05:00,24.596285046947074,24.64223289489746,24.596285046947074,24.64223289489746,2200
2023-12-19 19:00:00-05:00,24.291481018066406,24.291481018066406,24.291481018066406,24.291481018066406,100
2023-12-20 19:00:00-05:00,24.501544952392578,24.501544952392578,24.501544952392578,24.501544952392578,100
2023-12-21 19:00:00-05:00,24.620071468930778,24.620071468930778,24.608509063720703,24.608509063720703,300
2023-12-25 19:00:00-05:00,24.754974365234375,24.754974365234375,24.74341012343172,24.754974365234375,2900
2023-12-26 19:00:00-05:00,24.772315979003906,24.772315979003906,24.772315979003906,24.772315979003906,100
2023-12-27 19:00:00-05:00,24.806045532226562,24.806045532226562,24.806045532226562,24.806045532226562,100
2023-12-28 19:00:00-05:00,24.745337766623578,24.774244694873808,24.735701511230907,24.7530460357666,500
2024-01-01 19:00:00-05:00,24.8320623412856,24.85904312133789,24.803153574974804,24.85904312133789,900
2024-01-02 19:00:00-05:00,24.67306900024414,24.67306900024414,24.67306900024414,24.67306900024414,0
2024-01-03 19:00:00-05:00,24.646087646484375,24.646087646484375,24.646087646484375,24.646087646484375,100
2024-01-04 19:00:00-05:00,24.63837663188319,24.68752098083496,24.63837663188319,24.68752098083496,400
2024-01-07 19:00:00-05:00,24.862897872924805,24.862897872924805,24.862897872924805,24.862897872924805,0
2024-01-08 19:00:00-05:00,24.700048745476828,24.7251033782959,24.700048745476828,24.7251033782959,200
2024-01-09 19:00:00-05:00,24.745337866218602,24.745337866218602,24.69715658906132,24.71835708618164,700
2024-01-10 19:00:00-05:00,24.665359497070312,24.665359497070312,24.665359497070312,24.665359497070312,100
2024-01-11 19:00:00-05:00,24.67403221130371,24.67403221130371,24.67403221130371,24.67403221130371,0
2024-01-15 19:00:00-05:00,24.51310920715332,24.51310920715332,24.51310920715332,24.51310920715332,100
2024-01-16 19:00:00-05:00,24.375314712524414,24.375314712524414,24.375314712524414,24.375314712524414,0
2024-01-17 19:00:00-05:00,24.459150314331055,24.459150314331055,24.459150314331055,24.459150314331055,100
2024-01-18 19:00:00-05:00,24.462038386969756,24.66343116760254,24.462038386969756,24.66343116760254,300
2024-01-21 19:00:00-05:00,24.743410110473633,24.743410110473633,24.743410110473633,24.743410110473633,100
2024-01-22 19:00:00-05:00,24.82242798875923,24.82242798875923,24.7887020111084,24.7887020111084,200
2024-01-23 19:00:00-05:00,24.659578323364258,24.659578323364258,24.659578323364258,24.659578323364258,0
2024-01-24 19:00:00-05:00,24.887950897216797,24.887950897216797,24.887950897216797,24.887950897216797,100
2024-01-25 19:00:00-05:00,24.754972672869787,24.899512820026853,24.754972672869787,24.885059356689453,49700
2024-01-28 19:00:00-05:00,24.967933654785156,24.967933654785156,24.967933654785156,24.967933654785156,100
2024-01-29 19:00:00-05:00,25.07392692565918,25.07392692565918,25.07392692565918,25.07392692565918,100
2024-01-30 19:00:00-05:00,24.836881637573242,24.836881637573242,24.836881637573242,24.836881637573242,100
2024-01-31 19:00:00-05:00,24.812790357025225,25.038272857666016,24.806045161868997,25.038272857666016,1800
2024-02-01 19:00:00-05:00,24.89951444830045,25.071035385131836,24.89951444830045,25.071035385131836,27700
2024-02-04 19:00:00-05:00,24.862897872924805,24.862897872924805,24.862897872924805,24.862897872924805,100
2024-02-05 19:00:00-05:00,24.970821380615234,24.970821380615234,24.970821380615234,24.970821380615234,0
2024-02-06 19:00:00-05:00,25.08259885919079,25.101869531668456,25.053690093582667,25.05465316772461,3100
2024-02-07 19:00:00-05:00,25.0980167388916,25.0980167388916,25.0980167388916,25.0980167388916,100
2024-02-08 19:00:00-05:00,25.098981857299805,25.098981857299805,25.098981857299805,25.098981857299805,100
2024-02-11 19:00:00-05:00,25.256046214459463,25.256046214459463,25.243520736694336,25.243520736694336,2000
2024-02-12 19:00:00-05:00,24.822426658089995,24.886024475097656,24.822426658089995,24.886024475097656,900
2024-02-13 19:00:00-05:00,25.005513574206155,25.04887580871582,25.005513574206155,25.04887580871582,2100
2024-02-14 19:00:00-05:00,25.338918685913086,25.338918685913086,25.338918685913086,25.338918685913086,100
2024-02-15 19:00:00-05:00,25.266647338867188,25.266647338867188,25.266647338867188,25.266647338867188,100
2024-02-19 19:00:00-05:00,25.275321434732227,25.275321434732227,25.2252140045166,25.2252140045166,500
2024-02-20 19:00:00-05:00,25.28495680431535,25.360118865966797,25.217504850222966,25.360118865966797,1800
2024-02-21 19:00:00-05:00,25.61258258873269,25.61258258873269,25.554766889667974,25.585601806640625,400
2024-02-22 19:00:00-05:00,25.593307367345204,25.662687301635742,25.593307367345204,25.662687301635742,300
2024-02-25 19:00:00-05:00,25.56440223082624,25.574038486646778,25.556692123413086,25.556692123413086,300
2024-02-26 19:00:00-05:00,25.58270835876465,25.58270835876465,25.58270835876465,25.58270835876465,100
2024-02-27 19:00:00-05:00,25.57789421081543,25.57789421081543,25.57789421081543,25.57789421081543,100
2024-02-28 19:00:00-05:00,25.660761121610403,25.697378158569336,25.660761121610403,25.697378158569336,2400
2024-02-29 19:00:00-05:00,25.860227584838867,25.860227584838867,25.860227584838867,25.860227584838867,100
2024-03-03 19:00:00-05:00,25.904552459716797,25.904552459716797,25.904552459716797,25.904552459716797,100
2024-03-04 19:00:00-05:00,25.794702529907227,25.794702529907227,25.794702529907227,25.794702529907227,100
2024-03-05 19:00:00-05:00,25.969113192322837,25.969113192322837,25.92093191803162,25.950803756713867,700
2024-03-06 19:00:00-05:00,26.131000518798828,26.131000518798828,26.131000518798828,26.131000518798828,100
2024-03-07 19:00:00-05:00,26.039459228515625,26.039459228515625,26.039459228515625,26.039459228515625,200
2024-03-10 20:00:00-04:00,26.099199295043945,26.099199295043945,26.099199295043945,26.099199295043945,200
2024-03-11 20:00:00-04:00,26.188814257611575,26.21290397644043,26.188814257611575,26.21290397644043,100
2024-03-12 20:00:00-04:00,26.181106524386998,26.204233169555664,26.181106524386998,26.204233169555664,200
2024-03-13 20:00:00-04:00,25.872751114517897,26.00090980529785,25.872751114517897,26.00090980529785,100
2024-03-14 20:00:00-04:00,25.973932895743253,26.01729512780671,25.959479431031387,25.989351272583008,13000
2024-03-17 20:00:00-04:00,26.04716682434082,26.04716682434082,26.04716682434082,26.04716682434082,0
2024-03-18 20:00:00-04:00,26.213871002197266,26.213871002197266,26.213871002197266,26.213871002197266,100
2024-03-19 20:00:00-04:00,26.229285224397742,26.398880004882812,26.229285224397742,26.398880004882812,300
2024-03-20 20:00:00-04:00,26.666220536622408,26.666220536622408,26.647815704345703,26.647815704345703,500
2024-03-21 20:00:00-04:00,26.58873184085509,26.58873184085509,26.539331436157227,26.539331436157227,400
2024-03-24 20:00:00-04:00,26.472496408408567,26.472496408408567,26.449249267578125,26.449249267578125,100
2024-03-25 20:00:00-04:00,26.450220108032227,26.450220108032227,26.450220108032227,26.450220108032227,100
2024-03-26 20:00:00-04:00,26.65653230480498,26.811511993408203,26.65653230480498,26.811511993408203,100
2024-03-27 20:00:00-04:00,26.89772027943308,26.966493606567383,26.89772027943308,26.966493606567383,800
2024-03-31 20:00:00-04:00,26.976179791129127,26.976179791129127,26.803765200340493,26.824106216430664,600
2024-04-01 20:00:00-04:00,26.627477374772578,26.64006996154785,26.627477374772578,26.64006996154785,700
2024-04-02 20:00:00-04:00,26.675908607878963,26.68559322307814,26.579045828352495,26.62166404724121,800
2024-04-03 20:00:00-04:00,26.380477905273438,26.380477905273438,26.380477905273438,26.380477905273438,0
2024-04-04 20:00:00-04:00,26.501556365382577,26.540300369262695,26.501556365382577,26.540300369262695,100
2024-04-07 20:00:00-04:00,26.527708053588867,26.527708053588867,26.527708053588867,26.527708053588867,100
2024-04-08 20:00:00-04:00,26.588731150313166,26.594541549682617,26.588731150313166,26.594541549682617,100
2024-04-09 20:00:00-04:00,26.25843048095703,26.25843048095703,26.25843048095703,26.25843048095703,100
2024-04-10 20:00:00-04:00,26.212905883789062,26.212905883789062,26.212905883789062,26.212905883789062,100
2024-04-11 20:00:00-04:00,25.930068647433306,25.930068647433306,25.78767967224121,25.78767967224121,500
2024-04-14 20:00:00-04:00,26.104420240849915,26.104420240849915,25.672412872314453,25.672412872314453,700
2024-04-15 20:00:00-04:00,25.5745792388916,25.5745792388916,25.5745792388916,25.5745792388916,300
2024-04-16 20:00:00-04:00,25.50290298461914,25.50290298461914,25.50290298461914,25.50290298461914,100
2024-04-17 20:00:00-04:00,25.50096321105957,25.50096321105957,25.50096321105957,25.50096321105957,100
2024-04-18 20:00:00-04:00,25.65788459777832,25.65788459777832,25.65788459777832,25.65788459777832,100
2024-04-21 20:00:00-04:00,25.811893463134766,25.811893463134766,25.811893463134766,25.811893463134766,100
2024-04-22 20:00:00-04:00,25.994964599609375,25.994964599609375,25.994964599609375,25.994964599609375,100
2024-04-23 20:00:00-04:00,26.080204010009766,26.080204010009766,26.080204010009766,26.080204010009766,100
2024-04-24 20:00:00-04:00,26.013370513916016,26.013370513916016,26.013370513916016,26.013370513916016,100
2024-04-25 20:00:00-04:00,26.029834747314453,26.029834747314453,26.029834747314453,26.029834747314453,100
2024-04-28 20:00:00-04:00,26.119918823242188,26.119918823242188,26.119918823242188,26.119918823242188,100
2024-04-29 20:00:00-04:00,25.847736358642578,25.847736358642578,25.847736358642578,25.847736358642578,0
2024-04-30 20:00:00-04:00,25.763463973999023,25.763463973999023,25.763463973999023,25.763463973999023,100
2024-05-01 20:00:00-04:00,25.84289405052582,25.847736358642578,25.84289405052582,25.847736358642578,1100
2024-05-02 20:00:00-04:00,26.031774520874023,26.031774520874023,26.031774520874023,26.031774520874023,100
2024-05-05 20:00:00-04:00,26.195470809936523,26.195470809936523,26.195470809936523,26.195470809936523,200
2024-05-06 20:00:00-04:00,26.274898529052734,26.274898529052734,26.274898529052734,26.274898529052734,100
2024-05-07 20:00:00-04:00,26.314607620239258,26.314607620239258,26.314607620239258,26.314607620239258,100
2024-05-08 20:00:00-04:00,26.52092933654785,26.52092933654785,26.52092933654785,26.52092933654785,0
2024-05-09 20:00:00-04:00,26.641036987304688,26.641036987304688,26.641036987304688,26.641036987304688,0
2024-05-12 20:00:00-04:00,26.64685010749567,26.64685010749567,26.603261947631836,26.603261947631836,400
2024-05-13 20:00:00-04:00,26.67590796165488,26.73499298095703,26.67590796165488,26.73499298095703,200
2024-05-14 20:00:00-04:00,26.944215774536133,26.944215774536133,26.944215774536133,26.944215774536133,100
2024-05-15 20:00:00-04:00,26.92871856689453,26.92871856689453,26.92871856689453,26.92871856689453,100
2024-05-16 20:00:00-04:00,26.942279815673828,26.942279815673828,26.942279815673828,26.942279815673828,100
2024-05-19 20:00:00-04:00,26.96649311899868,26.96649311899868,26.845415115356445,26.845415115356445,500
2024-05-20 20:00:00-04:00,26.87253761291504,26.87253761291504,26.87253761291504,26.87253761291504,100
2024-05-21 20:00:00-04:00,26.74177360534668,26.74177360534668,26.74177360534668,26.74177360534668,0
2024-05-22 20:00:00-04:00,26.424063839555394,26.424063839555394,26.412439346313477,26.412439346313477,3900
2024-05-23 20:00:00-04:00,26.516084671020508,26.516084671020508,26.516084671020508,26.516084671020508,100
2024-05-27 20:00:00-04:00,26.316551208496094,26.316551208496094,26.316551208496094,26.316551208496094,100
2024-05-28 20:00:00-04:00,26.046304133652516,26.046304133652516,26.032743453979492,26.032743453979492,1800
2024-05-29 20:00:00-04:00,26.142196655273438,26.142196655273438,26.142196655273438,26.142196655273438,100
2024-05-30 20:00:00-04:00,26.443438564109726,26.491870880126953,26.443438564109726,26.491870880126953,200
2024-06-02 20:00:00-04:00,26.33689133976068,26.33689133976068,26.33495330810547,26.33495330810547,1400
2024-06-03 20:00:00-04:00,26.36594718310383,26.37563364574779,26.313642501831055,26.313642501831055,1700
2024-06-04 20:00:00-04:00,26.433751954930315,26.444406509399414,26.424065492457366,26.444406509399414,300
2024-06-05 20:00:00-04:00,26.423095703125,26.423095703125,26.423095703125,26.423095703125,100
2024-06-06 20:00:00-04:00,26.433751578386318,26.433751578386318,26.39016342163086,26.39016342163086,1200
2024-06-09 20:00:00-04:00,26.433752059936523,26.433752059936523,26.433752059936523,26.433752059936523,100
2024-06-10 20:00:00-04:00,26.28203010559082,26.28203010559082,26.28203010559082,26.28203010559082,100
2024-06-11 20:00:00-04:00,26.376371383666992,26.376371383666992,26.376371383666992,26.376371383666992,100
2024-06-12 20:00:00-04:00,26.405546188354492,26.405546188354492,26.405546188354492,26.405546188354492,100
2024-06-13 20:00:00-04:00,26.276193618774414,26.276193618774414,26.276193618774414,26.276193618774414,100
2024-06-16 20:00:00-04:00,26.386095992206723,26.488218307495117,26.386095992206723,26.488218307495117,800
2024-06-17 20:00:00-04:00,26.57380485534668,26.57380485534668,26.57380485534668,26.57380485534668,100
2024-06-19 20:00:00-04:00,26.619513009031063,26.619513009031063,26.609786987304688,26.609786987304688,600
2024-06-20 20:00:00-04:00,26.59325408935547,26.59325408935547,26.59325408935547,26.59325408935547,100
2024-06-23 20:00:00-04:00,26.759567260742188,26.759567260742188,26.759567260742188,26.759567260742188,100
2024-06-24 20:00:00-04:00,26.50377655029297,26.50377655029297,26.50377655029297,26.50377655029297,100
2024-06-25 20:00:00-04:00,26.432777404785156,26.432777404785156,26.432777404785156,26.432777404785156,100
2024-06-26 20:00:00-04:00,26.396793365478516,26.396793365478516,26.396793365478516,26.396793365478516,100
2024-06-27 20:00:00-04:00,26.58061103106421,26.58061103106421,26.386094291201417,26.483352661132812,10400
2024-06-30 20:00:00-04:00,26.362754821777344,26.362754821777344,26.362754821777344,26.362754821777344,100
2024-07-01 20:00:00-04:00,26.36664425377121,26.431806564331055,26.36664425377121,26.431806564331055,1000
2024-07-02 20:00:00-04:00,26.47362879456844,26.49405288696289,26.47362879456844,26.49405288696289,200
2024-07-04 20:00:00-04:00,26.43569564819336,26.43569564819336,26.43569564819336,26.43569564819336,100
2024-07-07 20:00:00-04:00,26.43180691265697,26.48918914794922,26.43180691265697,26.48918914794922,200
2024-07-08 20:00:00-04:00,26.486270904541016,26.486270904541016,26.486270904541016,26.486270904541016,100
2024-07-09 20:00:00-04:00,26.735252380371094,26.735252380371094,26.735252380371094,26.735252380371094,100
2024-07-10 20:00:00-04:00,26.989095686676443,26.996875762939453,26.979369663823093,26.996875762939453,700
2024-07-11 20:00:00-04:00,27.310047412294754,27.310047412294754,27.183612823486328,27.183612823486328,600
2024-07-14 20:00:00-04:00,27.232241127895843,27.241967150904568,27.230295181274414,27.230295181274414,500
2024-07-15 20:00:00-04:00,27.533740580557826,27.6961612701416,27.533740580557826,27.6961612701416,200
2024-07-16 20:00:00-04:00,27.79536282285594,27.79536282285594,27.73895263671875,27.73895263671875,400
2024-07-17 20:00:00-04:00,27.520126342773438,27.520126342773438,27.520126342773438,27.520126342773438,100
2024-07-18 20:00:00-04:00,27.28378677368164,27.28378677368164,27.28378677368164,27.28378677368164,100
2024-07-21 20:00:00-04:00,27.4170305827496,27.443288803100586,27.4170305827496,27.443288803100586,100
2024-07-22 20:00:00-04:00,27.326580047607422,27.326580047607422,27.326580047607422,27.326580047607422,100
2024-07-23 20:00:00-04:00,27.232236758108247,27.232236758108247,27.169992446899414,27.169992446899414,5700
2024-07-24 20:00:00-04:00,27.57069774922508,27.571671650031533,27.304210662841797,27.304210662841797,700
2024-07-25 20:00:00-04:00,27.65531349182129,27.65531349182129,27.65531349182129,27.65531349182129,500
2024-07-28 20:00:00-04:00,27.64364242553711,27.64364242553711,27.64364242553711,27.64364242553711,100
2024-07-29 20:00:00-04:00,27.758405685424805,27.758405685424805,27.758405685424805,27.758405685424805,100
2024-07-30 20:00:00-04:00,27.91207504272461,27.91207504272461,27.91207504272461,27.91207504272461,100
2024-07-31 20:00:00-04:00,27.636835051528237,27.636835051528237,27.605712890625,27.605712890625,400
2024-08-01 20:00:00-04:00,27.173887252807617,27.173887252807617,27.173887252807617,27.173887252807617,100
2024-08-04 20:00:00-04:00,26.609789500291413,26.609789500291413,26.54851722717285,26.54851722717285,300
2024-08-05 20:00:00-04:00,26.566022117625796,27.055230089623272,26.566022117625796,26.80819320678711,1600
2024-08-06 20:00:00-04:00,26.588390350341797,26.588390350341797,26.588390350341797,26.588390350341797,100
2024-08-07 20:00:00-04:00,27.066899499807736,27.066899499807736,27.050365447998047,27.050365447998047,100
2024-08-08 20:00:00-04:00,27.09996795654297,27.09996795654297,27.09996795654297,27.09996795654297,0
2024-08-11 20:00:00-04:00,27.086352097157544,27.086352097157544,26.940465475028315,26.957971572875977,400
2024-08-12 20:00:00-04:00,27.203060553534446,27.268224716186523,27.16513036582814,27.268224716186523,5800
2024-08-13 20:00:00-04:00,27.443288803100586,27.443288803100586,27.443288803100586,27.443288803100586,100
2024-08-14 20:00:00-04:00,27.701993942260742,27.701993942260742,27.701993942260742,27.701993942260742,100
2024-08-15 20:00:00-04:00,27.70880432613036,27.806062698364258,27.70880432613036,27.806062698364258,200
2024-08-18 20:00:00-04:00,27.96167328524153,27.971399307250977,27.948057225438113,27.971399307250977,1900
2024-08-19 20:00:00-04:00,27.932498383229422,27.932498383229422,27.895540237426758,27.895540237426758,1600
2024-08-20 20:00:00-04:00,28.039478302001953,28.039478302001953,28.039478302001953,28.039478302001953,700
2024-08-21 20:00:00-04:00,27.958757400512695,27.958757400512695,27.958757400512695,27.958757400512695,100
2024-08-22 20:00:00-04:00,28.282624095478667,28.330280303955078,28.24372186317198,28.330280303955078,1200
2024-08-25 20:00:00-04:00,28.338062286376953,28.338062286376953,28.338062286376953,28.338062286376953,0
2024-08-26 20:00:00-04:00,28.33125455751856,28.3604326253092,28.33125455751856,28.356542587280273,4700
2024-08-27 20:00:00-04:00,28.331254509147534,28.331254509147534,28.20481992570221,28.325420379638672,1600
2024-08-28 20:00:00-04:00,28.48589435552397,28.49659242356246,28.428512122363806,28.430458068847656,3200
2024-08-29 20:00:00-04:00,28.57439859279555,28.717369079589844,28.458662081382748,28.717369079589844,9800
2024-09-02 20:00:00-04:00,28.49659469507503,28.49659469507503,28.32153184448781,28.358489990234375,5600
2024-09-03 20:00:00-04:00,28.360431671142578,28.360431671142578,28.292351370304054,28.360431671142578,1600
2024-09-04 20:00:00-04:00,28.22427208034937,28.22427208034937,28.127013709218463,28.12895965576172,3200
2024-09-05 20:00:00-04:00,27.844965938179044,27.89359605357393,27.815789723991337,27.825515747070312,7300
2024-09-08 20:00:00-04:00,28.078384899218857,28.17466936766083,28.078384899218857,28.107561111450195,1600
2024-09-09 20:00:00-04:00,28.068658727179294,28.135766983032227,28.039480660054384,28.135766983032227,4900
2024-09-10 20:00:00-04:00,27.71852904356865,28.12506675720215,27.71852904356865,28.12506675720215,22100
2024-09-11 20:00:00-04:00,28.117286979006153,28.292351671626314,28.117286979006153,28.28067970275879,7400
2024-09-12 20:00:00-04:00,28.486867953556008,28.52577018737793,28.486867953556008,28.52577018737793,2700
2024-09-15 20:00:00-04:00,28.75918960571289,28.75918960571289,28.73973756097286,28.75918960571289,400
2024-09-16 20:00:00-04:00,28.88562604147402,28.895350208794948,28.70083532654188,28.75918960571289,10100
2024-09-17 20:00:00-04:00,28.751410185300962,28.751410185300962,28.71347999572754,28.71347999572754,200
2024-09-18 20:00:00-04:00,28.977046966552734,28.977046966552734,28.977046966552734,28.977046966552734,100
2024-09-19 20:00:00-04:00,28.83699767770964,28.924530029296875,28.818519532620833,28.924530029296875,900
2024-09-22 20:00:00-04:00,29.021784582433572,29.046098709106445,29.002332539075688,29.046098709106445,6100
2024-09-23 20:00:00-04:00,29.060690928741458,29.080142974853516,29.05096676073465,29.080142974853516,4600
2024-09-24 20:00:00-04:00,29.1544454604053,29.1544454604053,28.909048080444336,28.909048080444336,500
2024-09-25 20:00:00-04:00,29.08600790206521,29.095784935217463,29.08600790206521,29.092851638793945,500
2024-09-26 20:00:00-04:00,29.19257354736328,29.19257354736328,29.19257354736328,29.19257354736328,100
2024-09-29 20:00:00-04:00,29.232658906515624,29.26785659790039,29.115338241308674,29.26785659790039,800
2024-09-30 20:00:00-04:00,29.143692016601562,29.143692016601562,29.143692016601562,29.143692016601562,100
2024-10-01 20:00:00-04:00,29.15444483140596,29.15444483140596,29.132936477661133,29.132936477661133,900
2024-10-02 20:00:00-04:00,29.017568927166945,29.017568927166945,28.978460796724573,29.003881454467773,1000
2024-10-03 20:00:00-04:00,29.210172653198242,29.210172653198242,29.210172653198242,29.210172653198242,100
2024-10-06 20:00:00-04:00,29.012680053710938,29.012680053710938,29.012680053710938,29.012680053710938,100
2024-10-07 20:00:00-04:00,29.07622913198258,29.08600616455078,29.07622913198258,29.08600616455078,1500
2024-10-08 20:00:00-04:00,29.183776219398034,29.35193634033203,29.16910973735554,29.35193634033203,5000
2024-10-09 20:00:00-04:00,29.2336368560791,29.2336368560791,29.2336368560791,29.2336368560791,100
2024-10-10 20:00:00-04:00,29.496633735460215,29.50641076853454,29.477079669311568,29.49956703186035,4800
2024-10-13 20:00:00-04:00,29.618843156399958,29.703901290893555,29.618843156399958,29.703901290893555,600
2024-10-14 20:00:00-04:00,29.51227569580078,29.51227569580078,29.51227569580078,29.51227569580078,100
2024-10-15 20:00:00-04:00,29.65697258651146,29.745941162109375,29.65697258651146,29.745941162109375,1100
2024-10-16 20:00:00-04:00,29.71563148498535,29.71563148498535,29.71563148498535,29.71563148498535,100
2024-10-17 20:00:00-04:00,29.692171161795567,29.721500396728516,29.692171161795567,29.721500396728516,400
2024-10-20 20:00:00-04:00,29.428196025632054,29.447750091552734,29.418418992671718,29.447750091552734,1000
2024-10-21 20:00:00-04:00,29.39006805419922,29.39006805419922,29.39006805419922,29.39006805419922,200
2024-10-22 20:00:00-04:00,29.301097635249477,29.301097635249477,29.259058070137126,29.27861213684082,1600
2024-10-23 20:00:00-04:00,29.218971252441406,29.218971252441406,29.218971252441406,29.218971252441406,0
2024-10-24 20:00:00-04:00,29.034191131591797,29.034191131591797,29.034191131591797,29.034191131591797,0
2024-10-27 20:00:00-04:00,29.19452779808301,29.20332768652532,29.182796478271484,29.182796478271484,200
2024-10-28 20:00:00-04:00,29.182799599347412,29.182799599347412,29.0234375,29.0234375,1000
2024-10-29 20:00:00-04:00,29.007795333862305,29.007795333862305,29.007795333862305,29.007795333862305,100
2024-10-30 20:00:00-04:00,28.78781529972896,28.89047135202251,28.78781529972896,28.790748596191406,200
2024-10-31 20:00:00-04:00,28.76239776611328,28.76239776611328,28.76239776611328,28.76239776611328,100
2024-11-03 19:00:00-05:00,28.700801849365234,28.700801849365234,28.700801849365234,28.700801849365234,100
2024-11-04 19:00:00-05:00,29.00094985961914,29.00094985961914,29.00094985961914,29.00094985961914,100
2024-11-05 19:00:00-05:00,29.61395690338898,29.760608673095703,29.61395690338898,29.760608673095703,2000
2024-11-06 19:00:00-05:00,29.733232498168945,29.733232498168945,29.733232498168945,29.733232498168945,100
2024-11-07 19:00:00-05:00,29.880861282348633,29.880861282348633,29.880861282348633,29.880861282348633,300
2024-11-10 19:00:00-05:00,29.954187393188477,29.954187393188477,29.954187393188477,29.954187393188477,100
2024-11-11 19:00:00-05:00,29.782117188724662,29.782117188724662,29.698036193847656,29.698036193847656,600
2024-11-12 19:00:00-05:00,29.731276345681493,29.733232498168945,29.731276345681493,29.733232498168945,200
2024-11-13 19:00:00-05:00,29.72052095476737,29.72052095476737,29.59440040588379,29.59440040588379,9700
2024-11-14 19:00:00-05:00,29.471213889823773,29.471213889823773,29.423307731782394,29.4555721282959,1100
2024-11-17 19:00:00-05:00,29.604179310339365,29.604179310339365,29.565071177941885,29.584625244140625,1500
2024-11-18 19:00:00-05:00,29.477077379593524,29.48685441190839,29.437971115112305,29.437971115112305,1500
2024-11-19 19:00:00-05:00,29.36953558917562,29.483922958374023,29.352914819679437,29.483922958374023,500
2024-11-20 19:00:00-05:00,29.799713038140183,29.82611083984375,29.799713038140183,29.82611083984375,100
2024-11-21 19:00:00-05:00,30.024581434882197,30.054889678955078,30.00502923288231,30.054889678955078,500
2024-11-24 19:00:00-05:00,30.27877804690948,30.288555080084965,30.239671778985947,30.259225845336914,2400
2024-11-25 19:00:00-05:00,30.112572241584818,30.288555109356807,30.112572241584818,30.278778076171875,2900
2024-11-26 19:00:00-05:00,30.30810798186466,30.30810798186466,30.261178970336914,30.261178970336914,300
2024-11-28 19:00:00-05:00,30.415653010105636,30.415653010105636,30.356990814208984,30.356990814208984,1300
2024-12-01 19:00:00-05:00,30.200563770543386,30.200563770543386,30.18687629699707,30.18687629699707,600
2024-12-02 19:00:00-05:00,30.02458041343598,30.030447006225586,30.02458041343598,30.030447006225586,600
2024-12-03 19:00:00-05:00,29.926813022333633,29.96298599243164,29.926813022333633,29.96298599243164,2700
2024-12-04 19:00:00-05:00,29.85935401916504,29.85935401916504,29.85935401916504,29.85935401916504,100
2024-12-05 19:00:00-05:00,29.763540267944336,29.763540267944336,29.763540267944336,29.763540267944336,0
2024-12-08 19:00:00-05:00,29.611024856567383,29.611024856567383,29.611024856567383,29.611024856567383,100
2024-12-09 19:00:00-05:00,29.516188131823014,29.516188131823014,29.430150985717773,29.430150985717773,1100
2024-12-10 19:00:00-05:00,29.398862903326844,29.398862903326844,29.35291290283203,29.35291290283203,100
2024-12-11 19:00:00-05:00,29.379310840754894,29.379310840754894,29.26101303100586,29.26101303100586,3000
2024-12-12 19:00:00-05:00,29.20332706775436,29.20332706775436,29.1642189396548,29.173995971679688,700
2024-12-15 19:00:00-05:00,29.26199058452862,29.26199058452862,28.97846221923828,28.97846221923828,900
2024-12-16 19:00:00-05:00,28.832964925149273,28.843778569323394,28.755300571404177,28.814285278320312,3900
2024-12-17 19:00:00-05:00,28.843778498209915,28.843778498209915,28.09663200378418,28.09663200378418,2400
2024-12-18 19:00:00-05:00,28.18510991023452,28.18510991023452,28.008153915405273,28.008153915405273,700
2024-12-19 19:00:00-05:00,28.07697205438005,28.37189936199093,28.07697205438005,28.309965133666992,1900
2024-12-22 19:00:00-05:00,28.303082850675345,28.401390075683594,28.303082850675345,28.401390075683594,700
2024-12-23 19:00:00-05:00,28.50952995629826,28.59505844116211,28.50952995629826,28.59505844116211,600
2024-12-25 19:00:00-05:00,28.627501200065396,28.661909103393555,28.627501200065396,28.661909103393555,100
2024-12-26 19:00:00-05:00,28.542954068017945,28.542954068017945,28.48888397216797,28.48888397216797,200
2024-12-29 19:00:00-05:00,28.29325158113933,28.29325158113933,28.22443389892578,28.22443389892578,300
2024-12-30 19:00:00-05:00,28.303082624456678,28.303082624456678,28.276538848876953,28.276538848876953,200
2025-01-01 19:00:00-05:00,28.371900174132247,28.371900174132247,28.214606355606666,28.24016571044922,300
2025-01-02 19:00:00-05:00,28.469223022460938,28.469223022460938,28.469223022460938,28.469223022460938,100
2025-01-05 19:00:00-05:00,28.430883004253612,28.430883004253612,28.395492553710938,28.395492553710938,300
2025-01-06 19:00:00-05:00,28.509526842090466,28.509526842090466,28.407285690307617,28.407285690307617,200
2025-01-07 19:00:00-05:00,28.440712997660203,28.451526641845703,28.440712997660203,28.451526641845703,200
2025-01-09 19:00:00-05:00,28.025848388671875,28.025848388671875,28.025848388671875,28.025848388671875,100
2025-01-12 19:00:00-05:00,28.15561853234358,28.289318084716797,28.15561853234358,28.289318084716797,400
2025-01-13 19:00:00-05:00,28.401388525939225,28.503629684448242,28.401388525939225,28.503629684448242,100
2025-01-14 19:00:00-05:00,28.897848799114623,28.897848799114623,28.8211669921875,28.8211669921875,100
2025-01-15 19:00:00-05:00,29.040395072498747,29.050224293838866,29.020732879638672,29.020732879638672,17900
2025-01-16 19:00:00-05:00,29.207520052334797,29.237013343609934,29.19080924987793,29.19080924987793,16000
2025-01-20 19:00:00-05:00,29.48278560428961,29.55160140991211,29.472954507044957,29.55160140991211,46500
2025-01-21 19:00:00-05:00,29.472954986921156,29.472954986921156,29.364816665649414,29.364816665649414,4800
2025-01-22 19:00:00-05:00,29.345155262008262,29.53194236755371,29.345155262008262,29.53194236755371,5500
2025-01-23 19:00:00-05:00,29.502446460210074,29.502446460210074,29.463122073015665,29.46803855895996,7100
2025-01-26 19:00:00-05:00,29.551601537843716,29.669572830200195,29.551601537843716,29.669572830200195,460400
2025-01-27 19:00:00-05:00,29.571265424035296,29.571265424035296,29.43363380432129,29.43363380432129,11400
2025-01-28 19:00:00-05:00,29.532924162159038,29.532924162159038,29.409055709838867,29.409055709838867,1300
2025-01-29 19:00:00-05:00,29.60075764547564,29.699064870230668,29.512279643124018,29.65974235534668,5500
2025-01-30 19:00:00-05:00,29.482785511956425,29.482785511956425,29.44837760925293,29.44837760925293,300
2025-02-02 19:00:00-05:00,29.312709891302635,29.400205340356557,29.312709891302635,29.37169647216797,2600
2025-02-03 19:00:00-05:00,29.384476322235127,29.384476322235127,29.34515380859375,29.34515380859375,3300
2025-02-04 19:00:00-05:00,29.472955030984874,29.549636840820312,29.472955030984874,29.549636840820312,700
2025-02-05 19:00:00-05:00,29.467056274414062,29.467056274414062,29.467056274414062,29.467056274414062,0
2025-02-06 19:00:00-05:00,29.29108428955078,29.29108428955078,29.29108428955078,29.29108428955078,0
2025-02-09 19:00:00-05:00,29.36383299914055,29.374646644037043,29.3451552261539,29.361867904663086,5900
2025-02-10 19:00:00-05:00,29.364814901119804,29.512277603149414,29.35006731835385,29.512277603149414,6400
2025-02-11 19:00:00-05:00,29.344170639302387,29.354984283447266,29.32549099252395,29.354984283447266,33700
2025-02-12 19:00:00-05:00,29.40413936024425,29.571264266967773,29.40413936024425,29.571264266967773,4500
2025-02-13 19:00:00-05:00,29.61058834256626,29.61058834256626,29.498516082763672,29.498516082763672,200
2025-02-17 19:00:00-05:00,29.620416730949934,29.708894729614258,29.610587508956158,29.708894729614258,11000
2025-02-18 19:00:00-05:00,29.70889672074755,29.797374725341797,29.70889672074755,29.797374725341797,800
2025-02-19 19:00:00-05:00,29.70889477023166,29.738388061523438,29.70889477023166,29.738388061523438,400
2025-02-20 19:00:00-05:00,29.37464527346629,29.423800759461603,29.37464527346629,29.404138565063477,4500
2025-02-23 19:00:00-05:00,29.433631856660664,29.561432370068353,29.40315601787059,29.404138565063477,16200
2025-02-24 19:00:00-05:00,29.453293547360463,29.561433746495265,29.453293547360463,29.50244903564453,8900
2025-02-25 19:00:00-05:00,29.541769236404775,29.551600333291265,29.325490730172053,29.355966567993164,700
2025-02-26 19:00:00-05:00,29.57126592474007,29.57126592474007,29.27634048461914,29.27634048461914,1100
2025-02-27 19:00:00-05:00,29.443462652143086,29.62729835510254,29.443462652143086,29.62729835510254,900
2025-03-02 19:00:00-05:00,29.74821663720167,29.787539147167738,29.364813258355532,29.400203704833984,600
2025-03-03 19:00:00-05:00,28.961749978411863,29.187861474832882,28.873273849487305,28.873273849487305,3200
2025-03-04 19:00:00-05:00,28.951919031431068,29.1485353480164,28.842796291318347,29.07971954345703,8100
2025-03-05 19:00:00-05:00,28.74546987358724,28.88310148333283,28.74546987358724,28.834930419921875,1000
2025-03-06 19:00:00-05:00,28.971580669553,29.11904525756836,28.883102666779834,29.11904525756836,1100
2025-03-09 20:00:00-04:00,29.001071517057206,29.001071517057206,28.627499217470294,28.728755950927734,1800
2025-03-10 20:00:00-04:00,28.745472243893243,28.745472243893243,28.352237701416016,28.352237701416016,500
2025-03-11 20:00:00-04:00,28.20477294921875,28.381728949350094,28.201823432537886,28.20477294921875,8200
2025-03-12 20:00:00-04:00,28.283419624767863,28.283419624767863,27.96883201599121,27.96883201599121,5900
2025-03-13 20:00:00-04:00,28.204772563280425,28.48003578186035,28.204772563280425,28.48003578186035,1100
2025-03-16 20:00:00-04:00,28.686483571475833,28.863439559936523,28.676652474884687,28.863439559936523,1600
2025-03-17 20:00:00-04:00,28.793381680910542,28.793381680910542,28.68483851689886,28.710494995117188,6200
2025-03-18 20:00:00-04:00,28.73417861674254,28.862455368041992,28.73417861674254,28.862455368041992,2500
2025-03-19 20:00:00-04:00,28.872322744637916,28.911791789906797,28.744044112839898,28.77364730834961,4200
2025-03-20 20:00:00-04:00,28.556562627168887,28.665103912353516,28.556562627168887,28.665103912353516,900
2025-03-23 20:00:00-04:00,28.92165880991474,29.020334243774414,28.92165880991474,29.020334243774414,24300
2025-03-24 20:00:00-04:00,28.879228901151116,28.93152618408203,28.842718482913206,28.93152618408203,1800
2025-03-25 20:00:00-04:00,28.94139414043911,28.984811782836914,28.94139414043911,28.984811782836914,600
2025-03-26 20:00:00-04:00,28.970997092597724,28.9808648240636,28.950275421142578,28.950275421142578,3800
2025-03-27 20:00:00-04:00,28.734176046286414,28.734176046286414,28.592082977294922,28.592082977294922,3800
2025-03-30 20:00:00-04:00,28.576295654913505,28.892057418823242,28.576295654913505,28.892057418823242,300
2025-03-31 20:00:00-04:00,28.6058992271098,28.931526844806232,28.6058992271098,28.83285140991211,2100
2025-04-01 20:00:00-04:00,29.029216766357422,29.029216766357422,29.029216766357422,29.029216766357422,300
2025-04-02 20:00:00-04:00,28.24080104243799,28.27040235385646,27.925039291381836,27.925039291381836,600
2025-04-03 20:00:00-04:00,27.6290151851984,27.6290151851984,26.31663703918457,26.31663703918457,1500
2025-04-06 20:00:00-04:00,26.6027944322475,26.6027944322475,25.897269507045532,26.069950103759766,1000
2025-04-07 20:00:00-04:00,26.79027585396404,26.79027585396404,25.507500949355027,25.606176376342773,5800
2025-04-08 20:00:00-04:00,25.55684005417985,27.391210556030273,25.55684005417985,27.391210556030273,1100
2025-04-09 20:00:00-04:00,26.760675912128693,26.760675912128693,26.43504830386736,26.645225524902344,2000
2025-04-10 20:00:00-04:00,26.622528237221044,27.125771221830465,26.622528237221044,27.027095794677734,3100
2025-04-13 20:00:00-04:00,27.32312482179635,27.431666108702,27.32312482179635,27.332992553710938,5400
2025-04-14 20:00:00-04:00,27.384302251887938,27.3912094756727,27.254051208496094,27.254051208496094,700
2025-04-15 20:00:00-04:00,26.898820877075195,26.898820877075195,26.898820877075195,26.898820877075195,1400
2025-04-16 20:00:00-04:00,27.05768625626917,27.145507747471378,26.987627810670805,26.99848175048828,3200
2025-04-20 20:00:00-04:00,26.386695658860116,26.462677001953125,26.375841719011774,26.462677001953125,700
2025-04-21 20:00:00-04:00,27.079397110040894,27.079397110040894,26.953092779091364,27.061634063720703,1300
2025-04-22 20:00:00-04:00,27.638882973728524,27.638882973728524,27.19484447592989,27.275758743286133,5800
2025-04-23 20:00:00-04:00,27.54020851390643,27.543169021606445,27.530340782265505,27.543169021606445,2100
2025-04-24 20:00:00-04:00,27.40699855400421,27.500741069006878,27.40699855400421,27.490873336791992,19600
2025-04-27 20:00:00-04:00,27.39219635178206,27.579679489135742,27.39219635178206,27.579679489135742,10900
2025-04-28 20:00:00-04:00,27.757292617564005,27.7770280805997,27.749399185180664,27.749399185180664,800
2025-04-29 20:00:00-04:00,27.490870379455146,27.83327293395996,27.332990445155914,27.83327293395996,4300
2025-04-30 20:00:00-04:00,27.714862823486328,27.714862823486328,27.714862823486328,27.714862823486328,200
2025-05-01 20:00:00-04:00,28.04345233492486,28.191464549605307,28.042466126355855,28.144100189208984,1500
2025-05-04 20:00:00-04:00,27.905307476871144,28.14212739359037,27.905307476871144,28.018783569335938,2900
2025-05-05 20:00:00-04:00,27.819459915161133,27.819459915161133,27.819459915161133,27.819459915161133,100
2025-05-06 20:00:00-04:00,27.97240447998047,27.97240447998047,27.97240447998047,27.97240447998047,100
2025-05-07 20:00:00-04:00,28.132259623393747,28.319742762986202,28.092788696289062,28.092788696289062,2700
2025-05-08 20:00:00-04:00,28.080947875976562,28.080947875976562,28.080947875976562,28.080947875976562,0
2025-05-11 20:00:00-04:00,28.704575668148703,28.71246910095215,28.704575668148703,28.71246910095215,3700
2025-05-12 20:00:00-04:00,28.674970778719295,28.674970778719295,28.655237197875977,28.655237197875977,2200
2025-05-13 20:00:00-04:00,28.507224554883017,28.507224554883017,28.413483924368272,28.438152313232422,9800
2025-05-14 20:00:00-04:00,28.49735680609813,28.75193977355957,28.49735680609813,28.75193977355957,800
2025-05-15 20:00:00-04:00,28.84271616640803,29.009477615356445,28.84271616640803,29.009477615356445,100
2025-05-18 20:00:00-04:00,28.95126175187632,29.069670765812027,28.95126175187632,29.059804916381836,38900
2025-05-19 20:00:00-04:00,29.207816788217475,29.207816788217475,29.007505416870117,29.007505416870117,4300
2025-05-20 20:00:00-04:00,28.803247668553485,28.803247668553485,28.468738555908203,28.468738555908203,1600
2025-05-21 20:00:00-04:00,28.438150998093562,28.438150998093562,28.321714401245117,28.321714401245117,500
2025-05-22 20:00:00-04:00,28.27040266505076,28.27040266505076,28.23586654663086,28.23586654663086,1800
2025-05-26 20:00:00-04:00,28.57629601587242,28.667078018188477,28.57629601587242,28.667078018188477,300
2025-05-27 20:00:00-04:00,28.744043074595904,28.744043074595904,28.433218002319336,28.433218002319336,700
2025-05-28 20:00:00-04:00,28.605898720809776,28.605898720809776,28.542747497558594,28.542747497558594,300
2025-05-29 20:00:00-04:00,28.418415827093654,28.57728385925293,28.418415827093654,28.57728385925293,1100
2025-06-01 20:00:00-04:00,28.378946363218834,28.655237197875977,28.378946363218834,28.655237197875977,500
2025-06-02 20:00:00-04:00,28.80324961897306,28.81903648376465,28.783514155906225,28.81903648376465,5300
2025-06-03 20:00:00-04:00,28.91179118176438,28.91179118176438,28.77956771850586,28.77956771850586,5500
2025-06-04 20:00:00-04:00,28.753909408803,28.753909408803,28.72332000732422,28.72332000732422,3900
2025-06-05 20:00:00-04:00,29.059804219076526,29.059804219076526,28.951261057175557,29.047962188720703,500
2025-06-08 20:00:00-04:00,29.08940594322655,29.08940594322655,29.044015884399414,29.044015884399414,2100
2025-06-09 20:00:00-04:00,29.19597625732422,29.19597625732422,29.19597625732422,29.19597625732422,0
2025-06-10 20:00:00-04:00,29.115062713623047,29.115062713623047,29.115062713623047,29.115062713623047,200
2025-06-11 20:00:00-04:00,29.237416986102104,29.25813865661621,29.237416986102104,29.25813865661621,1400
2025-06-12 20:00:00-04:00,29.109142134321353,29.109142134321353,28.95126219195563,28.963102340698242,27900
2025-06-15 20:00:00-04:00,29.29521245276504,29.30512645740915,29.16633417419769,29.191118240356445,800
2025-06-16 20:00:00-04:00,29.176249247196967,29.176249247196967,28.952198028564453,28.952198028564453,600
2025-06-17 20:00:00-04:00,29.146506569458765,29.146506569458765,28.98392105102539,28.98392105102539,4800
2025-06-19 20:00:00-04:00,29.0880144746891,29.0880144746891,28.928403351116458,28.964092254638672,3200
2025-06-22 20:00:00-04:00,29.146505794092995,29.20598793029785,29.146505794092995,29.20598793029785,1200
2025-06-23 20:00:00-04:00,29.45383268683872,29.513316714585383,29.44392057311731,29.503402709960938,4400
2025-06-24 20:00:00-04:00,29.364610542858053,29.364610542858053,29.313058853149414,29.313058853149414,160300
2025-06-25 20:00:00-04:00,29.503403125066836,29.538101196289062,29.47366111077504,29.538101196289062,3600
2025-06-26 20:00:00-04:00,29.612454317084786,29.63426399230957,29.523230168033574,29.63426399230957,4400
2025-06-29 20:00:00-04:00,29.741332766463753,29.807754516601562,29.73141876196657,29.807754516601562,4000
2025-06-30 20:00:00-04:00,29.850386852772857,30.098231308499226,29.850386852772857,30.049654006958008,12500
2025-07-01 20:00:00-04:00,29.999093237284622,30.076419830322266,29.999093237284622,30.076419830322266,900
2025-07-02 20:00:00-04:00,30.227108001708984,30.227108001708984,30.227108001708984,30.227108001708984,200
2025-07-06 20:00:00-04:00,30.048660058969006,30.048660058969006,29.95943590726925,29.9703426361084,7600
2025-07-07 20:00:00-04:00,30.038745240895175,30.038745240895175,29.979263105006915,29.99810028076172,4300
2025-07-08 20:00:00-04:00,29.939608499290852,30.05857276916504,29.939608499290852,30.05857276916504,3600
2025-07-09 20:00:00-04:00,30.031807364796506,30.256851308283746,30.031807364796506,30.21124839782715,4400
2025-07-10 20:00:00-04:00,29.997108459472656,29.997108459472656,29.997108459472656,29.997108459472656,300
2025-07-13 20:00:00-04:00,29.93961118889716,30.006032943725586,29.92870445954793,30.006032943725586,700
2025-07-14 20:00:00-04:00,29.880124343692078,29.880124343692078,29.64516830444336,29.64516830444336,6200
2025-07-15 20:00:00-04:00,29.63227975581308,29.74133191124325,29.57279762144342,29.713573455810547,4600
2025-07-16 20:00:00-04:00,29.909868240356445,29.909868240356445,29.909868240356445,29.909868240356445,200
2025-07-17 20:00:00-04:00,29.914824563096545,29.914824563096545,29.80081634222571,29.86823081970215,2500
2025-07-20 20:00:00-04:00,29.929695774629423,30.018919926301333,29.820643613496408,29.825599670410156,2500
2025-07-21 20:00:00-04:00,29.979263517816076,30.10516929626465,29.9495215040109,30.10516929626465,1600
2025-07-22 20:00:00-04:00,30.266766076464574,30.30344581604004,30.266766076464574,30.30344581604004,3200
2025-07-23 20:00:00-04:00,30.326245823268383,30.365899950390443,30.26676368713379,30.26676368713379,7000
2025-07-24 20:00:00-04:00,30.20727965819623,30.339134216308594,30.20727965819623,30.339134216308594,400
2025-07-27 20:00:00-04:00,30.29650519763239,30.29650519763239,30.16762691495302,30.205299377441406,2000
2025-07-28 20:00:00-04:00,30.25685109518937,30.25685109518937,30.147798931432256,30.157712936401367,1700
2025-07-29 20:00:00-04:00,30.17753948179081,30.227107613327664,30.00008201599121,30.00008201599121,900
2025-07-30 20:00:00-04:00,30.20728106498934,30.20728106498934,29.915817260742188,29.915817260742188,600
2025-07-31 20:00:00-04:00,29.55297116909715,29.608488082885742,29.54305716436304,29.608488082885742,600
2025-08-03 20:00:00-04:00,29.824609221573986,29.980255126953125,29.820643997811278,29.980255126953125,1600
2025-08-04 20:00:00-04:00,29.959435954360362,29.98917796860805,29.84047167917573,29.947540283203125,5200
2025-08-05 20:00:00-04:00,29.919780885414397,29.9594350122613,29.89003887210197,29.92374610900879,6500
2025-08-06 20:00:00-04:00,29.84047170452025,29.919781851678387,29.82064369500495,29.899953842163086,6000
2025-08-07 20:00:00-04:00,30.073444366455078,30.073444366455078,30.073444366455078,30.073444366455078,0
2025-08-10 20:00:00-04:00,29.989177618567215,29.999091623200727,29.987194061279297,29.987194061279297,300
2025-08-11 20:00:00-04:00,30.13292717681059,30.355987548828125,30.13292717681059,30.355987548828125,2400
2025-08-12 20:00:00-04:00,30.593918394497024,30.607797622680664,30.593918394497024,30.607797622680664,200
2025-08-13 20:00:00-04:00,30.336160019604257,30.53740882873535,30.336160019604257,30.53740882873535,300
2025-08-14 20:00:00-04:00,30.465038299560547,30.465038299560547,30.465038299560547,30.465038299560547,200
2025-08-17 20:00:00-04:00,30.420425415039062,30.420425415039062,30.420425415039062,30.420425415039062,200
2025-08-18 20:00:00-04:00,30.474953877089668,30.504695892333984,30.474953877089668,30.504695892333984,400
2025-08-19 20:00:00-04:00,30.534434938715826,30.623659090395762,30.534434938715826,30.5740909576416,800
2025-08-20 20:00:00-04:00,30.458099365234375,30.458099365234375,30.458099365234375,30.458099365234375,100
2025-08-21 20:00:00-04:00,30.92801284790039,30.92801284790039,30.92801284790039,30.92801284790039,100
2025-08-24 20:00:00-04:00,30.861589678896973,30.861589678896973,30.722797393798828,30.722797393798828,4500
2025-08-25 20:00:00-04:00,30.682149530730896,30.769392013549805,30.682149530730896,30.769392013549805,900
2025-08-26 20:00:00-04:00,30.821935760404617,30.881417898579546,30.812021755558284,30.848703384399414,6800
2025-08-27 20:00:00-04:00,30.85167694091797,30.85167694091797,30.841762936339645,30.85167694091797,700
2025-08-28 20:00:00-04:00,30.782279527672415,30.795167922973633,30.782279527672415,30.795167922973633,4500
2025-09-01 20:00:00-04:00,30.465039209768353,30.608789443969727,30.45512520490242,30.608789443969727,700
2025-09-02 20:00:00-04:00,30.465038714873113,30.499736785888672,30.35598844492553,30.499736785888672,1000
2025-09-03 20:00:00-04:00,30.70693588256836,30.70693588256836,30.70693588256836,30.70693588256836,100
2025-09-04 20:00:00-04:00,30.612753614410266,30.70296859741211,30.599865219437714,30.70296859741211,8800
2025-09-07 20:00:00-04:00,30.59391972753586,30.64150619506836,30.59391972753586,30.64150619506836,600
2025-09-08 20:00:00-04:00,30.632582408485035,30.722797393798828,30.632582408485035,30.722797393798828,200
2025-09-09 20:00:00-04:00,30.792192127230486,30.83184814453125,30.752538000832704,30.83184814453125,15700
2025-09-10 20:00:00-04:00,31.188745498657227,31.20857350899419,31.188745498657227,31.188745498657227,3100
2025-09-11 20:00:00-04:00,30.977581024169922,30.977581024169922,30.977581024169922,30.977581024169922,300
2025-09-14 20:00:00-04:00,30.935943603515625,30.935943603515625,30.935943603515625,30.935943603515625,300
2025-09-15 20:00:00-04:00,31.068424363481096,31.068424363481096,30.869203187795705,30.978775024414062,4225900
2025-09-16 20:00:00-04:00,30.91900953370074,31.26764374242969,30.91900953370074,31.04850196838379,269300
2025-09-17 20:00:00-04:00,31.148113351177553,31.327412034477373,31.138152102114894,31.21784019470215,98900
2025-09-18 20:00:00-04:00,31.21783936158979,31.257682456863122,31.098306275941898,31.20787811279297,38600
2025-09-21 20:00:00-04:00,31.158073528137294,31.276609158050476,31.14811227941739,31.227800369262695,28200
2025-09-22 20:00:00-04:00,31.29752804517147,31.384188821440777,31.185965096395165,31.237762451171875,36100
2025-09-23 20:00:00-04:00,31.277604954456763,31.28756620325358,31.16305344316425,31.20787811279297,100900
2025-09-24 20:00:00-04:00,31.158073460227033,31.158073460227033,30.88912544511759,30.99869728088379,62400
2025-09-25 20:00:00-04:00,31.098307515723935,31.217840606137198,31.088346266529996,31.19991111755371,48700
2025-09-28 20:00:00-04:00,31.187955957863085,31.2776052981055,31.168035359964517,31.25768280029297,34900
2025-09-29 20:00:00-04:00,31.27660985198685,31.34733224957919,31.11822922368005,31.327411651611328,9500
2025-09-30 20:00:00-04:00,31.272626073960314,31.397138837210758,31.272626073960314,31.377216339111328,35500
2025-10-01 20:00:00-04:00,31.307489416390805,31.427020604856683,31.267644420292857,31.39912986755371,50200
2025-10-02 20:00:00-04:00,31.566476552456905,31.666087143927495,31.4947566986084,31.4947566986084,28400
2025-10-05 20:00:00-04:00,31.536591717684402,31.536591717684402,31.41706053197224,31.45889663696289,81600
2025-10-06 20:00:00-04:00,31.59635811846307,31.59635811846307,31.297528246627603,31.377216339111328,150000
2025-10-07 20:00:00-04:00,31.347333012870447,31.469854667904468,31.2776061685002,31.405107498168945,17400
2025-10-08 20:00:00-04:00,31.347332975661274,31.347332975661274,31.237763034601237,31.26764488220215,16100
2025-10-09 20:00:00-04:00,31.37721598178336,31.397138479655908,30.679943755555918,30.68791389465332,120200
2025-10-12 20:00:00-04:00,30.958852286091016,31.06244699265552,30.869202947721202,30.99869728088379,166300
2025-10-13 20:00:00-04:00,30.859243306472482,31.30250844710506,30.74469179034719,31.177995681762695,16300
2025-10-14 20:00:00-04:00,31.415067982411824,31.536592179628638,31.128190472620968,31.327411651611328,129300
2025-10-15 20:00:00-04:00,31.36725426052743,31.417060504458835,31.018618152663382,31.093326568603516,61600
2025-10-16 20:00:00-04:00,31.108268354926928,31.267644540101436,31.048502760464984,31.21784019470215,82700
2025-10-19 20:00:00-04:00,31.41706005344748,31.553525170041205,31.397137556160917,31.521650314331055,83200
2025-10-20 20:00:00-04:00,31.62624109199921,31.695967933727623,31.546553001464744,31.596357345581055,65600
2025-10-21 20:00:00-04:00,31.61627988006199,31.61627988006199,31.322429689639623,31.436981201171875,90900
2025-10-22 20:00:00-04:00,31.49674914614038,31.59137816139548,31.427020403415916,31.556514739990234,123700
2025-10-23 20:00:00-04:00,31.745774873050795,31.785617969233694,31.69098895337457,31.695968627929688,27500
2025-10-26 20:00:00-04:00,31.78561685740703,31.8752661955752,31.75573311137967,31.865304946899414,138600
2025-10-27 20:00:00-04:00,31.895190051836167,31.895190051836167,31.67604637145996,31.67604637145996,110100
2025-10-28 20:00:00-04:00,31.656124875332658,31.666086124150326,31.33737061290915,31.436981201171875,100800
2025-10-29 20:00:00-04:00,31.118228773535535,31.456903632971628,31.118228773535535,31.20787811279297,31200
2025-10-30 20:00:00-04:00,31.227801443764804,31.317450785414717,31.108268354926928,31.21784019470215,18200
2025-11-02 19:00:00-05:00,30.928968395376586,31.12818956858107,30.928968395376586,31.08834457397461,16100
2025-11-03 19:00:00-05:00,30.899087415664965,31.047506794881674,30.89311028632363,30.93893051147461,29900
2025-11-04 19:00:00-05:00,31.038541411310543,31.237762592093233,30.9986983151024,31.148113250732422,23300
2025-11-05 19:00:00-05:00,31.197918223682684,31.197918223682684,30.958853941881802,31.018619537353516,29900
2025-11-06 19:00:00-05:00,30.919009497340973,31.20787811279297,30.859242004560056,31.20787811279297,18700
2025-11-09 19:00:00-05:00,31.227800334160417,31.436980857301485,31.15408747369877,31.387176513671875,19100
2025-11-10 19:00:00-05:00,31.40709956525192,31.62126166648309,31.402117990852705,31.57643699645996,24900
2025-11-11 19:00:00-05:00,31.745775115161297,31.770677287954776,31.671066696866863,31.67604637145996,10100
2025-11-12 19:00:00-05:00,31.686006862379127,31.686006862379127,31.294539091687234,31.347332000732422,13300
2025-11-13 19:00:00-05:00,31.11822936325871,31.387177386127853,31.088345616301922,31.237762451171875,44400
2025-11-16 19:00:00-05:00,31.247724024340688,31.27760587169351,30.80943856399733,30.89908790588379,23400
2025-11-17 19:00:00-05:00,30.809438215044665,31.008657494825076,30.66998452920698,30.849281311035156,2917100
2025-11-18 19:00:00-05:00,30.839319125958593,30.899086618001107,30.660022349572813,30.76959228515625,206000
2025-11-19 19:00:00-05:00,31.148113057784396,31.148113057784396,30.440879580309414,30.46080207824707,91600
2025-11-20 19:00:00-05:00,30.64010006413472,31.0485017630135,30.560411974107495,30.909048080444336,117100
2025-11-23 19:00:00-05:00,30.99869845575258,31.128190893909085,30.839320370454892,31.05846405029297,62100
2025-11-24 19:00:00-05:00,31.23776202584832,31.546553140541466,31.20787827929842,31.5067081451416,139500
2025-11-25 19:00:00-05:00,31.46686443122703,31.71588994784015,31.46686443122703,31.636201858520508,73500
2025-11-27 19:00:00-05:00,31.715891326650162,31.85534501404364,31.715891326650162,31.83542251586914,35700
2025-11-30 19:00:00-05:00,31.73581376546826,31.785618110897353,31.576437580198377,31.606319427490234,88200
2025-12-01 19:00:00-05:00,31.55551935623328,31.656125501393266,31.486788067971844,31.581417083740234,46900
2025-12-02 19:00:00-05:00,31.546554068661276,31.900171763539905,31.546554068661276,31.860326766967773,69700
2025-12-03 19:00:00-05:00,31.865305297820612,31.964915885761545,31.83542155146415,31.915111541748047,82700
2025-12-04 19:00:00-05:00,32.02468472787728,32.0914211077328,31.964917232645977,31.999780654907227,45900
2025-12-07 19:00:00-05:00,32.08444819376291,32.08444819376291,31.7258527245104,31.74577522277832,37400
2025-12-08 19:00:00-05:00,31.73581278983243,31.880248047016096,31.666085948409677,31.686006546020508,66500
2025-12-09 19:00:00-05:00,31.744777677588093,32.109352175180305,31.730832308823036,32.06452560424805,96400
2025-12-10 19:00:00-05:00,31.984839963630325,32.27371049294007,31.984839963630325,32.253787994384766,63000
2025-12-11 19:00:00-05:00,32.36336046850982,32.36336046850982,32.044604285228495,32.12429428100586,47600
2025-12-14 19:00:00-05:00,32.16413789056514,32.21394223586217,32.06452540014309,32.19900131225586,54600
2025-12-15 19:00:00-05:00,32.189998626708984,32.189998626708984,31.84000015258789,31.940000534057617,47900
2025-12-16 19:00:00-05:00,32.0,32.04399871826172,31.799999237060547,31.815000534057617,23500
2025-12-17 19:00:00-05:00,32.02000045776367,32.099998474121094,31.84000015258789,31.8700008392334,59500
2025-12-18 19:00:00-05:00,32.0099983215332,32.08000183105469,31.969999313354492,31.989999771118164,95900
2025-12-21 19:00:00-05:00,32.279998779296875,32.279998779296875,32.08000183105469,32.209999084472656,87600
2025-12-22 19:00:00-05:00,32.15999984741211,32.25,32.15999984741211,32.22999954223633,41800
2025-12-23 19:00:00-05:00,32.29499816894531,32.38999938964844,32.290000915527344,32.36000061035156,16600
2025-12-25 19:00:00-05:00,32.34000015258789,32.369998931884766,32.2599983215332,32.369998931884766,36000
2025-12-28 19:00:00-05:00,32.310001373291016,32.33000183105469,32.2599983215332,32.29999923706055,24700
2025-12-29 19:00:00-05:00,32.27000045776367,32.321998596191406,32.250999450683594,32.29999923706055,29100
2025-12-30 19:00:00-05:00,32.220001220703125,32.220001220703125,32.040000915527344,32.040000915527344,39400
2026-01-01 19:00:00-05:00,32.209999084472656,32.27000045776367,31.99799919128418,32.2400016784668,48400
2026-01-04 19:00:00-05:00,32.33000183105469,32.599998474121094,32.32500076293945,32.540000915527344,37200
2026-01-05 19:00:00-05:00,32.5,32.849998474121094,32.5,32.84000015258789,47900
2026-01-06 19:00:00-05:00,32.869998931884766,32.869998931884766,32.505001068115234,32.52000045776367,32000
2026-01-07 19:00:00-05:00,32.61800003051758,32.84000015258789,32.61800003051758,32.77000045776367,21700
2026-01-08 19:00:00-05:00,32.93000030517578,33.0099983215332,32.849998474121094,32.970001220703125,98300
2026-01-11 19:00:00-05:00,32.779998779296875,32.95000076293945,32.779998779296875,32.95000076293945,46300
2026-01-12 19:00:00-05:00,33.029998779296875,33.029998779296875,32.779998779296875,32.85499954223633,37400
2026-01-13 19:00:00-05:00,32.814998626708984,32.970001220703125,32.79999923706055,32.970001220703125,40100
2026-01-14 19:00:00-05:00,33.029998779296875,33.150001525878906,33.029998779296875,33.06999969482422,66100
2026-01-15 19:00:00-05:00,33.060001373291016,33.099998474121094,32.97999954223633,33.0099983215332,22000
2026-01-19 19:00:00-05:00,32.59000015258789,32.79499816894531,32.465999603271484,32.4900016784668,27300
2026-01-20 19:00:00-05:00,32.75,33.060001373291016,32.709999084472656,32.97999954223633,23000
2026-01-21 19:00:00-05:00,33.099998474121094,33.28499984741211,33.06999969482422,33.189998626708984,21600
2026-01-22 19:00:00-05:00,33.09000015258789,33.09000015258789,32.94900131225586,33.01499938964844,24600
