Price,Open,High,Low,Close,Volume
Ticker,GHYB,GHYB,GHYB,GHYB,GHYB
Date,,,,,
2021-01-25 19:00:00-05:00,37.26093665659196,37.32988785355805,37.26093665659196,37.27131652832031,6900
2021-01-26 19:00:00-05:00,37.25647051863286,37.281679170938084,37.126722181989486,37.14525604248047,23100
2021-01-27 19:00:00-05:00,37.28613319796927,37.38251607365174,37.23423385620117,37.23423385620117,12100
2021-01-28 19:00:00-05:00,37.278732911673,37.31283941973651,37.17716005952235,37.20310974121094,7000
2021-01-31 19:00:00-05:00,37.268611952836906,37.32816878357667,37.16587350885037,37.264888763427734,8700
2021-02-01 19:00:00-05:00,37.28351340605901,37.39518356323242,37.28351340605901,37.39518356323242,5400
2021-02-02 19:00:00-05:00,37.41007548255071,37.44655480010276,37.3951855594736,37.41603088378906,7600
2021-02-03 19:00:00-05:00,37.484519866513885,37.52918963289534,37.47707632543145,37.491966247558594,11500
2021-02-04 19:00:00-05:00,37.63341053500711,37.63341053500711,37.529183935901095,37.558963775634766,87300
2021-02-07 19:00:00-05:00,37.58128898160912,37.62595873139896,37.57384544329141,37.60362243652344,23900
2021-02-08 19:00:00-05:00,37.596189815159136,37.6110797360794,37.558966432839505,37.573856353759766,16600
2021-02-09 19:00:00-05:00,37.603628471926584,37.603628471926584,37.51801498770655,37.581295013427734,9800
2021-02-10 19:00:00-05:00,37.56639476172649,37.61850804386439,37.55746308476063,37.57011795043945,7200
2021-02-11 19:00:00-05:00,37.551505653654736,37.6609463884566,37.551505653654736,37.65201187133789,13600
2021-02-15 19:00:00-05:00,37.59618715532093,37.61107707518777,37.5477970457251,37.558963775634766,6600
2021-02-16 19:00:00-05:00,37.544073855767934,37.5812972354541,37.5105708260771,37.558963775634766,15000
2021-02-17 19:00:00-05:00,37.54406663014919,37.54406663014919,37.209050597526186,37.45845031738281,120800
2021-02-18 19:00:00-05:00,37.544073118192614,37.544073118192614,37.410066681985576,37.47334671020508,25900
2021-02-21 19:00:00-05:00,37.447285321310886,37.50386587254727,37.3877284905134,37.402618408203125,33700
2021-02-22 19:00:00-05:00,37.30585249462412,37.477082366745236,37.29096257009672,37.46963882446289,32800
2021-02-23 19:00:00-05:00,37.30584729824023,37.55897030002287,37.30584729824023,37.43240737915039,19800
2021-02-24 19:00:00-05:00,37.387730890515144,37.387730890515144,37.14279556274414,37.14279556274414,10400
2021-02-25 19:00:00-05:00,37.21649845261171,37.23138553024226,36.99315252869403,37.0005989074707,45700
2021-02-28 19:00:00-05:00,37.212778592931464,37.35472552394427,37.176917805633806,37.3173713684082,73400
2021-03-01 19:00:00-05:00,37.30242977650166,37.347256473878026,37.24266084666652,37.2800178527832,11200
2021-03-02 19:00:00-05:00,37.26881058025759,37.2874890840874,37.14554214477539,37.14554214477539,17500
2021-03-03 19:00:00-05:00,37.28523911422578,37.30989108480139,36.988640283966184,36.99611282348633,31400
2021-03-04 19:00:00-05:00,37.130593855918214,37.15300577690708,36.9811743994679,37.123870849609375,23100
2021-03-07 19:00:00-05:00,37.09324181920686,37.123872966272295,36.839229583740234,36.839229583740234,403400
2021-03-08 19:00:00-05:00,36.99237303183198,37.03346344546435,36.88404401861379,36.9213981628418,8300
2021-03-09 19:00:00-05:00,36.9064525027197,37.03345714146334,36.9064525027197,37.00730895996094,8200
2021-03-10 19:00:00-05:00,37.15301183634358,37.20530822713956,37.103705032138606,37.14554214477539,6800
2021-03-11 19:00:00-05:00,37.00359012652734,37.08577097852483,37.00359012652734,37.0439338684082,11300
2021-03-14 20:00:00-04:00,36.98117596442829,37.05588427084539,36.98117596442829,37.02226638793945,8300
2021-03-15 20:00:00-04:00,36.93633910477476,37.04093469488617,36.93633910477476,36.947547912597656,6700
2021-03-16 20:00:00-04:00,36.81681862705323,37.00359226513681,36.81681862705323,36.96773147583008,12300
2021-03-17 20:00:00-04:00,36.86911578630517,36.86911578630517,36.74360444608496,36.771995544433594,14100
2021-03-18 20:00:00-04:00,36.74958410690549,36.86090275800056,36.68832464952483,36.812339782714844,17200
2021-03-21 20:00:00-04:00,36.809336064954465,37.01852155448477,36.809336064954465,36.95875549316406,57300
2021-03-22 20:00:00-04:00,36.89824083421008,37.02599503280815,36.89824083421008,36.97444534301758,6400
2021-03-23 20:00:00-04:00,37.06334692088736,37.13805520736813,37.0297261970141,37.048404693603516,61700
2021-03-24 20:00:00-04:00,37.0558787027493,37.12984316391886,36.99611263658404,37.08875274658203,5700
2021-03-25 20:00:00-04:00,37.153004817937266,37.20380783081055,37.070823976513836,37.20380783081055,9000
2021-03-28 20:00:00-04:00,37.1156531060237,37.22024587472996,37.1156531060237,37.21277618408203,30600
2021-03-29 20:00:00-04:00,37.16047629314457,37.18288821291271,37.11564960366936,37.1380615234375,9000
2021-03-30 20:00:00-04:00,37.190366340858766,37.39208221435547,37.18289664922092,37.39208221435547,43900
2021-03-31 20:00:00-04:00,37.311082528156426,37.363580304850544,37.29008341747878,37.35308074951172,8400
2021-04-04 20:00:00-04:00,37.52106919716978,37.52106919716978,37.34107765862519,37.412322998046875,18000
2021-04-05 20:00:00-04:00,37.46857880657116,37.51357813052743,37.45282947232364,37.50607681274414,11600
2021-04-06 20:00:00-04:00,37.4160701890379,37.51731792338679,37.4160701890379,37.49631881713867,24300
2021-04-07 20:00:00-04:00,37.44607699172247,37.55107254332526,37.44607699172247,37.46182632446289,11700
2021-04-08 20:00:00-04:00,37.46856302236793,37.47606433699117,37.443063702292804,37.467063903808594,13300
2021-04-11 20:00:00-04:00,37.4460732462468,37.6710641001648,37.31107816171321,37.43857192993164,34100
2021-04-12 20:00:00-04:00,37.38608481582229,37.46858215332031,37.38608481582229,37.46858215332031,7100
2021-04-13 20:00:00-04:00,37.48357425234194,37.502324683720225,37.375577603867846,37.442325592041016,11400
2021-04-14 20:00:00-04:00,37.52857217348192,37.59606971865025,37.43857353931478,37.58106994628906,11400
2021-04-15 20:00:00-04:00,37.602820577617585,37.602820577617585,37.46482724215439,37.53232192993164,14500
2021-04-18 20:00:00-04:00,37.48357086270683,37.52106886115832,37.44232220613602,37.45357131958008,21500
2021-04-19 20:00:00-04:00,37.43108244157257,37.442331557826236,37.333585332516456,37.423583984375,23200
2021-04-20 20:00:00-04:00,37.39357390412457,37.497819881395415,37.39357390412457,37.472320556640625,6700
2021-04-21 20:00:00-04:00,37.471572189821686,37.52857017739696,37.423574637367224,37.45357131958008,10800
2021-04-22 20:00:00-04:00,37.46107196708229,37.55106773394209,37.46107196708229,37.536067962646484,9100
2021-04-25 20:00:00-04:00,37.47608277872891,37.59607812353022,37.47608277872891,37.55107879638672,14200
2021-04-26 20:00:00-04:00,37.55857201030463,37.55857201030463,37.46857337543756,37.513572692871094,12300
2021-04-27 20:00:00-04:00,37.51358759771894,37.58108517023025,37.48358804084386,37.55483627319336,8000
2021-04-28 20:00:00-04:00,37.63356659241611,37.63356659241611,37.521069733532165,37.576568603515625,11300
2021-04-29 20:00:00-04:00,37.588572587589645,37.6035723616211,37.5735728135582,37.590824127197266,8000
2021-05-02 20:00:00-04:00,37.618679942413685,37.618679942413685,37.55092555273459,37.577274322509766,13200
2021-05-03 20:00:00-04:00,37.596076187702,37.596076187702,37.53810892047521,37.559940338134766,15700
2021-05-04 20:00:00-04:00,37.62620186763356,37.653303045497665,37.55092049892214,37.61114501953125,25200
2021-05-05 20:00:00-04:00,37.678911945711654,37.678911945711654,37.55093300193018,37.573516845703125,47300
2021-05-06 20:00:00-04:00,37.60361087367612,37.694701484786194,37.581024169921875,37.581024169921875,47500
2021-05-09 20:00:00-04:00,37.67890781212414,37.67890781212414,37.581039713509576,37.607391357421875,12600
2021-05-10 20:00:00-04:00,37.52833775565119,37.57350830473028,37.45079914384271,37.53436279296875,10500
2021-05-11 20:00:00-04:00,37.51328021491535,37.51328021491535,37.379276275634766,37.379276275634766,8300
2021-05-12 20:00:00-04:00,37.550912207461785,37.550912207461785,37.377762800217816,37.45756149291992,16400
2021-05-13 20:00:00-04:00,37.55091816558277,37.611142682449646,37.528331458932726,37.56221008300781,9200
2021-05-16 20:00:00-04:00,37.61867343188563,37.61867343188563,37.4906916638409,37.52080535888672,5900
2021-05-17 20:00:00-04:00,37.539632023275445,37.56974285044117,37.47563969502233,37.48316955566406,8300
2021-05-18 20:00:00-04:00,37.37775802612305,37.47562319697877,37.348396751786844,37.37775802612305,10600
2021-05-19 20:00:00-04:00,37.43799567261001,37.4756363570648,37.43799567261001,37.45305252075195,12000
2021-05-20 20:00:00-04:00,37.573504195383286,37.573504195383286,37.45305228281308,37.468109130859375,12400
2021-05-23 20:00:00-04:00,37.53587292965208,37.60362732696124,37.52081607782773,37.56598663330078,153800
2021-05-24 20:00:00-04:00,37.573507780762036,37.59609161908643,37.48316955566406,37.48316955566406,62400
2021-05-25 20:00:00-04:00,37.53962267123695,37.59608225298247,37.51327390915581,37.547149658203125,8100
2021-05-26 20:00:00-04:00,37.633729212286475,37.633729212286475,37.54338812971067,37.55844497680664,15000
2021-05-27 20:00:00-04:00,37.54338871953531,37.598346355889,37.52080488443653,37.55091857910156,9600
2021-05-31 20:00:00-04:00,37.63101577758789,37.63101577758789,37.57057510134512,37.63101577758789,13200
2021-06-01 20:00:00-04:00,37.714112172246985,37.72166869671803,37.63101057685321,37.67633819580078,13900
2021-06-02 20:00:00-04:00,37.58567017694403,37.66121810993927,37.563006373439244,37.61589050292969,8800
2021-06-03 20:00:00-04:00,37.721661302589865,37.721661302589865,37.63100320049568,37.698997497558594,8800
2021-06-06 20:00:00-04:00,37.75944540587597,37.75944540587597,37.67634092249812,37.68843078613281,32700
2021-06-07 20:00:00-04:00,37.80475641790063,37.80475641790063,37.691431656821216,37.72769546508789,14800
2021-06-08 20:00:00-04:00,37.75187425821975,37.78209169837072,37.73676409716,37.746585845947266,9300
2021-06-09 20:00:00-04:00,37.850089939403915,37.85689138587146,37.77378693233845,37.834224700927734,10400
2021-06-10 20:00:00-04:00,37.901467354487245,37.901467354487245,37.79720924019415,37.84858322143555,14300
2021-06-13 20:00:00-04:00,37.84178128261122,37.84178128261122,37.7745420674489,37.80324935913086,9200
2021-06-14 20:00:00-04:00,37.81232125003194,37.841786503585865,37.774547279146645,37.80476760864258,10600
2021-06-15 20:00:00-04:00,37.83499275084679,37.85765655986701,37.69900413278622,37.751888275146484,25500
2021-06-16 20:00:00-04:00,37.84253524453336,37.84253524453336,37.73676699097287,37.768497467041016,15600
2021-06-17 20:00:00-04:00,37.69145117942239,37.811574566155585,37.69145117942239,37.729225158691406,7000
2021-06-20 20:00:00-04:00,37.83498724831849,37.865204695294246,37.78965675490107,37.827430725097656,7300
2021-06-21 20:00:00-04:00,37.82365083870293,37.850092904901594,37.81609719777577,37.84707260131836,9000
2021-06-22 20:00:00-04:00,37.819892030499894,37.94077051208242,37.819892030499894,37.857666015625,11000
2021-06-23 20:00:00-04:00,37.94076778999883,37.94832143369378,37.86521694319874,37.91432571411133,8300
2021-06-24 20:00:00-04:00,37.952826916048494,37.97851389690976,37.94225009345668,37.96038055419922,12200
2021-06-27 20:00:00-04:00,38.031399740365394,38.031399740365394,37.955851827548585,37.978515625,16400
2021-06-28 20:00:00-04:00,37.95586942355888,38.008753563440905,37.95586942355888,38.00799560546875,10700
2021-06-29 20:00:00-04:00,37.96342041210962,38.03141471320112,37.96342041210962,37.986839294433594,13500
2021-06-30 20:00:00-04:00,38.09377011832192,38.12410507866262,38.046751797664136,38.087703704833984,6800
2021-07-01 20:00:00-04:00,38.13776070149727,38.19842773567686,38.09301619633988,38.14913558959961,14400
2021-07-05 20:00:00-04:00,38.156705936697506,38.213583252301554,38.130163575135676,38.16656494140625,17300
2021-07-06 20:00:00-04:00,38.19841866795708,38.21358614612679,38.11499898447402,38.163536071777344,14200
2021-07-07 20:00:00-04:00,38.137755108566225,38.16809006765805,38.09528732299805,38.09528732299805,10200
2021-07-08 20:00:00-04:00,38.04674005064031,38.175662145832774,38.04674005064031,38.13774490356445,9000
2021-07-11 20:00:00-04:00,38.190844410600505,38.190844410600505,38.11500700379593,38.168094635009766,9500
2021-07-12 20:00:00-04:00,38.15519013331746,38.17566608269196,38.039161682128906,38.039161682128906,7600
2021-07-13 20:00:00-04:00,38.1150012396916,38.15292138380988,38.061916509407,38.081634521484375,10200
2021-07-14 20:00:00-04:00,38.07707820628114,38.09072980323876,38.04674325275336,38.08466339111328,9600
2021-07-15 20:00:00-04:00,38.12258160080945,38.12258160080945,38.02399444580078,38.02399444580078,14800
2021-07-18 20:00:00-04:00,37.978510406027155,37.978510406027155,37.72825127031469,37.769203186035156,15000
2021-07-19 20:00:00-04:00,37.8192379814791,37.940574906200986,37.79648821212514,37.93830108642578,17600
2021-07-20 20:00:00-04:00,38.03082104579437,38.04598852383836,37.98607944453014,38.03158187866211,8100
2021-07-21 20:00:00-04:00,38.04296126060247,38.0998385867651,38.02400118758126,38.04978561401367,17500
2021-07-22 20:00:00-04:00,38.07707682515906,38.19765580209305,38.07707682515906,38.12788772583008,14500
2021-07-25 20:00:00-04:00,38.11499951172028,38.11499951172028,38.054332491102905,38.06949996948242,55200
2021-07-26 20:00:00-04:00,38.08467835787063,38.08467835787063,37.99746605543011,38.058135986328125,8400
2021-07-27 20:00:00-04:00,38.0846601202912,38.10740988703302,38.05432516936867,38.09603500366211,6900
2021-07-28 20:00:00-04:00,38.1210786619136,38.16809698916207,38.1210786619136,38.15671920776367,9700
2021-07-29 20:00:00-04:00,38.19083406520243,38.198416357378306,38.11423873901367,38.11423873901367,8100
2021-08-01 20:00:00-04:00,38.18732868594892,38.18732868594892,38.080745697021484,38.080745697021484,11600
2021-08-02 20:00:00-04:00,38.04268436159082,38.073134572619175,38.01984307310842,38.05791091918945,17700
2021-08-03 20:00:00-04:00,38.11119387026828,38.11119387026828,37.955123868015875,37.965782165527344,36200
2021-08-04 20:00:00-04:00,38.03506961284928,38.073134554743525,38.02365042069789,38.06324005126953,26800
2021-08-05 20:00:00-04:00,38.065511661334725,38.080738214499426,38.01983200184062,38.03277587890625,12400
2021-08-08 20:00:00-04:00,38.02744728930632,38.02744728930632,37.943702697753906,37.943702697753906,26500
2021-08-09 20:00:00-04:00,37.958933832038184,37.958933832038184,37.799059358417914,37.8828010559082,27700
2021-08-10 20:00:00-04:00,37.913247706369745,37.913247706369745,37.844729671611695,37.8896484375,14600
2021-08-11 20:00:00-04:00,37.92847957642386,37.974159240722656,37.89802646689133,37.974159240722656,14200
2021-08-12 20:00:00-04:00,37.981772611464535,38.04267883300781,37.981772611464535,38.04267883300781,8400
2021-08-15 20:00:00-04:00,38.06550829336267,38.080734845180146,37.951310606815454,38.0731201171875,32500
2021-08-16 20:00:00-04:00,38.01984153670213,38.01984153670213,37.913258541987716,37.9893913269043,11200
2021-08-17 20:00:00-04:00,37.98938796394191,38.012226345310744,37.937618255615234,37.937618255615234,6600
2021-08-18 20:00:00-04:00,37.86757530809783,37.95893173022688,37.82950747005645,37.89802551269531,12100
2021-08-19 20:00:00-04:00,37.958944330834875,38.01223583678115,37.8904262654512,37.99700927734375,7700
2021-08-22 20:00:00-04:00,38.06551875728353,38.13251502286365,38.02745381935997,38.11119842529297,9300
2021-08-23 20:00:00-04:00,38.13784249576397,38.187326622472476,38.06551708397051,38.17210006713867,8700
2021-08-24 20:00:00-04:00,38.21016654752556,38.2482343894827,38.11881011599934,38.24061965942383,68500
2021-08-25 20:00:00-04:00,38.1462185189741,38.19494175776321,38.10358532201254,38.153072357177734,12200
2021-08-26 20:00:00-04:00,38.202566060052675,38.30153725101214,38.202566060052675,38.267276763916016,6800
2021-08-29 20:00:00-04:00,38.25585505848313,38.3624380705959,38.25585505848313,38.31828308105469,83800
2021-08-30 20:00:00-04:00,38.377655098104654,38.377655098104654,38.27107211246418,38.35633850097656,9800
2021-08-31 20:00:00-04:00,38.425848621086715,38.425848621086715,38.34945644837897,38.37619400024414,8700
2021-09-01 20:00:00-04:00,38.48697628713201,38.48697628713201,38.441139221191406,38.441139221191406,11500
2021-09-02 20:00:00-04:00,38.36473723201428,38.47168744439879,38.36473723201428,38.464046478271484,12900
2021-09-06 20:00:00-04:00,38.50224370796905,38.50224370796905,38.37619400024414,38.37619400024414,14600
2021-09-07 20:00:00-04:00,38.38001598712613,38.42585012687704,38.33417893320052,38.40675354003906,9000
2021-09-08 20:00:00-04:00,38.385359022551754,38.46404173039751,38.385359022551754,38.43272018432617,32100
2021-09-09 20:00:00-04:00,38.532809155688156,38.532809155688156,38.36474574785369,38.391483306884766,14100
2021-09-12 20:00:00-04:00,38.364740908956996,38.49460820382068,38.364740908956996,38.4716911315918,12400
2021-09-13 20:00:00-04:00,38.43347643894045,38.54042660981395,38.39604387913473,38.437294006347656,13200
2021-09-14 20:00:00-04:00,38.525167057921266,38.586280223216164,38.50224998520756,38.55572509765625,22600
2021-09-15 20:00:00-04:00,38.456420783325754,38.57788653904235,38.42586273734691,38.554203033447266,9000
2021-09-16 20:00:00-04:00,38.50834853196138,38.51751360957195,38.46403851445149,38.49077606201172,12500
2021-09-19 20:00:00-04:00,38.33417743100251,38.395290586333786,38.3112603620251,38.37619400024414,11900
2021-09-20 20:00:00-04:00,38.37924853214481,38.44036460241015,38.36473594250522,38.414390563964844,7000
2021-09-21 20:00:00-04:00,38.509889196985206,38.51752725006128,38.418217989196535,38.467872619628906,11800
2021-09-22 20:00:00-04:00,38.5564761175698,38.5564761175698,38.467858996724125,38.49077606201172,7300
2021-09-23 20:00:00-04:00,38.46022890938255,38.47932549635137,38.39529235399934,38.464046478271484,6200
2021-09-26 20:00:00-04:00,38.40293862767706,38.44877568825173,38.369326531760706,38.422035217285156,16400
2021-09-27 20:00:00-04:00,38.303627583453334,38.33418562473789,38.22723539441716,38.244041442871094,14600
2021-09-28 20:00:00-04:00,38.33419615614068,38.37926680236855,38.2975270793603,38.33037567138672,5300
2021-09-29 20:00:00-04:00,38.25779389525747,38.357103159362374,38.24251487443166,38.295989990234375,9000
2021-09-30 20:00:00-04:00,38.27835627158272,38.41637942990083,38.23235050220139,38.3780403137207,11000
2021-10-03 20:00:00-04:00,38.29368515676587,38.309021385313216,38.19400405883789,38.19400405883789,45100
2021-10-04 20:00:00-04:00,38.21012267944396,38.3167070262094,38.21012267944396,38.21318817138672,456600
2021-10-05 20:00:00-04:00,38.08664716197812,38.23233985802253,38.07898051091138,38.15565872192383,19100
2021-10-06 20:00:00-04:00,38.22466620917684,38.301347337105454,38.188629150390625,38.188629150390625,4800
2021-10-07 20:00:00-04:00,38.19400138849052,38.20166803968492,38.01763916015625,38.01763916015625,20900
2021-10-10 20:00:00-04:00,38.124992633604954,38.139559564455155,37.95629704404816,38.011505126953125,9100
2021-10-11 20:00:00-04:00,37.948631148000146,38.11732381582977,37.948631148000146,38.0759162902832,49600
2021-10-12 20:00:00-04:00,37.99463969256861,38.124996185302734,37.99463969256861,38.124996185302734,7300
2021-10-13 20:00:00-04:00,38.14033010351899,38.355031460788716,38.14033010351899,38.334327697753906,10700
2021-10-14 20:00:00-04:00,38.3397016096493,38.3397016096493,38.263023376464844,38.263023376464844,17800
2021-10-17 20:00:00-04:00,38.2399941722491,38.27066661679316,38.14031311510889,38.228492736816406,18900
2021-10-18 20:00:00-04:00,38.270684177966785,38.3120917045933,38.21700883792748,38.278350830078125,15800
2021-10-19 20:00:00-04:00,38.26300939426807,38.31668472290039,38.26300939426807,38.31668472290039,17800
2021-10-20 20:00:00-04:00,38.3167070262094,38.32437368115402,38.21318817138672,38.21318817138672,13600
2021-10-21 20:00:00-04:00,38.20167671089355,38.20167671089355,38.05598690444009,38.09432601928711,19200
2021-10-24 20:00:00-04:00,38.2093451221648,38.24001465805372,38.109661086536896,38.1901741027832,19100
2021-10-25 20:00:00-04:00,38.155662788534734,38.27068304239845,38.155662788534734,38.17790222167969,20200
2021-10-26 20:00:00-04:00,38.25535968392718,38.25535968392718,38.17484664916992,38.17484664916992,15400
2021-10-27 20:00:00-04:00,38.17866503430207,38.26301282259206,38.17866503430207,38.207801818847656,12700
2021-10-28 20:00:00-04:00,38.19402007148129,38.232359196379875,38.19402007148129,38.21318817138672,25700
2021-10-31 20:00:00-04:00,38.24781027273922,38.24781027273922,38.063111308509384,38.093894958496094,40900
2021-11-01 20:00:00-04:00,38.04002314381184,38.2708946358299,38.04002314381184,38.155460357666016,17500
2021-11-02 20:00:00-04:00,38.10156932835302,38.27857375467206,38.10156932835302,38.224700927734375,21800
2021-11-03 20:00:00-04:00,38.23240344661315,38.37092688151089,38.23240344661315,38.369388580322266,20800
2021-11-04 20:00:00-04:00,38.4786701453942,38.54023742675781,38.37862478102309,38.54023742675781,21700
2021-11-07 19:00:00-05:00,38.50176516534102,38.52485436894883,38.44020080566406,38.44020080566406,16300
2021-11-08 19:00:00-05:00,38.43249690420921,38.509456010358846,38.43249690420921,38.482521057128906,11100
2021-11-09 19:00:00-05:00,38.41711302061768,38.47868031825825,38.363243103027344,38.363243103027344,8700
2021-11-10 19:00:00-05:00,38.33246837248303,38.36324909041696,38.17085565879864,38.274749755859375,41600
2021-11-11 19:00:00-05:00,38.324763211600626,38.34785241497763,38.217023381475244,38.26319885253906,6200
2021-11-14 19:00:00-05:00,38.27857375467206,38.2862681952695,38.20238382074401,38.224700927734375,11900
2021-11-15 19:00:00-05:00,38.263194216035004,38.30936674581372,38.22471319363296,38.243953704833984,23400
2021-11-16 19:00:00-05:00,38.18623087034182,38.21701451057222,38.18623087034182,38.209320068359375,8300
2021-11-17 19:00:00-05:00,38.186244209165274,38.20933341524811,38.11775161321883,38.14776611328125,4800
2021-11-18 19:00:00-05:00,38.09388990149392,38.147759813974154,38.04001998901367,38.04001998901367,40600
2021-11-21 19:00:00-05:00,38.0969710793539,38.14545400267193,38.00077438354492,38.00077438354492,10500
2021-11-22 19:00:00-05:00,37.97076210486905,37.97076210486905,37.86302226898077,37.89765167236328,7600
2021-11-23 19:00:00-05:00,37.870704650878906,37.893021761820165,37.786051110876,37.870704650878906,8100
2021-11-25 19:00:00-05:00,37.73989655207038,37.73989655207038,37.455152157304944,37.590599060058594,13600
2021-11-28 19:00:00-05:00,37.69755470970614,37.82068634033203,37.694475171272394,37.82068634033203,19300
2021-11-29 19:00:00-05:00,37.78606876870293,37.83224424910719,37.60983631500924,37.63215637207031,28600
2021-11-30 19:00:00-05:00,37.90016172405521,37.9380076551675,37.6066605619103,37.707069396972656,33100
2021-12-01 19:00:00-05:00,37.637550497985984,37.884708404541016,37.637550497985984,37.884708404541016,33500
2021-12-02 19:00:00-05:00,37.950358498126626,37.950358498126626,37.82060104112436,37.892433166503906,16900
2021-12-05 19:00:00-05:00,37.93105183264449,38.13186652797964,37.92332649069621,38.089385986328125,12400
2021-12-06 19:00:00-05:00,38.201377657341816,38.39446994588037,38.201377657341816,38.328819274902344,10300
2021-12-07 19:00:00-05:00,38.33268143603864,38.33268143603864,38.25544275383737,38.294063568115234,12600
2021-12-08 19:00:00-05:00,38.29792222101937,38.29792222101937,38.16275821389163,38.18592834472656,19100
2021-12-09 19:00:00-05:00,38.23149121826516,38.255433288693425,38.13957971358765,38.18206024169922,7200
2021-12-12 19:00:00-05:00,38.17048181619612,38.28556642187286,38.17048181619612,38.209102630615234,8200
2021-12-13 19:00:00-05:00,38.2168141566639,38.2168141566639,38.113317592560435,38.20136642456055,7300
2021-12-14 19:00:00-05:00,38.108698937961265,38.324961385270186,38.10097654185232,38.311832427978516,10000
2021-12-15 19:00:00-05:00,38.34814128948172,38.34814128948172,38.20911456394511,38.27939987182617,17600
2021-12-16 19:00:00-05:00,38.162753518011066,38.282469774399786,38.13958339002719,38.23149490356445,17900
2021-12-19 19:00:00-05:00,38.13187359639557,38.18593921463684,38.082442594911434,38.15813446044922,22800
2021-12-20 19:00:00-05:00,38.25775056295806,38.3944584243988,38.21835781510869,38.37128829956055,15600
2021-12-21 19:00:00-05:00,38.32496255277729,38.51033247494255,38.32496255277729,38.4639892578125,10800
2021-12-22 19:00:00-05:00,38.59528722324074,38.64935282782913,38.53040849773467,38.541221618652344,35000
2021-12-26 19:00:00-05:00,38.57212608835568,38.68026027736842,38.57212608835568,38.61151885986328,11500
2021-12-27 19:00:00-05:00,38.5913644779061,38.668096900605086,38.5448584561493,38.55648422241211,18500
2021-12-28 19:00:00-05:00,38.637862284599336,38.637862284599336,38.52160168108798,38.54485321044922,19400
2021-12-29 19:00:00-05:00,38.568105181786144,38.568105181786144,38.50610011721057,38.52547836303711,7700
2021-12-30 19:00:00-05:00,38.606870751688746,38.606870751688746,38.52238583767423,38.537113189697266,7600
2022-01-02 19:00:00-05:00,38.47511097749806,38.48286346150715,38.40535340494795,38.46736145019531,11600
2022-01-03 19:00:00-05:00,38.544855204647924,38.544855204647924,38.44409364436085,38.47509765625,12500
2022-01-04 19:00:00-05:00,38.49059818798235,38.49059818798235,38.167388916015625,38.167388916015625,14900
2022-01-05 19:00:00-05:00,38.17280590638164,38.22706143458531,38.064294849974296,38.072044372558594,25200
2022-01-06 19:00:00-05:00,38.15731680853868,38.15731680853868,38.03717994927478,38.083683013916016,10900
2022-01-09 19:00:00-05:00,37.94028521431464,38.09530229032556,37.79224300492924,38.054996490478516,12200
2022-01-10 19:00:00-05:00,38.04105167949798,38.26582336425781,37.94029012354726,38.26582336425781,28400
2022-01-11 19:00:00-05:00,38.2580746333755,38.351083710263765,38.2580746333755,38.30225372314453,14600
2022-01-12 19:00:00-05:00,38.35031689560979,38.35109155254235,38.203826904296875,38.203826904296875,10900
2022-01-13 19:00:00-05:00,38.21544367353892,38.227069438201724,38.188315903757335,38.20769119262695,4900
2022-01-17 19:00:00-05:00,38.048805266273654,38.10228615534416,37.948043699564565,38.01005172729492,17300
2022-01-18 19:00:00-05:00,38.07979790247685,38.12630095267472,37.97903636587377,37.986785888671875,11700
2022-01-19 19:00:00-05:00,38.05654864189986,38.11855665961046,37.8395264933228,37.86433029174805,8600
2022-01-20 19:00:00-05:00,37.8860436805302,37.94804875982325,37.816286118384326,37.82403564453125,13300
2022-01-23 19:00:00-05:00,37.70776754798411,37.84728264465937,37.49074242165298,37.844181060791016,30200
2022-01-24 19:00:00-05:00,37.583740209849076,37.75425629704147,37.583740209849076,37.66124725341797,14600
2022-01-25 19:00:00-05:00,37.800780578035685,37.932543207165345,37.52175035551921,37.56825637817383,18700
2022-01-26 19:00:00-05:00,37.61474796556867,37.68450549991051,37.289214776443224,37.367496490478516,28700
2022-01-27 19:00:00-05:00,37.21946841367088,37.41168975830078,37.08770282849535,37.41168975830078,10300
2022-01-30 19:00:00-05:00,37.37448346970143,37.51787185668945,37.227215885176946,37.51787185668945,19000
2022-01-31 19:00:00-05:00,37.47350341377703,37.62140655517578,37.47350341377703,37.62140655517578,30000
2022-02-01 19:00:00-05:00,37.7615234340602,37.7615234340602,37.59805434266002,37.721824645996094,23800
2022-02-02 19:00:00-05:00,37.59804485059552,37.59804485059552,37.36451721191406,37.36451721191406,39500
2022-02-03 19:00:00-05:00,37.185486979673676,37.33338715534752,37.038364804000366,37.263328552246094,14400
2022-02-06 19:00:00-05:00,37.16213526406627,37.24775980648355,37.10764259966886,37.20728302001953,14800
2022-02-07 19:00:00-05:00,37.24385941798331,37.31780800078373,37.177690833052104,37.18313980102539,9600
2022-02-08 19:00:00-05:00,37.325596556477734,37.46571373404047,37.31781061913256,37.39331817626953,11700
2022-02-09 19:00:00-05:00,37.2088293309194,37.278887916083626,36.90602111816406,36.90602111816406,30600
2022-02-10 19:00:00-05:00,36.99088835710441,36.99088835710441,36.656164175095704,36.72544479370117,17700
2022-02-13 19:00:00-05:00,36.746444003447166,36.76512490654482,36.57051806098648,36.69039535522461,16000
2022-02-14 19:00:00-05:00,36.70286261058296,36.81962496916698,36.70286261058296,36.75112533569336,9500
2022-02-15 19:00:00-05:00,36.73399537723891,36.96129608154297,36.718426469749744,36.96129608154297,22900
2022-02-16 19:00:00-05:00,36.85854244731013,36.88189729250335,36.75734900617921,36.78147888183594,9900
2022-02-17 19:00:00-05:00,36.81962036090982,36.889678955078125,36.71375595448868,36.889678955078125,10900
2022-02-21 19:00:00-05:00,36.804037886980204,36.92158115698576,36.73397931863842,36.78302001953125,12300
2022-02-22 19:00:00-05:00,36.81962049364397,36.88967908806483,36.7402229309082,36.7402229309082,9300
2022-02-23 19:00:00-05:00,36.66393151852477,36.902130126953125,36.43818981597999,36.902130126953125,14500
2022-02-24 19:00:00-05:00,37.03758496298087,37.24153082321211,37.03758496298087,37.16602325439453,25100
2022-02-27 19:00:00-05:00,37.014224198209895,37.255537773748365,37.014224198209895,37.225955963134766,9800
2022-02-28 19:00:00-05:00,37.23533079590169,37.2892273139269,37.07207988758872,37.08692169189453,10900
2022-03-01 19:00:00-05:00,37.15332030685654,37.29001629391338,37.079117234102235,37.232994079589844,11300
2022-03-02 19:00:00-05:00,37.28219698104592,37.32906442373653,37.145503997802734,37.145503997802734,9900
2022-03-03 19:00:00-05:00,37.047870291432695,37.06349277425433,36.89946117415304,36.92679977416992,6600
2022-03-06 19:00:00-05:00,36.876030843092956,36.89165332798327,36.540154867161895,36.61045455932617,13600
2022-03-07 19:00:00-05:00,36.65653211605896,36.704180236036294,36.43625900810295,36.48468780517578,21000
2022-03-08 19:00:00-05:00,36.696370392675234,36.79557002591157,36.657315677042995,36.754173278808594,6600
2022-03-09 19:00:00-05:00,36.55186832696098,36.61045189611696,36.462042769981366,36.50265884399414,11000
2022-03-10 19:00:00-05:00,36.54717597243847,36.54717597243847,36.2120807741955,36.26675796508789,12800
2022-03-13 20:00:00-04:00,36.19645875469792,36.19645875469792,35.78247345276244,35.790283203125,22800
2022-03-14 20:00:00-04:00,35.89183607817231,36.15741234673857,35.89183607817231,36.07929992675781,282100
2022-03-15 20:00:00-04:00,36.26676123232602,36.56748580932617,36.13397162842202,36.56748580932617,73200
2022-03-16 20:00:00-04:00,36.61825489350835,36.81040573120117,36.61044216386624,36.81040573120117,11700
2022-03-17 20:00:00-04:00,36.79791024600412,36.87445831298828,36.68933654165345,36.87445831298828,22500
2022-03-20 20:00:00-04:00,36.813534822791965,36.81743820829062,36.45422371811572,36.54014587402344,8500
2022-03-21 20:00:00-04:00,36.50890918579018,36.65966033935547,36.462822413070754,36.65966033935547,7200
2022-03-22 20:00:00-04:00,36.610442715398094,36.63153291419287,36.526084899902344,36.526084899902344,6800
2022-03-23 20:00:00-04:00,36.46984631905946,36.6104456692464,36.46984631905946,36.58935546875,16800
2022-03-24 20:00:00-04:00,36.57139434561395,36.57139434561395,36.35580825805664,36.35580825805664,27900
2022-03-27 20:00:00-04:00,36.36283655603387,36.55811309814453,36.32221750967687,36.55811309814453,10400
2022-03-28 20:00:00-04:00,36.759640212126385,36.99709716883476,36.75885953498617,36.983036041259766,7500
2022-03-29 20:00:00-04:00,36.876024817431485,36.899460030779736,36.82134761909196,36.84868621826172,33300
2022-03-30 20:00:00-04:00,36.91508102416992,36.91508102416992,36.77448463682191,36.91508102416992,16400
2022-03-31 20:00:00-04:00,36.68282487387971,36.78483142821315,36.66634709925001,36.77933883666992,17100
2022-04-03 20:00:00-04:00,36.808370906937306,37.02729034423828,36.80209408695289,37.02729034423828,9000
2022-04-04 20:00:00-04:00,36.96528740898504,36.980980948784804,36.60434497330048,36.61219024658203,7700
2022-04-05 20:00:00-04:00,36.32971531479722,36.49449300553102,36.17278289794922,36.17278289794922,18300
2022-04-06 20:00:00-04:00,36.29834616113381,36.376813904932774,36.2120361328125,36.2120361328125,6900
2022-04-07 20:00:00-04:00,36.11001797526573,36.21202451285264,36.01350402832031,36.01350402832031,9500
2022-04-10 20:00:00-04:00,35.882469042452314,35.943671772760474,35.71769130960817,35.75692367553711,12000
2022-04-11 20:00:00-04:00,35.96878525913793,36.135918684957794,35.96878525913793,36.021358489990234,8300
2022-04-12 20:00:00-04:00,36.13357262902206,36.23871612548828,36.13357262902206,36.23871612548828,4800
2022-04-13 20:00:00-04:00,36.133574786124676,36.14142305851322,35.933485745561384,36.00253677368164,9100
2022-04-17 20:00:00-04:00,35.96093352200521,36.04724352196418,35.92091393818515,35.952301025390625,9100
2022-04-18 20:00:00-04:00,35.89032846059562,36.00018031661623,35.89032846059562,35.9224967956543,7700
2022-04-19 20:00:00-04:00,36.00016357638487,36.08647656404761,36.00016357638487,36.0472412109375,7000
2022-04-20 20:00:00-04:00,36.13355810217752,36.14925164646952,35.81184792728512,35.84323501586914,8600
2022-04-21 20:00:00-04:00,35.780468298993924,35.804010116959205,35.5999969918635,35.614906311035156,7600
2022-04-24 20:00:00-04:00,35.584305142691655,35.85893774831479,35.584305142691655,35.85108947753906,11600
2022-04-25 20:00:00-04:00,35.88245924221009,35.88245924221009,35.66353988647461,35.66353988647461,7500
2022-04-26 20:00:00-04:00,35.67060306881773,35.733377235509366,35.450899471871026,35.47993087768555,16600
2022-04-27 20:00:00-04:00,35.5136694979391,35.699636314474446,35.443837280620784,35.6658935546875,4300
2022-04-28 20:00:00-04:00,35.537228647574636,35.537228647574636,35.207670108748815,35.210025787353516,11600
2022-05-01 20:00:00-04:00,35.137035737016504,35.23119699003428,35.02796816318913,35.18411636352539,24700
2022-05-02 20:00:00-04:00,35.42918588376923,35.45282839936663,35.303103489401565,35.40081787109375,13900
2022-05-03 20:00:00-04:00,35.35039816715989,35.85472792514012,35.30390370821155,35.75228500366211,8900
2022-05-04 20:00:00-04:00,35.54740550321945,35.56316618539094,35.0667152181388,35.11793518066406,13800
2022-05-05 20:00:00-04:00,34.94062441152423,35.07458566888382,34.86970286173326,34.91304397583008,10000
2022-05-08 20:00:00-04:00,34.751504185220135,34.75938602855576,34.51509998787328,34.518253326416016,29600
2022-05-09 20:00:00-04:00,34.719977190032466,34.75149553740432,34.53085207559277,34.67269515991211,21300
2022-05-10 20:00:00-04:00,34.5860182412439,34.76332362683542,34.48672866821289,34.48672866821289,9300
2022-05-11 20:00:00-04:00,34.4362859472145,34.54582007905137,34.27946979222429,34.41264343261719,22600
2022-05-12 20:00:00-04:00,34.51508935700138,34.60965040560622,34.31808541888375,34.48829650878906,14100
2022-05-15 20:00:00-04:00,34.49933091786581,34.53873411287713,34.404769863130454,34.41028594970703,23800
2022-05-16 20:00:00-04:00,34.47175981487617,34.49934025522379,34.39610974819626,34.42053985595703,19700
2022-05-17 20:00:00-04:00,34.239283773553744,34.239283773553744,34.11320137808596,34.12580871582031,11700
2022-05-18 20:00:00-04:00,34.12897839726837,34.408723752240704,34.12897839726837,34.39690399169922,43400
2022-05-19 20:00:00-04:00,34.48987122979648,34.48987122979648,34.231399780206964,34.37639617919922,24500
2022-05-22 20:00:00-04:00,34.44023065095614,34.49145059380172,34.40398079528533,34.41816329956055,30100
2022-05-23 20:00:00-04:00,34.459921304405206,34.656925201416016,34.412639286947886,34.656925201416016,20500
2022-05-24 20:00:00-04:00,34.806658087509476,35.20066600612403,34.806658087509476,35.192787170410156,16500
2022-05-25 20:00:00-04:00,35.40002653884947,35.68134689331055,35.40002653884947,35.68134689331055,15700
2022-05-26 20:00:00-04:00,35.85471805300588,36.012321810491166,35.77591767728407,36.00838088989258,51100
2022-05-30 20:00:00-04:00,35.846838587484264,35.87835693359375,35.664804732738794,35.87835693359375,61600
2022-05-31 20:00:00-04:00,35.783408307551696,35.783408307551696,35.553925315739484,35.62276840209961,26900
2022-06-01 20:00:00-04:00,35.58479476135254,35.75176176691073,35.53019360434255,35.74384689331055,22300
2022-06-02 20:00:00-04:00,35.58478519389787,35.585576077317285,35.42731185290302,35.45896530151367,27200
2022-06-05 20:00:00-04:00,35.51515769701826,35.52227866833407,35.21366500854492,35.21366500854492,17400
2022-06-06 20:00:00-04:00,35.09494887118322,35.31651994351949,35.09494887118322,35.276954650878906,45700
2022-06-07 20:00:00-04:00,35.205742741502405,35.205742741502405,34.92877960205078,34.92877960205078,17400
2022-06-08 20:00:00-04:00,34.889215052560566,34.92878035372256,34.56477475320987,34.62016677856445,52600
2022-06-09 20:00:00-04:00,34.359028482183845,34.359028482183845,33.90006558020271,34.01876449584961,206100
2022-06-12 20:00:00-04:00,33.4965111506786,33.4965111506786,32.72893129478506,32.8871955871582,61500
2022-06-13 20:00:00-04:00,33.17205355230191,33.373049631115094,32.87135484546259,33.13248825073242,25000
2022-06-14 20:00:00-04:00,33.64685921323922,33.860515546543084,33.52024838816732,33.71016311645508,17100
2022-06-15 20:00:00-04:00,32.89509460522016,33.36988427840023,32.89509460522016,33.18788146972656,32300
2022-06-16 20:00:00-04:00,33.33030929996024,33.55188036594503,33.28283215760784,33.40944290161133,11500
2022-06-20 20:00:00-04:00,33.5756348250785,33.615200135307184,33.26702117919922,33.26702117919922,19400
2022-06-21 20:00:00-04:00,33.2670248205695,33.43320095290323,33.2670248205695,33.27493667602539,22600
2022-06-22 20:00:00-04:00,33.39362720076161,33.60728346776607,33.39362720076161,33.58354187011719,15500
2022-06-23 20:00:00-04:00,33.663471460550355,33.931728914663395,33.62311526641713,33.78929138183594,739600
2022-06-26 20:00:00-04:00,33.828852783818284,33.83676463755471,33.63893508911133,33.63893508911133,171600
2022-06-27 20:00:00-04:00,33.74972369346296,33.74972369346296,32.99005589902575,33.17997360229492,70900
2022-06-28 20:00:00-04:00,33.06918770850331,33.132491593673805,32.997968951036924,33.08738708496094,54700
2022-06-29 20:00:00-04:00,32.997954100353915,33.136434116816,32.90299680601391,33.100826263427734,21400
2022-06-30 20:00:00-04:00,33.19625089311163,33.45864187703685,33.19625089311163,33.39264678955078,159900
2022-07-04 20:00:00-04:00,33.20420710119987,33.36482409405425,32.974419308745006,33.355281829833984,11000
2022-07-05 20:00:00-04:00,33.32346373873167,33.41092738377186,33.228050231933594,33.228050231933594,14300
2022-07-06 20:00:00-04:00,33.45864977770303,33.84825686425948,33.45864977770303,33.838714599609375,32000
2022-07-07 20:00:00-04:00,33.721021603102045,33.88004612731764,33.638329093161175,33.86414337158203,22500
2022-07-10 20:00:00-04:00,33.81643405808247,33.88004507905677,33.6892150492743,33.701141357421875,11300
2022-07-11 20:00:00-04:00,33.76873676630156,33.88959530806059,33.74488111125626,33.84824752807617,8300
2022-07-12 20:00:00-04:00,33.45864153248191,33.816443004126214,33.45864153248191,33.77668762207031,34500
2022-07-13 20:00:00-04:00,33.49839268995245,33.709098918103,33.299612771600486,33.673316955566406,42200
2022-07-14 20:00:00-04:00,33.83234528750184,34.15834426879883,33.83234528750184,34.15834426879883,38800
2022-07-17 20:00:00-04:00,34.245812963165285,34.253765860518605,33.77669211299281,33.80054473876953,39200
2022-07-18 20:00:00-04:00,33.975468896848945,34.31737065558158,33.975468896848945,34.30146789550781,38900
2022-07-19 20:00:00-04:00,34.42868950755729,34.683127621408026,34.373826042815466,34.452545166015625,71300
2022-07-20 20:00:00-04:00,34.37302190114797,34.850095508195835,34.37302190114797,34.80238723754883,30000
2022-07-21 20:00:00-04:00,34.969373455930665,35.02503160726281,34.675179937011954,34.75310134887695,37300
2022-07-24 20:00:00-04:00,34.81034258953813,34.82624534892857,34.650523345776584,34.75468444824219,37600
2022-07-25 20:00:00-04:00,34.627454827573516,34.627454827573516,34.476383209228516,34.476383209228516,14200
2022-07-26 20:00:00-04:00,34.754679888822665,34.9614127006362,34.714924512132626,34.89700698852539,13300
2022-07-27 20:00:00-04:00,34.95346437815642,35.25879250531555,34.95346437815642,35.23175811767578,8500
2022-07-28 20:00:00-04:00,35.25560971312898,35.45438964993437,35.2317570913175,35.3112678527832,8600
2022-07-31 20:00:00-04:00,35.29848961499864,35.400782649659206,35.29449605590445,35.3784065246582,7600
2022-08-01 20:00:00-04:00,35.30647960342749,35.330453149875126,35.19459898864769,35.24254608154297,14600
2022-08-02 20:00:00-04:00,35.34642681278924,35.530231064898,35.27050653855315,35.49826431274414,12100
2022-08-03 20:00:00-04:00,35.45833152910329,35.562222020050655,35.45833152910329,35.55263137817383,8400
2022-08-04 20:00:00-04:00,35.282500099904375,35.450320993739304,35.282500099904375,35.4343376159668,26300
2022-08-07 20:00:00-04:00,35.554208797904224,35.69805309019295,35.43433499772669,35.438331604003906,7100
2022-08-08 20:00:00-04:00,35.34641711672752,35.34641711672752,35.16261291503906,35.16261291503906,11100
2022-08-09 20:00:00-04:00,35.722028601805796,35.738011977915164,35.618138181353544,35.682071685791016,10100
2022-08-10 20:00:00-04:00,35.94579412991358,35.96177750796146,35.466304982547825,35.4822883605957,7300
2022-08-11 20:00:00-04:00,35.586173917195616,35.83391169143586,35.54701570997091,35.817928314208984,14500
2022-08-14 20:00:00-04:00,35.82193596719484,35.8578962906564,35.738025497266094,35.785972595214844,15500
2022-08-15 20:00:00-04:00,35.754006419401804,35.754006419401804,35.56940034974178,35.650115966796875,11600
2022-08-16 20:00:00-04:00,35.34643673191942,35.37041027850377,35.25053949706386,35.25852966308594,14000
2022-08-17 20:00:00-04:00,35.29689338415426,35.33045757279,35.29050064086914,35.29050064086914,5900
2022-08-18 20:00:00-04:00,34.93886545801483,35.00998737433436,34.779034727165424,34.922882080078125,3600
2022-08-21 20:00:00-04:00,34.64318174581731,34.6735510821402,34.41143035888672,34.41143035888672,47500
2022-08-22 20:00:00-04:00,34.51531103067232,34.67514174979066,34.50332426022899,34.60321807861328,6300
2022-08-23 20:00:00-04:00,34.61121289592991,34.69911689942895,34.61121289592991,34.639183044433594,6700
2022-08-24 20:00:00-04:00,34.691129287674,34.93087387084961,34.691129287674,34.93087387084961,2800
2022-08-25 20:00:00-04:00,34.890914659532015,34.890914659532015,34.33150863647461,34.33150863647461,5400
2022-08-28 20:00:00-04:00,34.20364217203184,34.31712323039768,34.19565200805664,34.19565200805664,6500
2022-08-29 20:00:00-04:00,34.2675763814064,34.2675763814064,33.84402451760893,34.01184844970703,7200
2022-08-30 20:00:00-04:00,33.97190052754136,33.979095031186496,33.77291457990185,33.79129409790039,9800
2022-08-31 20:00:00-04:00,33.73587885197439,33.89645004272461,33.56728047987499,33.89645004272461,13600
2022-09-01 20:00:00-04:00,34.15416651031391,34.18467347583836,33.83302411587931,33.880393981933594,6900
2022-09-05 20:00:00-04:00,33.71984651633033,33.88844501387766,33.68773164175665,33.779258728027344,5800
2022-09-06 20:00:00-04:00,33.81617352626375,34.24971495852601,33.81617352626375,34.2416877746582,9400
2022-09-07 20:00:00-04:00,34.19352017243213,34.37175369262695,34.16943555488433,34.37175369262695,7000
2022-09-08 20:00:00-04:00,34.62706404231217,34.676841167933844,34.49057738733586,34.49860763549805,2800
2022-09-11 20:00:00-04:00,34.683245248121295,34.70090749706949,34.514646877287596,34.699302673339844,26500
2022-09-12 20:00:00-04:00,34.16943442784652,34.16943442784652,33.768007814532425,33.78406524658203,6400
2022-09-13 20:00:00-04:00,33.90047167080603,34.05783325848965,33.74391555786133,33.74391555786133,24000
2022-09-14 20:00:00-04:00,33.82421800890308,33.82421800890308,33.623504638671875,33.623504638671875,4400
2022-09-15 20:00:00-04:00,33.398688150762084,33.7118034362793,33.398688150762084,33.7118034362793,10500
2022-09-18 20:00:00-04:00,33.55122747695084,33.92856630291436,33.55122747695084,33.92375183105469,5500
2022-09-19 20:00:00-04:00,33.695740046763085,33.71741741991472,33.57531087650754,33.59217071533203,12400
2022-09-20 20:00:00-04:00,33.75998164016879,33.78005419831295,33.5319709777832,33.5319709777832,4500
2022-09-21 20:00:00-04:00,33.2381259276801,33.3746095107386,33.15783876472618,33.31038284301758,8400
2022-09-22 20:00:00-04:00,33.0695185775198,33.0695185775198,32.76443660009134,32.84873580932617,6600
2022-09-25 20:00:00-04:00,32.77245604279086,32.77968081254976,32.435259285497445,32.43846893310547,5700
2022-09-26 20:00:00-04:00,32.72429958176416,32.72429958176416,32.403160095214844,32.403160095214844,279500
2022-09-27 20:00:00-04:00,32.714651964540494,32.997254087860775,32.708229606643336,32.969154357910156,12200
2022-09-28 20:00:00-04:00,32.75078812589757,32.75078812589757,32.50752555580433,32.67371368408203,10300
2022-09-29 20:00:00-04:00,32.76443698685314,32.84873619708307,32.53241125871439,32.53883361816406,10000
2022-10-02 20:00:00-04:00,32.86070559511671,32.9938109449836,32.86070559511671,32.9575080871582,10600
2022-10-03 20:00:00-04:00,33.35681279135191,33.6230234251004,33.35681279135191,33.606082916259766,7900
2022-10-04 20:00:00-04:00,33.24791631447005,33.543167433430185,33.24791631447005,33.53025817871094,7000
2022-10-05 20:00:00-04:00,33.51816634367676,33.542369278807996,33.37134853883109,33.389095306396484,10500
2022-10-06 20:00:00-04:00,33.24388631170456,33.33262321696994,33.0583469085569,33.059959411621094,9100
2022-10-09 20:00:00-04:00,32.961544941846064,32.961544941846064,32.55012893394861,32.61466598510742,6900
2022-10-10 20:00:00-04:00,32.67920381930125,32.93734897713468,32.63886969621039,32.72599411010742,15300
2022-10-11 20:00:00-04:00,32.744540434939815,32.87441770029464,32.744540434939815,32.84134292602539,24500
2022-10-12 20:00:00-04:00,32.29198225379571,32.93734036366671,32.29198225379571,32.897003173828125,4000
2022-10-13 20:00:00-04:00,33.05028499893988,33.05028499893988,32.7195402734639,32.79052734375,4600
2022-10-16 20:00:00-04:00,33.106760859817605,33.23583192628232,33.106760859817605,33.223731994628906,5000
2022-10-17 20:00:00-04:00,33.469766386402085,33.469766386402085,33.3003581508914,33.42378234863281,5400
2022-10-18 20:00:00-04:00,33.211620523759535,33.27615757919711,33.082549490180554,33.097877502441406,4100
2022-10-19 20:00:00-04:00,33.227747091397,33.32051831777677,32.91313671224941,33.02607345581055,5000
2022-10-20 20:00:00-04:00,32.91314734347389,33.30036047959753,32.91314734347389,33.21969223022461,15900
2022-10-23 20:00:00-04:00,33.26807526811847,33.35600280761719,33.26807526811847,33.35600280761719,12600
2022-10-24 20:00:00-04:00,33.43749412155469,33.67143631044993,33.43749412155469,33.63916778564453,2300
2022-10-25 20:00:00-04:00,33.59076777059259,33.8481035841554,33.59076777059259,33.723873138427734,2600
2022-10-26 20:00:00-04:00,33.86504618517634,34.08204789141648,33.82471206200477,34.05623245239258,4800
2022-10-27 20:00:00-04:00,34.20383826640628,34.35710906982422,34.16350109108549,34.35710906982422,30700
2022-10-30 20:00:00-04:00,34.08284569803556,34.08284569803556,33.71983252484589,33.723060607910156,8300
2022-10-31 20:00:00-04:00,33.96627466003873,33.96627466003873,33.79440598389112,33.910335540771484,12400
2022-11-01 20:00:00-04:00,33.887635951358725,34.09923228919379,33.54713965209475,33.55038070678711,15900
2022-11-02 20:00:00-04:00,33.20258243792276,33.47416916046071,33.19852802774207,33.38499069213867,10200
2022-11-03 20:00:00-04:00,33.612001889119576,33.69712598197866,33.360684022376596,33.608760833740234,20700
2022-11-06 19:00:00-05:00,33.69307191338543,33.69307191338543,33.539845466132334,33.64442825317383,7100
2022-11-07 19:00:00-05:00,33.68494707307807,33.68494707307807,33.49037870996923,33.57631301879883,12100
2022-11-08 19:00:00-05:00,33.425539011811466,33.425539011811466,33.13449347698253,33.17178726196289,5800
2022-11-09 19:00:00-05:00,33.92005544902919,34.18758773803711,33.92005544902919,34.18758773803711,20200
2022-11-10 19:00:00-05:00,34.19571107584294,34.34893443217714,34.163281968677325,34.318939208984375,9600
2022-11-13 19:00:00-05:00,34.143006333987486,34.17138102149204,34.048152923583984,34.048152923583984,9000
2022-11-14 19:00:00-05:00,34.28894820514279,34.37245178222656,34.20382410013813,34.37245178222656,20200
2022-11-15 19:00:00-05:00,34.374056394466464,34.398376670273215,34.3051437919993,34.32541275024414,15500
2022-11-16 19:00:00-05:00,34.122747521700084,34.17139118300544,34.00924873793085,34.1535530090332,8500
2022-11-17 19:00:00-05:00,34.21192546567076,34.23624574962362,34.16814648046771,34.235435485839844,2500
2022-11-20 19:00:00-05:00,34.26054748030198,34.309191114475354,34.18434252196602,34.22001266479492,11900
2022-11-21 19:00:00-05:00,34.317309981238665,34.48431396484375,34.317309981238665,34.48431396484375,3600
2022-11-22 19:00:00-05:00,34.68213221902119,34.68213221902119,34.60106255094896,34.67402648925781,1500
2022-11-24 19:00:00-05:00,34.67402555844378,34.67402555844378,34.601061622093624,34.61241149902344,4700
2022-11-27 19:00:00-05:00,34.5443165201513,34.5443165201513,34.22246551513672,34.22246551513672,1900
2022-11-28 19:00:00-05:00,34.19166131022399,34.3659639191609,34.17139543494918,34.36109924316406,5100
2022-11-29 19:00:00-05:00,34.34568649990865,34.83049011230469,34.30920298850004,34.83049011230469,3800
2022-11-30 19:00:00-05:00,35.03813256015919,35.03813256015919,34.84270896723644,34.94123458862305,4700
2022-12-01 19:00:00-05:00,34.712423015670495,34.989275674040485,34.712423015670495,34.9819450378418,8800
2022-12-04 19:00:00-05:00,34.89156388543911,34.89156388543911,34.622855664206455,34.69614028930664,9000
2022-12-05 19:00:00-05:00,34.696134829132205,34.696134829132205,34.48442234273709,34.509666442871094,13700
2022-12-06 19:00:00-05:00,34.50071358697212,34.69614028930664,34.50071358697212,34.69614028930664,6100
2022-12-07 19:00:00-05:00,34.69612589851386,34.753124682594816,34.63912711443292,34.679840087890625,12400
2022-12-08 19:00:00-05:00,34.72870931516662,34.82642110589253,34.70427903783377,34.73929214477539,12600
2022-12-11 19:00:00-05:00,34.827243012030976,34.867142183697304,34.769430370298494,34.835384368896484,5100
2022-12-12 19:00:00-05:00,35.12038463934002,35.216468811035156,35.038141707391226,35.216468811035156,5900
2022-12-13 19:00:00-05:00,35.23356143293357,35.23356143293357,34.91518192021571,35.051979064941406,9900
2022-12-14 19:00:00-05:00,34.90785883797381,34.932289123535156,34.835388018847084,34.932289123535156,8600
2022-12-15 19:00:00-05:00,34.67985447192859,34.75151144715159,34.663568654550545,34.69614028930664,4500
2022-12-18 19:00:00-05:00,34.61472052580944,34.63019252241624,34.4942091721949,34.543880462646484,6900
2022-12-19 19:00:00-05:00,34.443703122659926,34.541414887658114,34.30527838109591,34.45917510986328,9500
2022-12-20 19:00:00-05:00,34.647272544711754,34.8101275639118,34.647272544711754,34.74742889404297,16400
2022-12-21 19:00:00-05:00,34.62283937580419,34.62283937580419,34.47627019455765,34.553627014160156,7700
2022-12-22 19:00:00-05:00,34.4599936809764,34.65134811401367,34.4599936809764,34.65134811401367,8100
2022-12-26 19:00:00-05:00,34.48526679517962,34.52208230657221,34.262725830078125,34.262725830078125,6900
2022-12-27 19:00:00-05:00,34.29708486043091,34.29708486043091,33.777557373046875,33.777557373046875,6200
2022-12-28 19:00:00-05:00,33.8471094796521,34.256187438964844,33.8471094796521,34.256187438964844,10000
2022-12-29 19:00:00-05:00,34.10891192705517,34.297087374112536,34.108094220735545,34.29054260253906,13400
2023-01-02 19:00:00-05:00,34.460717132372494,34.50980759782762,34.32326757431771,34.33635711669922,9400
2023-01-03 19:00:00-05:00,34.549904488690856,34.72989977975172,34.493451533622384,34.7225341796875,11500
2023-01-04 19:00:00-05:00,34.59162538994192,34.67344284057617,34.59162538994192,34.67344284057617,3000
2023-01-05 19:00:00-05:00,35.01706446197654,35.31978120682761,35.01706446197654,35.22160339355469,33200
2023-01-08 19:00:00-05:00,35.311590219041,35.38522433672104,35.311590219041,35.35004425048828,2900
2023-01-09 19:00:00-05:00,35.36476961437462,35.36476961437462,35.262500178681215,35.31977081298828,6200
2023-01-10 19:00:00-05:00,35.40895726470558,35.49159240722656,35.40077708158258,35.49159240722656,8700
2023-01-11 19:00:00-05:00,35.63069297061126,35.731327056884766,35.491607949500576,35.731327056884766,5600
2023-01-12 19:00:00-05:00,35.630678844357675,35.732948303222656,35.59795186847699,35.732948303222656,5800
2023-01-16 19:00:00-05:00,35.63885791404253,35.63885791404253,35.58158727356463,35.58976745605469,8400
2023-01-17 19:00:00-05:00,35.90885847687212,35.90885847687212,35.614321882010586,35.62250518798828,4500
2023-01-18 19:00:00-05:00,35.42696137663314,35.45641753064827,35.37705632230999,35.39423751831055,9400
2023-01-19 19:00:00-05:00,35.352512617139354,35.4588737487793,35.31569710292753,35.4588737487793,4100
2023-01-22 19:00:00-05:00,35.458859960913415,35.528402430283755,35.434316294315785,35.450679779052734,12200
2023-01-23 19:00:00-05:00,35.40159672079734,35.4760485632445,35.3852332326418,35.46541213989258,2800
2023-01-24 19:00:00-05:00,35.3525043260071,35.49159240722656,35.32796065562205,35.49159240722656,3900
2023-01-25 19:00:00-05:00,35.54068055959473,35.57340753486619,35.458866242432215,35.56031799316406,30500
2023-01-26 19:00:00-05:00,35.540678181103644,35.54886148488193,35.44250038287576,35.47522735595703,16700
2023-01-29 19:00:00-05:00,35.336149520163566,35.41387532350008,35.30751419067383,35.30751419067383,7600
2023-01-30 19:00:00-05:00,35.43350430060467,35.553775787353516,35.35250768382799,35.553775787353516,216000
2023-01-31 19:00:00-05:00,35.56036183082537,35.93866278482006,35.5192395703228,35.92221450805664,11300
2023-02-01 19:00:00-05:00,36.164818310158154,36.21827599213072,36.06860075698335,36.12369918823242,17300
2023-02-02 19:00:00-05:00,35.89755134422443,35.963341328170344,35.716623398292974,35.74540710449219,25400
2023-02-05 19:00:00-05:00,35.617930998485946,35.617930998485946,35.51924133300781,35.51924133300781,3300
2023-02-06 19:00:00-05:00,35.49456536123411,35.73306064592814,35.49456536123411,35.6837158203125,5200
2023-02-07 19:00:00-05:00,35.5850229962852,35.5850229962852,35.445214250425806,35.491268157958984,31300
2023-02-08 19:00:00-05:00,35.48221967910492,35.650808961130664,35.249481201171875,35.249481201171875,10600
2023-02-09 19:00:00-05:00,35.12448126959668,35.12448126959668,34.951779113958516,34.96822738647461,23800
2023-02-12 19:00:00-05:00,35.00112704850514,35.07514271282536,34.9517822265625,34.9517822265625,29400
2023-02-13 19:00:00-05:00,35.04224847176247,35.066919315764174,34.89421713337684,35.05869674682617,5800
2023-02-14 19:00:00-05:00,34.88599050581177,35.01264190673828,34.857206809507474,35.01264190673828,7700
2023-02-15 19:00:00-05:00,34.74207423281217,34.86954758499537,34.74207423281217,34.745365142822266,3000
2023-02-16 19:00:00-05:00,34.56525540611456,34.93122087254277,34.409001510093944,34.922176361083984,9900
2023-02-20 19:00:00-05:00,34.581701031725146,34.581701031725146,34.25274499100145,34.33909606933594,3900
2023-02-21 19:00:00-05:00,34.55456966874489,34.68862171157364,34.49947123606992,34.59733581542969,6400
2023-02-22 19:00:00-05:00,34.770848670370235,34.959999084472656,34.729729560728316,34.959999084472656,4400
2023-02-23 19:00:00-05:00,34.687803468460245,34.75441538816538,34.66477650615461,34.75359344482422,4400
2023-02-26 19:00:00-05:00,34.91066356182944,35.02168549115227,34.87365416059681,34.96658706665039,4300
2023-02-27 19:00:00-05:00,34.90161216063685,34.93533064853057,34.86954069601669,34.88269805908203,209300
2023-02-28 19:00:00-05:00,34.86617125568692,34.86617125568692,34.71745274021603,34.810813903808594,7400
2023-03-01 19:00:00-05:00,34.675322948615026,34.87113495893028,34.667884815336244,34.824867248535156,3100
2023-03-02 19:00:00-05:00,35.031422113090734,35.27102141698582,34.97441323121791,35.228885650634766,4200
2023-03-05 19:00:00-05:00,35.254495764357124,35.31646234961226,35.20575077643403,35.218143463134766,4600
2023-03-06 19:00:00-05:00,35.23797482004532,35.23797482004532,35.00663310835215,35.047943115234375,20200
2023-03-07 19:00:00-05:00,35.023152184013874,35.023152184013874,34.78024673461914,34.78024673461914,4500
2023-03-08 19:00:00-05:00,34.96117713939776,34.96117713939776,34.51089288692191,34.56046676635742,17500
2023-03-09 19:00:00-05:00,34.61832109196127,34.8000857832061,34.59353256225586,34.59353256225586,2600
2023-03-12 20:00:00-04:00,34.34566050715945,34.88270000441382,34.34566050715945,34.44480514526367,11600
2023-03-13 20:00:00-04:00,34.87444183365738,34.89179222696563,34.65219290822155,34.76703643798828,13700
2023-03-14 20:00:00-04:00,34.47371852447307,34.60921859741211,34.46545778547109,34.60921859741211,3400
2023-03-15 20:00:00-04:00,34.54395277555828,34.881874084472656,34.54395277555828,34.881874084472656,7500
2023-03-16 20:00:00-04:00,34.709188610917394,34.7215844469138,34.602609005004716,34.635658264160156,7000
2023-03-19 20:00:00-04:00,34.68027358316031,34.74637210582829,34.57699700530486,34.58030319213867,3400
2023-03-20 20:00:00-04:00,34.77611906472088,34.97771453857422,34.77611906472088,34.97771453857422,3000
2023-03-21 20:00:00-04:00,34.96532222838873,35.1388261440126,34.882702216687285,35.05042266845703,3300
2023-03-22 20:00:00-04:00,35.03968755051953,35.122307576488375,34.849658969389615,34.87031555175781,3900
2023-03-23 20:00:00-04:00,34.74306984472831,34.82899604285516,34.734809104336925,34.824867248535156,3100
2023-03-26 20:00:00-04:00,34.92400793654742,34.92400793654742,34.77446365356445,34.77446365356445,1000
2023-03-27 20:00:00-04:00,34.71745732596102,34.7620735168457,34.692671954025656,34.7620735168457,2200
2023-03-28 20:00:00-04:00,34.890955616807425,35.188392639160156,34.886823671566205,35.188392639160156,9300
2023-03-29 20:00:00-04:00,35.237982496322026,35.371002197265625,35.17601589662407,35.371002197265625,5600
2023-03-30 20:00:00-04:00,35.42800570449263,35.90720748901367,35.42800570449263,35.90720748901367,31600
2023-04-02 20:00:00-04:00,35.76270164707015,35.80256652832031,35.60407217840643,35.80256652832031,35900
2023-04-03 20:00:00-04:00,35.71202056013797,35.74524180473651,35.66551208496094,35.66551208496094,6200
2023-04-04 20:00:00-04:00,35.64559191684169,35.64559191684169,35.444610595703125,35.444610595703125,66300
2023-04-05 20:00:00-04:00,35.41221456376954,35.67050457816628,35.41221456376954,35.63728332519531,2800
2023-04-09 20:00:00-04:00,35.537633213420925,35.60407257080078,35.462886956272335,35.60407257080078,4200
2023-04-10 20:00:00-04:00,35.6206861093097,35.75356800306836,35.59660180069198,35.7211799621582,23900
2023-04-11 20:00:00-04:00,35.77849152800584,35.77849152800584,35.68962478637695,35.68962478637695,3300
2023-04-12 20:00:00-04:00,35.736944292286395,36.011014879953436,35.736944292286395,35.932945251464844,3900
2023-04-13 20:00:00-04:00,35.95288556136251,36.03593554104262,35.80339306341539,35.84907150268555,6500
2023-04-16 20:00:00-04:00,35.72864611748575,35.73861312866211,35.6215086677239,35.73861312866211,3400
2023-04-17 20:00:00-04:00,35.795084286621105,35.820001813740795,35.753559298959594,35.79591751098633,6900
2023-04-18 20:00:00-04:00,35.66386409848305,35.70372897192444,35.658050537109375,35.658050537109375,2500
2023-04-19 20:00:00-04:00,35.62898790635156,35.63729163745459,35.59992009526027,35.629817962646484,3000
2023-04-20 20:00:00-04:00,35.66220341673113,35.72033903470429,35.66220341673113,35.70954513549805,1200
2023-04-23 20:00:00-04:00,35.745248289109476,35.83494186401367,35.72863766379695,35.83494186401367,5800
2023-04-24 20:00:00-04:00,35.8532211574361,35.85488443807127,35.66220367298691,35.7369499206543,27600
2023-04-25 20:00:00-04:00,35.770168923249514,35.786779551478396,35.621506493531385,35.62565994262695,4600
2023-04-26 20:00:00-04:00,35.76602485765761,35.860705146587044,35.76602485765761,35.78678894042969,2000
2023-04-27 20:00:00-04:00,35.82830786288457,35.96118973289385,35.82830786288457,35.9188346862793,6900
2023-04-30 20:00:00-04:00,35.79023798886805,35.87290518292437,35.719261169433594,35.719261169433594,4200
2023-05-01 20:00:00-04:00,35.58900043248768,35.714256286621094,35.572299439577314,35.714256286621094,765700
2023-05-02 20:00:00-04:00,35.72260893342891,35.847864800686736,35.63910714551637,35.65330123901367,2300
2023-05-03 20:00:00-04:00,35.588997689465764,35.62239967271204,35.49965072893984,35.6098747253418,2800
2023-05-04 20:00:00-04:00,35.72259720429921,35.78856658935547,35.70589621512249,35.78856658935547,7400
2023-05-07 20:00:00-04:00,35.7134212646142,35.733460544620826,35.66749433103677,35.72761535644531,3400
2023-05-08 20:00:00-04:00,35.59735251966622,35.67250539506436,35.59735251966622,35.61572265625,3000
2023-05-09 20:00:00-04:00,35.814455470307145,35.814455470307145,35.727612227107606,35.80610656738281,13100
2023-05-10 20:00:00-04:00,35.78105674753812,35.787739692952464,35.72343943740728,35.768531799316406,4600
2023-05-11 20:00:00-04:00,35.739308309742036,35.739308309742036,35.60570354389846,35.61405563354492,2900
2023-05-14 20:00:00-04:00,35.6140494736513,35.63074727927839,35.6140494736513,35.622398376464844,2500
2023-05-15 20:00:00-04:00,35.50466339489521,35.50466339489521,35.33014232263151,35.34016036987305,2100
2023-05-16 20:00:00-04:00,35.4303479135248,35.522201787374065,35.413646919607764,35.50550079345703,5400
2023-05-17 20:00:00-04:00,35.44704990482937,35.44704990482937,35.38024592728153,35.438697814941406,4000
2023-05-18 20:00:00-04:00,35.48878945179332,35.4896240234375,35.4637395609162,35.4896240234375,3400
2023-05-21 20:00:00-04:00,35.56813299259919,35.68503677865843,35.56813299259919,35.67919158935547,3600
2023-05-22 20:00:00-04:00,35.5889865346878,35.60485294956498,35.4470329284668,35.4470329284668,5300
2023-05-23 20:00:00-04:00,35.27836924506592,35.27836924506592,35.16313462910812,35.18985366821289,2500
2023-05-24 20:00:00-04:00,35.21322491221355,35.21322491221355,35.167301177978516,35.167301177978516,1000
2023-05-25 20:00:00-04:00,35.28003353081679,35.39276123046875,35.28003353081679,35.39276123046875,3800
2023-05-29 20:00:00-04:00,35.48378868502292,35.538902282714844,35.40529751864177,35.538902282714844,3500
2023-05-30 20:00:00-04:00,35.48461841163766,35.48461841163766,35.38023960441461,35.42616653442383,2000
2023-05-31 20:00:00-04:00,35.474858860790604,35.66797605129664,35.474858860790604,35.641109466552734,2800
2023-06-01 20:00:00-04:00,35.743543166784384,35.90223473960983,35.743543166784384,35.84346008300781,4200
2023-06-04 20:00:00-04:00,35.7813350637201,35.789730072021484,35.70996307975222,35.789730072021484,3000
2023-06-05 20:00:00-04:00,35.74355354796607,35.85270788606288,35.74355354796607,35.836753845214844,2600
2023-06-06 20:00:00-04:00,35.90308159228296,35.92407391826043,35.60920824647377,35.63859558105469,5600
2023-06-07 20:00:00-04:00,35.80148806552388,35.85270690917969,35.74859086066015,35.85270690917969,1000
2023-06-08 20:00:00-04:00,35.90307792452916,35.9702507984115,35.86109647984215,35.911476135253906,2900
2023-06-11 20:00:00-04:00,35.83590899942266,35.84850311279297,35.793927553861955,35.84850311279297,1300
2023-06-12 20:00:00-04:00,35.94254182778609,36.00383723535267,35.90307792452916,35.911476135253906,3400
2023-06-13 20:00:00-04:00,35.97025259941926,36.01307322672696,35.7695795541592,35.89888381958008,8400
2023-06-14 20:00:00-04:00,36.012229020020136,36.07268524169922,35.987040796058054,36.07268524169922,4500
2023-06-15 20:00:00-04:00,35.971091249528484,36.02902673425589,35.961857060979774,35.98704528808594,1700
2023-06-19 20:00:00-04:00,35.94506344923919,35.95345845718986,35.894683792598194,35.91567611694336,4400
2023-06-20 20:00:00-04:00,35.903082158082334,35.903082158082334,35.760344588719676,35.777976989746094,7300
2023-06-21 20:00:00-04:00,35.65119275333332,35.74271469015504,35.65119275333332,35.70157241821289,4600
2023-06-22 20:00:00-04:00,35.574776625384686,35.5924090231593,35.51600196613597,35.57981491088867,2100
2023-06-25 20:00:00-04:00,35.610044551459424,35.67637824628496,35.610044551459424,35.665462493896484,2600
2023-06-26 20:00:00-04:00,35.70157655344133,35.78806021349434,35.70157655344133,35.7721061706543,2300
2023-06-27 20:00:00-04:00,35.73516282336496,35.986215589003194,35.73516282336496,35.953468322753906,4000
2023-06-28 20:00:00-04:00,35.781346609251244,35.85691452026367,35.781346609251244,35.85691452026367,600
2023-06-29 20:00:00-04:00,36.062608670922934,36.138176545787815,35.987040796058054,36.07268524169922,3400
2023-07-02 20:00:00-04:00,35.984059244860596,36.01697723027278,35.92919056918579,35.988277435302734,8600
2023-07-04 20:00:00-04:00,35.950287874676974,35.950287874676974,35.83211416389725,35.89120101928711,7400
2023-07-05 20:00:00-04:00,35.56200691685581,35.64641580216819,35.53668167526803,35.60843276977539,6600
2023-07-06 20:00:00-04:00,35.5704501688244,35.8616663270339,35.5704501688244,35.6717414855957,34400
2023-07-09 20:00:00-04:00,35.68017078058739,35.84054890634179,35.68017078058739,35.828731536865234,3800
2023-07-10 20:00:00-04:00,35.92497207351795,35.99587631225586,35.86588520790302,35.99587631225586,10000
2023-07-11 20:00:00-04:00,36.22884958312948,36.347026546032204,36.228005944964835,36.34111785888672,2200
2023-07-12 20:00:00-04:00,36.4398692545017,36.55466842651367,36.4398692545017,36.55466842651367,1900
2023-07-13 20:00:00-04:00,36.494745971944646,36.494745971944646,36.26261666265432,36.26683807373047,4800
2023-07-16 20:00:00-04:00,36.27949675651666,36.37910079956055,36.25501836983513,36.37910079956055,4200
2023-07-17 20:00:00-04:00,36.456751881809545,36.54032034720056,36.45506460573877,36.46519470214844,8000
2023-07-18 20:00:00-04:00,36.52427617200523,36.55804100839065,36.473628917427085,36.51245880126953,6500
2023-07-19 20:00:00-04:00,36.32170337731861,36.330989837646484,36.27949892672311,36.330989837646484,3500
2023-07-20 20:00:00-04:00,36.36475826923212,36.420467376708984,36.36475826923212,36.420467376708984,8600
2023-07-23 20:00:00-04:00,36.448320999484146,36.507407876019286,36.379947662353516,36.379947662353516,2300
2023-07-24 20:00:00-04:00,36.32169198925614,36.36389964661131,36.3048095703125,36.3048095703125,1300
2023-07-25 20:00:00-04:00,36.36726505379971,36.4736213684082,36.32168285611282,36.4736213684082,2800
2023-07-26 20:00:00-04:00,36.46941291991865,36.46941291991865,36.18326187133789,36.18326187133789,3200
2023-07-27 20:00:00-04:00,36.372348753105975,36.397670778144025,36.346179869906045,36.385009765625,2900
2023-07-30 20:00:00-04:00,36.52427861525512,36.53271821492002,36.46519175762408,36.47025680541992,2900
2023-07-31 20:00:00-04:00,36.39981234383703,36.39981234383703,36.238564629772874,36.26572036743164,1500
2023-08-01 20:00:00-04:00,36.13673273879754,36.16813278198242,36.02300753857087,36.16813278198242,3400
2023-08-02 20:00:00-04:00,36.00095040033848,36.08582021634676,35.98397967458927,36.02641296386719,4400
2023-08-03 20:00:00-04:00,36.18849750579324,36.42527822815497,36.18849750579324,36.23857116699219,6700
2023-08-06 20:00:00-04:00,36.31495129493044,36.321740230370985,36.1961368310925,36.292884826660156,3600
2023-08-07 20:00:00-04:00,36.30646837780204,36.34296417236328,36.21226500424193,36.34296417236328,2600
2023-08-08 20:00:00-04:00,36.281011066319955,36.391340193592995,36.26403710539703,36.33617401123047,5500
2023-08-09 20:00:00-04:00,36.501663732528456,36.501663732528456,36.29798268947539,36.32768630981445,6700
2023-08-10 20:00:00-04:00,36.21310861153025,36.27760835628145,36.21310861153025,36.23857116699219,1700
2023-08-13 20:00:00-04:00,36.26402333407675,36.36586382348822,36.21310147064562,36.34040451049805,33700
2023-08-14 20:00:00-04:00,36.20461843711423,36.2207441805206,36.0858039855957,36.0858039855957,3300
2023-08-15 20:00:00-04:00,36.28949367765487,36.28949367765487,36.06968688964844,36.06968688964844,6400
2023-08-16 20:00:00-04:00,36.06882138300488,36.06882138300488,35.90757369995117,35.90757369995117,15100
2023-08-17 20:00:00-04:00,35.99160828057524,36.02640441126022,35.924563893679505,35.92965316772461,1400
2023-08-20 20:00:00-04:00,35.89060959202226,35.944924309241735,35.81422840805855,35.9237060546875,3200
2023-08-21 20:00:00-04:00,35.91605905697496,35.95679589307962,35.90332940271417,35.90757369995117,3600
2023-08-22 20:00:00-04:00,36.060353386155775,36.23093795776367,36.060353386155775,36.23093795776367,1700
2023-08-23 20:00:00-04:00,36.05186154425763,36.119757376827096,35.95086924514431,35.982269287109375,1600
2023-08-24 20:00:00-04:00,36.085815873087846,36.18765640258789,36.060356550075845,36.18765640258789,1000
2023-08-27 20:00:00-04:00,36.24705444762571,36.30900955200195,36.20546938645034,36.30900955200195,3500
2023-08-28 20:00:00-04:00,36.2555429645965,36.52881622314453,36.2555429645965,36.52881622314453,3800
2023-08-29 20:00:00-04:00,36.56955320923771,36.56955320923771,36.50844955444336,36.50844955444336,3100
2023-08-30 20:00:00-04:00,36.519484233479446,36.54579500311958,36.45922878318509,36.52542495727539,1600
2023-08-31 20:00:00-04:00,36.619257497086245,36.619257497086245,36.527122497558594,36.527122497558594,1000
2023-09-04 20:00:00-04:00,36.402575805205586,36.44523434657459,36.33774185180664,36.33774185180664,80000
2023-09-05 20:00:00-04:00,36.21404301816394,36.29593974577333,36.17224037695025,36.2532844543457,4200
2023-09-06 20:00:00-04:00,36.30704056404738,36.35567092895508,36.25756080308527,36.35567092895508,3000
2023-09-07 20:00:00-04:00,36.3769818554496,36.41025473535732,36.283138275146484,36.283138275146484,2300
2023-09-10 20:00:00-04:00,36.37698373523795,36.40257625686505,36.284848704746466,36.36845397949219,3500
2023-09-11 20:00:00-04:00,36.336039362729345,36.385522367748436,36.336039362729345,36.36248779296875,1200
2023-09-12 20:00:00-04:00,36.41963930527291,36.462297847502114,36.38551702763534,36.394046783447266,6500
2023-09-13 20:00:00-04:00,36.4452305350079,36.522011345296406,36.43669752587059,36.466556549072266,2800
2023-09-14 20:00:00-04:00,36.33858330798582,36.39403483853822,36.33858330798582,36.35649871826172,2100
2023-09-17 20:00:00-04:00,36.30873668078768,36.36845473541874,36.30873668078768,36.32494354248047,12100
2023-09-18 20:00:00-04:00,36.24048400374598,36.28313929024359,36.21489148272537,36.2362174987793,1800
2023-09-19 20:00:00-04:00,36.30873150461599,36.342853777833625,36.23280334472656,36.23280334472656,1400
2023-09-20 20:00:00-04:00,36.087784120089346,36.087784120089346,35.98455810546875,35.98455810546875,2000
2023-09-21 20:00:00-04:00,36.0527917779801,36.146635347738,36.02719926055132,36.03573226928711,7500
2023-09-24 20:00:00-04:00,35.91630461225102,35.984555686784056,35.91630461225102,35.95469665527344,3100
2023-09-25 20:00:00-04:00,35.89923116539989,35.89923116539989,35.801121097433075,35.81135940551758,5200
2023-09-26 20:00:00-04:00,35.97602127349098,35.97602127349098,35.72861927392446,35.77127456665039,11600
2023-09-27 20:00:00-04:00,35.76443607768494,35.97515450791676,35.76443607768494,35.9359130859375,2500
2023-09-28 20:00:00-04:00,36.09545175097086,36.09545175097086,35.91288375854492,35.91288375854492,10000
2023-10-01 20:00:00-04:00,35.76536833082008,35.7825223769979,35.662447325552904,35.67531204223633,5300
2023-10-02 20:00:00-04:00,35.388841655263185,35.43687166948052,35.32794365426678,35.34852981567383,23100
2023-10-03 20:00:00-04:00,35.4308635885982,35.52949523925781,35.38711963685273,35.52949523925781,3400
2023-10-04 20:00:00-04:00,35.46517446239173,35.550944686102895,35.46517446239173,35.54236602783203,2000
2023-10-05 20:00:00-04:00,35.379408017513555,35.65386619372364,35.379408017513555,35.62641906738281,3400
2023-10-08 20:00:00-04:00,35.71304579133692,35.87686479103517,35.636711437792684,35.8682861328125,32800
2023-10-09 20:00:00-04:00,35.79967382067411,35.954053681452145,35.79967382067411,35.87686538696289,7500
2023-10-10 20:00:00-04:00,36.014089461635514,36.0226648470075,35.74820670991708,35.86227798461914,11100
2023-10-11 20:00:00-04:00,35.72248043452339,35.80824738300846,35.66672897338867,35.66672897338867,5800
2023-10-12 20:00:00-04:00,35.88542950872219,35.88542950872219,35.602392763911624,35.64870834350586,2100
2023-10-15 20:00:00-04:00,35.65816438440266,35.713912590618335,35.61956695563769,35.64958572387695,10700
2023-10-16 20:00:00-04:00,35.4951935632019,35.574960035608356,35.48147163599629,35.50891876220703,3100
2023-10-17 20:00:00-04:00,35.473754106072846,35.473754106072846,35.34510040283203,35.34510040283203,2000
2023-10-18 20:00:00-04:00,35.35367602841482,35.430867589377264,35.199292906489916,35.206153869628906,2400
2023-10-19 20:00:00-04:00,35.23359821249138,35.285057067871094,35.17355742821664,35.285057067871094,2100
2023-10-22 20:00:00-04:00,35.156405205619485,35.473746797284285,35.156405205619485,35.40084457397461,5400
2023-10-23 20:00:00-04:00,35.465171562991365,35.60154342651367,35.465171562991365,35.60154342651367,2600
2023-10-24 20:00:00-04:00,35.5080572013325,35.542362015144505,35.42228698730469,35.42228698730469,1600
2023-10-25 20:00:00-04:00,35.50807058378324,35.56296157836914,35.418011007162164,35.56296157836914,3100
2023-10-26 20:00:00-04:00,35.593829279656156,35.62813737021785,35.456600189208984,35.456600189208984,1400
2023-10-29 20:00:00-04:00,35.525209912940504,35.525209912940504,35.406852573175236,35.47117614746094,5900
2023-10-30 20:00:00-04:00,35.65301047369738,35.68817577662404,35.6024055480957,35.6024055480957,2400
2023-10-31 20:00:00-04:00,35.74132072478102,35.87507247924805,35.74132072478102,35.87507247924805,1300
2023-11-01 20:00:00-04:00,36.30220424946333,36.34534859292081,36.216777988579196,36.25905990600586,3300
2023-11-02 20:00:00-04:00,36.58698244604748,36.681898735832725,36.52140182383865,36.67327117919922,3100
2023-11-05 19:00:00-05:00,36.62148925065628,36.66722418003078,36.51190185546875,36.51190185546875,3400
2023-11-06 19:00:00-05:00,36.483414099969416,36.58696447894506,36.44113218065026,36.52656173706055,4100
2023-11-07 19:00:00-05:00,36.56108869720836,36.56108869720836,36.483427530239304,36.5179443359375,2200
2023-11-08 19:00:00-05:00,36.39195034779451,36.49204773845492,36.284950256347656,36.284950256347656,5400
2023-11-09 19:00:00-05:00,36.35398007618448,36.5179299008881,36.35398007618448,36.45752716064453,1600
2023-11-12 19:00:00-05:00,36.32809294856925,36.44890172778321,36.30220699887473,36.40575408935547,13900
2023-11-13 19:00:00-05:00,36.81995744429255,36.870870225468096,36.802702333480994,36.80701446533203,3700
2023-11-14 19:00:00-05:00,36.707773630571644,36.776803931750386,36.66462928087206,36.67066955566406,3300
2023-11-15 19:00:00-05:00,36.69914495269316,36.75092015041171,36.67325899968542,36.7181282043457,7600
2023-11-16 19:00:00-05:00,36.72503384640421,36.888983700058034,36.72503384640421,36.819950103759766,2800
2023-11-19 19:00:00-05:00,36.819946886176524,36.88898047644216,36.73365819004724,36.832027435302734,4600
2023-11-20 19:00:00-05:00,36.81132282084866,36.90624237060547,36.81132282084866,36.90624237060547,600
2023-11-21 19:00:00-05:00,36.91141427497561,36.975266720864454,36.854461237612554,36.97181701660156,2300
2023-11-23 19:00:00-05:00,36.90710637873501,36.949388306494946,36.90710637873501,36.92781448364258,500
2023-11-26 19:00:00-05:00,36.92349099437303,37.00977967583276,36.92349099437303,36.99942398071289,1300
2023-11-27 19:00:00-05:00,37.02705655931594,37.14613723754883,37.02705655931594,37.14613723754883,2700
2023-11-28 19:00:00-05:00,37.32906222397278,37.36357902292496,37.28074002212097,37.304901123046875,8600
2023-11-29 19:00:00-05:00,37.21689151659158,37.247955322265625,37.13923035655474,37.247955322265625,5100
2023-11-30 19:00:00-05:00,37.2661571820899,37.52627395365521,37.248815622976984,37.51760482788086,5500
2023-12-03 19:00:00-05:00,37.430897065282934,37.464713601717534,37.3441925772062,37.459510803222656,3200
2023-12-04 19:00:00-05:00,37.452582475286746,37.552295633707956,37.42223556751766,37.53495407104492,16000
2023-12-05 19:00:00-05:00,37.58698444394579,37.69103384481721,37.475135803222656,37.475135803222656,4500
2023-12-06 19:00:00-05:00,37.578303540334424,37.578303540334424,37.49159904100672,37.54448699951172,3000
2023-12-07 19:00:00-05:00,37.60430850339096,37.60430850339096,37.38581081690473,37.46644592285156,4600
2023-12-10 19:00:00-05:00,37.34418891555238,37.41355514526367,37.31817823319259,37.41355514526367,8600
2023-12-11 19:00:00-05:00,37.52627319794468,37.52627319794468,37.35286422543607,37.483787536621094,7200
2023-12-12 19:00:00-05:00,37.75172091107241,38.045654296875,37.55229788981373,38.045654296875,7100
2023-12-13 19:00:00-05:00,38.167907460435565,38.36733047617228,38.115882770761424,38.25461196899414,3300
2023-12-14 19:00:00-05:00,38.193903979031866,38.22685392920171,38.15055174083912,38.16095733642578,2700
2023-12-17 19:00:00-05:00,38.15056589721085,38.28929509544356,38.07253051648214,38.25461196899414,8200
2023-12-18 19:00:00-05:00,38.17657500630476,38.37599801377778,38.17657500630476,38.303165435791016,5700
2023-12-19 19:00:00-05:00,38.30663205987144,38.53119915767646,38.30663205987144,38.35432052612305,7200
2023-12-20 19:00:00-05:00,38.45749758825841,38.50778579711914,38.39333414681608,38.50778579711914,1200
2023-12-21 19:00:00-05:00,38.514719483492584,38.514719483492584,38.263275146484375,38.263275146484375,6600
2023-12-25 19:00:00-05:00,38.61010276145448,38.61010276145448,38.445362884902316,38.51906204223633,2400
2023-12-26 19:00:00-05:00,38.639403124700685,38.79636778592159,38.587080462124,38.72486114501953,7700
2023-12-27 19:00:00-05:00,38.60451354458073,38.60974614243139,38.560912997836574,38.57835388183594,3400
2023-12-28 19:00:00-05:00,38.54348078256241,38.62981035024321,38.448429107666016,38.448429107666016,5400
2024-01-01 19:00:00-05:00,38.281870362947075,38.351630581285164,38.24262753734341,38.30366897583008,7100
2024-01-02 19:00:00-05:00,38.107464284676766,38.21210627394822,37.99497173449103,38.1362419128418,5800
2024-01-03 19:00:00-05:00,38.055136328727755,38.15890675823039,38.03071975708008,38.03071975708008,6900
2024-01-04 19:00:00-05:00,38.194670383161295,38.24612150245849,38.06386871109268,38.116188049316406,4800
2024-01-07 19:00:00-05:00,38.15105837033321,38.42138706718598,38.15105837033321,38.35162353515625,6400
2024-01-08 19:00:00-05:00,38.273153715941284,38.39523661032875,38.273153715941284,38.37430953979492,4500
2024-01-09 19:00:00-05:00,38.44755289355125,38.57835787382758,38.41267112194305,38.45278549194336,6000
2024-01-10 19:00:00-05:00,38.51731194715148,38.543474938322,38.39959012966469,38.53824234008789,3300
2024-01-11 19:00:00-05:00,38.621969026275174,38.69172926213095,38.58708724509241,38.61324691772461,3600
2024-01-15 19:00:00-05:00,38.44755428615595,38.50859572542686,38.36035318048579,38.36907196044922,5400
2024-01-16 19:00:00-05:00,38.22083224469056,38.32547424454237,38.172870635069074,38.2382698059082,4900
2024-01-17 19:00:00-05:00,38.24699554158488,38.360359659309744,38.2295546522034,38.273155212402344,2700
2024-01-18 19:00:00-05:00,38.22519023265692,38.30192947387695,38.22083250557737,38.30192947387695,1600
2024-01-21 19:00:00-05:00,38.366449782641304,38.45626550669255,38.33418265214882,38.35162353515625,5400
2024-01-22 19:00:00-05:00,38.2993051857053,38.342909061373106,38.23390602522093,38.32633972167969,4500
2024-01-23 19:00:00-05:00,38.403942535413975,38.526025378358604,38.273137588540166,38.31673812866211,7500
2024-01-24 19:00:00-05:00,38.44319144205226,38.560045043077785,38.44319144205226,38.55132293701172,3800
2024-01-25 19:00:00-05:00,38.53911217967154,38.58707378043457,38.49987268441556,38.521671295166016,1400
2024-01-28 19:00:00-05:00,38.54260357680267,38.594051361083984,38.509464896664916,38.594051361083984,3300
2024-01-29 19:00:00-05:00,38.58271263897372,38.58271263897372,38.28186652984379,38.53911209106445,92100
2024-01-30 19:00:00-05:00,38.6742757337118,38.6742757337118,38.517311096191406,38.517311096191406,4100
2024-01-31 19:00:00-05:00,38.586585545718236,38.70320320898376,38.51907005645925,38.69268035888672,8600
2024-02-01 19:00:00-05:00,38.47523129099262,38.6418274835554,38.47523129099262,38.54537582397461,10600
2024-02-04 19:00:00-05:00,38.317404179539,38.33757019042969,38.27005469369248,38.33757019042969,6100
2024-02-05 19:00:00-05:00,38.3787719011064,38.4839903518036,38.28232026095302,38.475223541259766,22500
2024-02-06 19:00:00-05:00,38.56291805822886,38.56291805822886,38.413858814769995,38.51907730102539,5200
2024-02-07 19:00:00-05:00,38.711966893246654,38.76457444526668,38.50591172827707,38.562904357910156,638200
2024-02-08 19:00:00-05:00,38.49188212297905,38.5979802686846,38.49188212297905,38.579566955566406,5800
2024-02-11 19:00:00-05:00,38.5330948962771,38.613762268628356,38.422615014502334,38.501529693603516,6700
2024-02-12 19:00:00-05:00,38.224457866245665,38.352474729170055,38.1157306657069,38.146419525146484,14400
2024-02-13 19:00:00-05:00,38.306889146406775,38.37001957719647,38.27006250430682,38.29198455810547,3900
2024-02-14 19:00:00-05:00,38.41385491007468,38.47523263288768,38.35247718726168,38.42788314819336,3000
2024-02-15 19:00:00-05:00,38.317400138617366,38.35510311602454,38.22971529540152,38.31915283203125,10000
2024-02-19 19:00:00-05:00,38.27794298857099,38.41385366597094,38.27794298857099,38.38754653930664,6700
2024-02-20 19:00:00-05:00,38.396321208508716,38.40508802187041,38.299869537353516,38.299869537353516,5500
2024-02-21 19:00:00-05:00,38.44453347032123,38.54536684013799,38.44453347032123,38.540985107421875,4800
2024-02-22 19:00:00-05:00,38.55414861202245,38.641830120441995,38.51206055142724,38.5322265625,9400
2024-02-25 19:00:00-05:00,38.49276560166632,38.49276560166632,38.3173992640719,38.473472595214844,12900
2024-02-26 19:00:00-05:00,38.4752302288927,38.483997040960354,38.396315540944556,38.45944595336914,5500
2024-02-27 19:00:00-05:00,38.43139203134423,38.51030337969853,38.42262187385928,38.44015884399414,14600
2024-02-28 19:00:00-05:00,38.55414196138269,38.55414196138269,38.45769031185815,38.46908950805664,2400
2024-02-29 19:00:00-05:00,38.47702392333842,38.67081953169502,38.47702392333842,38.64879608154297,8300
2024-03-03 19:00:00-05:00,38.6003485626039,38.67874788117414,38.53868693233671,38.662010192871094,17600
2024-03-04 19:00:00-05:00,38.69724238911787,38.70604975240416,38.6179626783153,38.61884307861328,4200
2024-03-05 19:00:00-05:00,38.66200238260104,38.723664000411716,38.65759702124138,38.66552734375,4000
2024-03-06 19:00:00-05:00,38.75009499465273,38.78532780659952,38.67081528723637,38.679622650146484,11300
2024-03-07 19:00:00-05:00,38.855804941559235,38.882230393853845,38.706052871173995,38.723670959472656,16800
2024-03-10 20:00:00-04:00,38.69724473553898,38.750098999381024,38.67962664759163,38.71486282348633,8900
2024-03-11 20:00:00-04:00,38.77652679177279,38.82057033414637,38.72367252474036,38.77212142944336,8800
2024-03-12 20:00:00-04:00,38.802941597094865,38.86460321155849,38.79413423515976,38.81175231933594,8200
2024-03-13 20:00:00-04:00,38.68755392601162,38.714863138659666,38.547492981950654,38.58625411987305,7000
2024-03-14 20:00:00-04:00,38.56510362551526,38.63557596427453,38.5342728173846,38.58272171020508,8800
2024-03-17 20:00:00-04:00,38.61795884242252,38.732474715608454,38.59153339488198,38.626766204833984,10600
2024-03-18 20:00:00-04:00,38.662002277853645,38.82937240600586,38.662002277853645,38.82937240600586,12800
2024-03-19 20:00:00-04:00,38.79414165738816,39.261009216308594,38.77828437050395,39.261009216308594,18000
2024-03-20 20:00:00-04:00,39.02140569085153,39.05840266321063,38.92715245945276,38.980003356933594,10000
2024-03-21 20:00:00-04:00,39.03814664961092,39.076024025396286,38.951820373535156,38.951820373535156,11400
2024-03-24 20:00:00-04:00,38.88223284583882,38.95270520347758,38.88223284583882,38.9174690246582,13100
2024-03-25 20:00:00-04:00,38.88221825025894,38.90864369430042,38.820556640625,38.820556640625,22000
2024-03-26 20:00:00-04:00,38.89983503690635,39.01435089111328,38.85579151153618,39.01435089111328,11200
2024-03-27 20:00:00-04:00,39.023167512103996,39.023167512103996,38.91746235407105,38.96150588989258,26300
2024-03-31 20:00:00-04:00,38.915456091005524,38.915456091005524,38.49929428100586,38.49929428100586,81000
2024-04-01 20:00:00-04:00,38.63212056234387,38.71181106567383,38.481592554845896,38.71181106567383,23900
2024-04-02 20:00:00-04:00,38.64982549572297,38.76493136018781,38.64096911986093,38.73836898803711,21800
2024-04-03 20:00:00-04:00,38.81806485969639,38.86233661198646,38.65868384927762,38.720664978027344,15900
2024-04-04 20:00:00-04:00,38.747226641526275,38.747226641526275,38.648056837349856,38.685245513916016,14700
2024-04-07 20:00:00-04:00,38.64983401785116,38.77379628551122,38.64983401785116,38.747230529785156,31100
2024-04-08 20:00:00-04:00,38.83577283020934,38.871191581846425,38.72066357624786,38.862335205078125,20300
2024-04-09 20:00:00-04:00,38.6852482083505,38.6852482083505,38.43732368064148,38.49045181274414,28300
2024-04-10 20:00:00-04:00,38.4461721574345,38.517009658570984,38.35762865873187,38.45502853393555,31000
2024-04-11 20:00:00-04:00,38.463879982498476,38.47273635864258,38.40278382243193,38.47273635864258,21500
2024-04-14 20:00:00-04:00,38.44617979771832,38.44617979771832,38.18940224936494,38.24252700805664,18900
2024-04-15 20:00:00-04:00,38.15397961554023,38.1805419921875,38.048611693425315,38.1805419921875,27300
2024-04-16 20:00:00-04:00,38.26023249984761,38.26023249984761,38.130957087662836,38.1805419921875,15700
2024-04-17 20:00:00-04:00,38.048606347455724,38.198246002197266,38.0477213853876,38.198246002197266,20300
2024-04-18 20:00:00-04:00,38.224812265429584,38.30450277000336,38.198249889811045,38.260231018066406,5800
2024-04-21 20:00:00-04:00,38.40189747105834,38.44439929294604,38.29387468112028,38.43288803100586,7500
2024-04-22 20:00:00-04:00,38.62325886673141,38.632115242391876,38.55242475003593,38.57898712158203,15400
2024-04-23 20:00:00-04:00,38.52585983276367,38.52585983276367,38.41960696656703,38.52585983276367,10300
2024-04-24 20:00:00-04:00,38.35762956977866,38.46388244628906,38.26908606897299,38.46388244628906,9900
2024-04-25 20:00:00-04:00,38.59670166245812,38.59670166245812,38.534720535407516,38.58784866333008,9100
2024-04-28 20:00:00-04:00,38.62326826212511,38.747230529785156,38.5789965062063,38.747230529785156,14100
2024-04-29 20:00:00-04:00,38.59669414102429,38.60554713842713,38.47716009864004,38.49929428100586,9100
2024-04-30 20:00:00-04:00,38.46633155681847,38.68909234665149,38.46633155681847,38.68018341064453,8500
2024-05-01 20:00:00-04:00,38.69800376626784,38.87621307373047,38.69800376626784,38.87621307373047,9300
2024-05-02 20:00:00-04:00,39.10788826054812,39.18719173636463,39.07313966711997,39.125709533691406,8000
2024-05-05 20:00:00-04:00,39.17917251586914,39.21481166233381,39.14352997034425,39.17917251586914,7900
2024-05-06 20:00:00-04:00,39.2771777231331,39.2771777231331,39.143519911292074,39.24153518676758,13600
2024-05-07 20:00:00-04:00,39.170255578447176,39.170255578447176,39.0989738948314,39.134613037109375,8000
2024-05-08 20:00:00-04:00,39.07224028929814,39.134613037109375,39.06689696725132,39.134613037109375,22100
2024-05-09 20:00:00-04:00,39.06333060870803,39.11679441969538,39.03570645002698,39.045509338378906,86500
2024-05-12 20:00:00-04:00,39.08115470230081,39.10164763508283,39.00096067955636,39.02769088745117,12400
2024-05-13 20:00:00-04:00,39.02768906243753,39.098974145570274,39.02768906243753,39.063331604003906,19700
2024-05-14 20:00:00-04:00,39.2860918459188,39.31282205219332,39.223719098571706,39.30391311645508,17400
2024-05-15 20:00:00-04:00,39.19698773207826,39.28609068306246,39.188075397544026,39.214805603027344,13200
2024-05-16 20:00:00-04:00,39.20589262848264,39.214801563039366,39.170250092137046,39.19876480102539,6000
2024-05-19 20:00:00-04:00,39.196983337402344,39.196983337402344,39.170249735856636,39.196983337402344,16500
2024-05-20 20:00:00-04:00,39.170254127535244,39.262922692145075,39.170254127535244,39.214805603027344,10700
2024-05-21 20:00:00-04:00,39.1524329377932,39.17025420783852,39.07223892211914,39.07223892211914,14100
2024-05-22 20:00:00-04:00,39.080258352369135,39.080258352369135,38.938582153231394,38.96976852416992,13200
2024-05-23 20:00:00-04:00,39.036595766644915,39.124808155096886,39.03124904627519,39.098968505859375,4700
2024-05-27 20:00:00-04:00,39.06511352791031,39.12481461632888,38.96531712868639,38.967098236083984,10200
2024-05-28 20:00:00-04:00,38.84948029857251,38.91185304765858,38.822750091552734,38.822750091552734,5800
2024-05-29 20:00:00-04:00,38.87621748800452,39.00096299767488,38.858396215328725,38.979576110839844,9000
2024-05-30 20:00:00-04:00,39.098968505859375,39.098968505859375,39.02768343300893,39.098968505859375,17000
2024-06-02 20:00:00-04:00,39.12763325046928,39.26110278460376,39.12763325046928,39.223480224609375,13000
2024-06-03 20:00:00-04:00,39.244095932675464,39.30680021600868,39.21722022758468,39.24230194091797,8200
2024-06-04 20:00:00-04:00,39.35157931293886,39.386516012835465,39.29245619267174,39.32470703125,5200
2024-06-05 20:00:00-04:00,39.31574577320149,39.38920031851814,39.27095749978014,39.35157775878906,8500
2024-06-06 20:00:00-04:00,39.21721991995409,39.28798862282299,39.172431634657,39.20288848876953,10300
2024-06-09 20:00:00-04:00,39.13659785132833,39.29783840473211,39.13659785132833,39.23513412475586,17600
2024-06-10 20:00:00-04:00,39.260213118329716,39.342623963859864,39.226175118896705,39.28887939453125,7000
2024-06-11 20:00:00-04:00,39.53969932270668,39.638235596353184,39.36054277217912,39.40533447265625,65900
2024-06-12 20:00:00-04:00,39.50386904426805,39.50566303601137,39.43847889950581,39.468040466308594,11500
2024-06-13 20:00:00-04:00,39.32470703125,39.387411299941576,39.306791037748646,39.32470703125,10800
2024-06-16 20:00:00-04:00,39.27096791045952,39.54866074668984,39.22707491247295,39.468040466308594,28300
2024-06-17 20:00:00-04:00,39.38741917123172,39.50386802657247,39.38741917123172,39.45907974243164,9000
2024-06-19 20:00:00-04:00,39.44026238694952,39.459073668420636,39.34262141387856,39.43220138549805,17100
2024-06-20 20:00:00-04:00,39.432207382175584,39.512827660330245,39.432207382175584,39.511932373046875,12800
2024-06-23 20:00:00-04:00,39.5486580931928,39.573739804645136,39.46893310546875,39.46893310546875,10400
2024-06-24 20:00:00-04:00,39.503869119552014,39.53074482448174,39.45012454394685,39.5128288269043,12500
2024-06-25 20:00:00-04:00,39.45011901855469,39.4680350136228,39.40622602663213,39.45011901855469,6900
2024-06-26 20:00:00-04:00,39.4322014687527,39.48326017326403,39.41428547439097,39.47698974609375,7400
2024-06-27 20:00:00-04:00,39.530734600083846,39.5934388668232,39.41876220703125,39.41876220703125,6400
2024-06-30 20:00:00-04:00,39.45659470437179,39.63671792467632,39.348516649432824,39.35752487182617,42400
2024-07-01 20:00:00-04:00,39.34851568736554,39.461997985839844,39.34851568736554,39.461997985839844,10900
2024-07-02 20:00:00-04:00,39.5817861969065,39.5817861969065,39.519642511508415,39.578182220458984,5000
2024-07-04 20:00:00-04:00,39.68174952869241,39.75379812490085,39.609697496854,39.747493743896484,9400
2024-07-07 20:00:00-04:00,39.73579658299264,39.75290946083681,39.63672672844249,39.71147918701172,11000
2024-07-08 20:00:00-04:00,39.717775405438815,39.7438965023077,39.67274459961737,39.70787048339844,6100
2024-07-09 20:00:00-04:00,39.726793026897326,39.8348676735641,39.709680148522175,39.825862884521484,11400
2024-07-10 20:00:00-04:00,39.87088588261453,39.95374298095703,39.8258550749695,39.95374298095703,20300
2024-07-11 20:00:00-04:00,39.924922787240874,40.041102058640895,39.924922787240874,40.01678466796875,9100
2024-07-14 20:00:00-04:00,40.023991276952216,40.05101251001737,39.96905554691893,40.025794982910156,11000
2024-07-15 20:00:00-04:00,40.07802537909729,40.22212600708008,40.07802537909729,40.22212600708008,7200
2024-07-16 20:00:00-04:00,40.14107381188711,40.177099831939174,40.12306080186108,40.15278244018555,4100
2024-07-17 20:00:00-04:00,40.132066558227756,40.1662888702327,40.01498371806949,40.087032318115234,6100
2024-07-18 20:00:00-04:00,40.06001283272454,40.07802584088368,40.005973808247106,40.02398681640625,4700
2024-07-21 20:00:00-04:00,40.14107630274104,40.18610711278521,40.069027693796485,40.164493560791016,5900
2024-07-22 20:00:00-04:00,40.18791133069188,40.249151446604024,40.18791133069188,40.20412063598633,6100
2024-07-23 20:00:00-04:00,40.114058958353034,40.195115791603186,40.03840637207031,40.03840637207031,5500
2024-07-24 20:00:00-04:00,40.06902274482642,40.19961104713622,40.060014522551846,40.087032318115234,11500
2024-07-25 20:00:00-04:00,40.21312084235503,40.22302576347568,40.14106881122694,40.16538619995117,8000
2024-07-28 20:00:00-04:00,40.393246539198316,40.393246539198316,40.13206649933184,40.2131233215332,7300
2024-07-29 20:00:00-04:00,40.21313334650694,40.21313334650694,40.078037463949094,40.16990280151367,7600
2024-07-30 20:00:00-04:00,40.249152046940075,40.31940382303261,40.24014725893448,40.31669998168945,7400
2024-07-31 20:00:00-04:00,40.402779215657496,40.4254329749462,40.23062239708983,40.260520935058594,5800
2024-08-01 20:00:00-04:00,40.34840210312737,40.34840210312737,40.04032971939043,40.15812301635742,10000
2024-08-04 20:00:00-04:00,39.6326040397544,39.94973596492733,39.6326040397544,39.860939025878906,9900
2024-08-05 20:00:00-04:00,40.00408742317178,40.194366504569004,39.98415046147334,40.00046157836914,5800
2024-08-06 20:00:00-04:00,40.33029269152977,40.33029269152977,40.10286331176758,40.10286331176758,15200
2024-08-07 20:00:00-04:00,40.21248806196521,40.26957178531451,40.17624344052768,40.23966979980469,6400
2024-08-08 20:00:00-04:00,40.23152157439835,40.2759200320774,40.209773415915166,40.2668571472168,48000
2024-08-11 20:00:00-04:00,40.23967783244024,40.24873726136939,40.17625146050208,40.201622009277344,6900
2024-08-12 20:00:00-04:00,40.29947940375983,40.429954528808594,40.271388608452234,40.429954528808594,15100
2024-08-13 20:00:00-04:00,40.36652861078861,40.52237774131008,40.36652861078861,40.51966094970703,8900
2024-08-14 20:00:00-04:00,40.5658780359855,40.633835859771494,40.50426285024677,40.5386962890625,26300
2024-08-15 20:00:00-04:00,40.57493280442077,40.68366669257718,40.52509730313528,40.65013885498047,12700
2024-08-18 20:00:00-04:00,40.64742270871852,40.77427545710412,40.63835982298917,40.72081756591797,12000
2024-08-19 20:00:00-04:00,40.71900568151191,40.75615591127443,40.65648490034848,40.68819808959961,13200
2024-08-20 20:00:00-04:00,40.77427851983981,40.80146026611328,40.71991157081447,40.80146026611328,12100
2024-08-21 20:00:00-04:00,40.77426928407949,40.801451024196034,40.683661179372585,40.71265411376953,28400
2024-08-22 20:00:00-04:00,40.91019273893296,40.9400912762008,40.88300753712816,40.934654235839844,4500
2024-08-25 20:00:00-04:00,40.89296683471867,40.94551911893927,40.85309982299805,40.85309982299805,4000
2024-08-26 20:00:00-04:00,40.85582524545157,40.90112930588268,40.810521185020455,40.87847900390625,3700
2024-08-27 20:00:00-04:00,40.88300526065866,40.919249890061344,40.837701202144366,40.8558235168457,5000
2024-08-28 20:00:00-04:00,40.88844310071006,40.928310119946154,40.78333505597706,40.90022277832031,8500
2024-08-29 20:00:00-04:00,40.90928140720827,40.90928140720827,40.82864177303274,40.8558235168457,8700
2024-09-02 20:00:00-04:00,40.85490766869535,40.85763832840391,40.70919257943788,40.74653244018555,10000
2024-09-03 20:00:00-04:00,40.78204896293301,40.93687320164899,40.78204896293301,40.92047882080078,5600
2024-09-04 20:00:00-04:00,40.96419799714765,41.07348345857941,40.94598317455532,41.03341293334961,5800
2024-09-05 20:00:00-04:00,41.06437908802396,41.100808734365145,40.92776965130565,41.011558532714844,24800
2024-09-08 20:00:00-04:00,41.03706014702084,41.0871500441095,40.98241567543618,41.06438064575195,8900
2024-09-09 20:00:00-04:00,41.090790322517236,41.090790322517236,40.845805635233134,40.980594635009766,19900
2024-09-10 20:00:00-04:00,40.95600391592636,41.072574615478516,40.91866404947865,41.072574615478516,7200
2024-09-11 20:00:00-04:00,41.01883628561485,41.13722740344657,41.01883628561485,41.11537170410156,3500
2024-09-12 20:00:00-04:00,41.164562941242,41.26474274150662,41.164562941242,41.21009826660156,6000
2024-09-15 20:00:00-04:00,41.22830613717622,41.345787048339844,41.22830613717622,41.345787048339844,5100
2024-09-16 20:00:00-04:00,41.342157474815146,41.38222800947146,41.342157474815146,41.36583709716797,5500
2024-09-17 20:00:00-04:00,41.39223582322618,41.45598596243587,41.34032549188715,41.41318130493164,4200
2024-09-18 20:00:00-04:00,41.519740876825686,41.6199206711403,41.506080627441406,41.506080627441406,37300
2024-09-19 20:00:00-04:00,41.56527172357227,41.56527172357227,41.45507604616595,41.512451171875,8200
2024-09-22 20:00:00-04:00,41.48330456278515,41.53703880573377,41.47419888936637,41.484214782714844,10200
2024-09-23 20:00:00-04:00,41.53795565253676,41.53795565253676,41.43777585833833,41.472381591796875,44700
2024-09-24 20:00:00-04:00,41.437774658203125,41.5106339515545,41.41955983486528,41.437774658203125,9200
2024-09-25 20:00:00-04:00,41.53795236406692,41.53795236406692,41.46509307437347,41.495147705078125,5700
2024-09-26 20:00:00-04:00,41.528837314541796,41.565266954211864,41.48330200201504,41.54341125488281,9800
2024-09-29 20:00:00-04:00,41.56072370916966,41.583493108700246,41.47420763402313,41.58167266845703,5900
2024-09-30 20:00:00-04:00,41.55968694187422,41.5752615015705,41.51480131941546,41.51846694946289,6300
2024-10-01 20:00:00-04:00,41.48731231689453,41.51479230586906,41.432348844542,41.48731231689453,11800
2024-10-02 20:00:00-04:00,41.478149150916195,41.523034762720485,41.39570569125885,41.469905853271484,25700
2024-10-03 20:00:00-04:00,41.450677864097024,41.485485623773315,41.404876708984375,41.404876708984375,7800
2024-10-06 20:00:00-04:00,41.3957118676389,41.3957118676389,41.213422792143156,41.25830841064453,10700
2024-10-07 20:00:00-04:00,41.27662385624494,41.30501937866211,41.203339227136766,41.30501937866211,10900
2024-10-08 20:00:00-04:00,41.25830568434658,41.3315868243538,41.24914335784337,41.28578567504883,9300
2024-10-09 20:00:00-04:00,41.27662657407433,41.34074888156434,41.16669962317402,41.27845764160156,5200
2024-10-10 20:00:00-04:00,41.25006083441233,41.35907225739336,41.25006083441233,41.32792663574219,4300
2024-10-13 20:00:00-04:00,41.34074539169119,41.373722076416016,41.28578192088091,41.373722076416016,3300
2024-10-14 20:00:00-04:00,41.3865473453122,41.49647079467674,41.359067356571934,41.39570617675781,7200
2024-10-15 20:00:00-04:00,41.43236269707129,41.478163858809864,41.40762930096344,41.458011627197266,4400
2024-10-16 20:00:00-04:00,41.4598317557558,41.4598317557558,41.31326598022203,41.3819694519043,7900
2024-10-17 20:00:00-04:00,41.42319595843742,41.505639431597494,41.42319595843742,41.45250701904297,11000
2024-10-20 20:00:00-04:00,41.377387415210414,41.39570857356588,41.26746395948132,41.27387619018555,6200
2024-10-21 20:00:00-04:00,41.276626016809374,41.276626016809374,41.20334138386523,41.26654815673828,4500
2024-10-22 20:00:00-04:00,41.130065617256825,41.21250909288498,41.08426096848245,41.127315521240234,5900
2024-10-23 20:00:00-04:00,41.203338616700854,41.237230835239366,41.17494309470437,41.204254150390625,5200
2024-10-24 20:00:00-04:00,41.23081966969906,41.285783142135195,41.139217376708984,41.139217376708984,6300
2024-10-27 20:00:00-04:00,41.23081726784956,41.29494306249123,41.20333728043404,41.26287841796875,11600
2024-10-28 20:00:00-04:00,41.17585785015562,41.2830346946909,41.15753669349629,41.27478790283203,4100
2024-10-29 20:00:00-04:00,41.29494523715417,41.34532405193455,41.21250177616273,41.22257614135742,12500
2024-10-30 20:00:00-04:00,41.175863221452076,41.21250553955065,41.102578585254925,41.134639739990234,8200
2024-10-31 20:00:00-04:00,41.25349341957232,41.25717663477704,41.04435497759986,41.09041976928711,22800
2024-11-03 19:00:00-05:00,41.24703851479109,41.28296743060819,41.12726726152582,41.19083786010742,53200
2024-11-04 19:00:00-05:00,41.2009786808014,41.3115348815918,41.141091289712975,41.3115348815918,84100
2024-11-05 19:00:00-05:00,41.357590229924476,41.39444345994664,41.21018082435326,41.3870735168457,23100
2024-11-06 19:00:00-05:00,41.44973298743184,41.59621810913086,41.40366468188407,41.59621810913086,23400
2024-11-07 19:00:00-05:00,41.6616333602496,41.69756228016237,41.564896245841005,41.69572067260742,11500
2024-11-10 19:00:00-05:00,41.68005566152905,41.68926721286779,41.569495958356974,41.66623306274414,3900
2024-11-11 19:00:00-05:00,41.59714506531163,41.59714506531163,41.40366730748918,41.46815872192383,9100
2024-11-12 19:00:00-05:00,41.587923694640814,41.587923694640814,41.454333352268186,41.49210739135742,15400
2024-11-13 19:00:00-05:00,41.54185747238028,41.54185747238028,41.412874667516355,41.413795471191406,15900
2024-11-14 19:00:00-05:00,41.39445589693674,41.412882517484114,41.293111241185436,41.40366744995117,14000
2024-11-17 19:00:00-05:00,41.385224679925415,41.458931133352934,41.366801581085674,41.44142532348633,13500
2024-11-18 19:00:00-05:00,41.40365985901592,41.53264617919922,41.40365985901592,41.53264617919922,17500
2024-11-19 19:00:00-05:00,41.50500780623888,41.53264949145582,41.45894301690151,41.50316619873047,11400
2024-11-20 19:00:00-05:00,41.578714551566385,41.58792610368659,41.4865814577735,41.50040054321289,8400
2024-11-21 19:00:00-05:00,41.578718995118415,41.578718995118415,41.41288292308634,41.50501251220703,6800
2024-11-24 19:00:00-05:00,41.64320529832509,41.6616319167909,41.62477867985928,41.65702438354492,7000
2024-11-25 19:00:00-05:00,41.64319936204926,41.70769076022723,41.5602813480322,41.606346130371094,11600
2024-11-26 19:00:00-05:00,41.66162640981049,41.77218259147354,41.66162640981049,41.70769119262695,9200
2024-11-28 19:00:00-05:00,41.74454125490914,41.88273559286506,41.74454125490914,41.8385124206543,3700
2024-12-01 19:00:00-05:00,41.74959203390729,41.88854261194839,41.74959203390729,41.823699951171875,12600
2024-12-02 19:00:00-05:00,41.860742671546134,41.89779662335853,41.82369225339307,41.8385124206543,11100
2024-12-03 19:00:00-05:00,41.82369384316412,41.925586914032294,41.81442858802917,41.893165588378906,5200
2024-12-04 19:00:00-05:00,41.87001635737903,41.93485901927794,41.82370067511696,41.84222412109375,18200
2024-12-05 19:00:00-05:00,41.94411914311886,42.07380446197234,41.91633044155309,41.95338439941406,13800
2024-12-08 19:00:00-05:00,41.93022140958154,41.96264273667929,41.8700113831599,41.8885383605957,7100
2024-12-09 19:00:00-05:00,41.87927368334991,41.90243328887938,41.84221972796663,41.865379333496094,3900
2024-12-10 19:00:00-05:00,41.969127002098844,42.10159330061802,41.879273105047986,41.8885383605957,9000
2024-12-11 19:00:00-05:00,41.90706959126454,41.916331314092616,41.823699951171875,41.823699951171875,7000
2024-12-12 19:00:00-05:00,41.870013407141236,41.870013407141236,41.7125358581543,41.7125358581543,10000
2024-12-15 19:00:00-05:00,41.84221849958589,41.84221849958589,41.70327147146724,41.760704040527344,4500
2024-12-16 19:00:00-05:00,41.65695989599657,41.7959069377927,41.64769463968088,41.666221618652344,13100
2024-12-17 19:00:00-05:00,41.67270285725336,41.72642861880571,41.266971588134766,41.266971588134766,8000
2024-12-18 19:00:00-05:00,41.49948461475474,41.49948461475474,41.194724098081274,41.22066116333008,10700
2024-12-19 19:00:00-05:00,41.09189299736634,41.464277089205986,41.09189299736634,41.44204330444336,11800
2024-12-22 19:00:00-05:00,41.40685071063124,41.41333497654602,41.34385968927058,41.36979675292969,9100
2024-12-23 19:00:00-05:00,41.39758724659456,41.440199653162146,41.33274458463958,41.439273834228516,9800
2024-12-25 19:00:00-05:00,41.3883261648469,41.51986312866211,41.36979918490699,41.51986312866211,8700
2024-12-26 19:00:00-05:00,41.39758883778483,41.43464279851479,41.291988936730654,41.37535858154297,9800
2024-12-29 19:00:00-05:00,41.360529350132765,41.46242241932881,41.34200237382637,41.42166519165039,19000
2024-12-30 19:00:00-05:00,41.514881794233226,41.57080436948611,41.384391044501484,41.432857513427734,16500
2025-01-01 19:00:00-05:00,41.589449391415364,41.589449391415364,41.514884767203036,41.548439025878906,7900
2025-01-02 19:00:00-05:00,41.64443853160182,41.65189463749096,41.609017584120835,41.62672805786133,10100
2025-01-05 19:00:00-05:00,41.66401547848336,41.71993805493203,41.65469267867102,41.675201416015625,9600
2025-01-06 19:00:00-05:00,41.747906064444614,41.747906064444614,41.5521699208192,41.57080841064453,9000
2025-01-07 19:00:00-05:00,41.56614223834646,41.62672620715749,41.48691267223248,41.605289459228516,9900
2025-01-09 19:00:00-05:00,41.46828487600169,41.54284950640561,41.40583419799805,41.40583419799805,15800
2025-01-12 19:00:00-05:00,41.38439443619208,41.412355726110114,41.30050701083143,41.36668395996094,16800
2025-01-13 19:00:00-05:00,41.41234989017943,41.514879346238914,41.41234989017943,41.50276184082031,14900
2025-01-14 19:00:00-05:00,41.766550062216936,41.797306060791016,41.7199431686552,41.797306060791016,4100
2025-01-15 19:00:00-05:00,41.74789959715969,41.88305173889946,41.72925755461564,41.83644485473633,5200
2025-01-16 19:00:00-05:00,41.86907250120222,41.90635659070796,41.785188633224,41.89237594604492,15600
2025-01-20 19:00:00-05:00,41.95296553929364,42.0126215127291,41.94364629347326,41.99024963378906,7800
2025-01-21 19:00:00-05:00,41.99023851085667,42.09276796575624,41.97159646854711,41.99956130981445,22000
2025-01-22 19:00:00-05:00,41.943640236316796,42.00888561445811,41.90635614720564,41.988380432128906,9300
2025-01-23 19:00:00-05:00,41.70130060936546,42.046169543313155,41.70130060936546,41.98371887207031,14300
2025-01-26 19:00:00-05:00,41.98092266042406,42.17665878708491,41.98092266042406,42.05735397338867,6500
2025-01-27 19:00:00-05:00,42.00888138095479,42.06387594019257,41.99023933827789,42.046165466308594,16600
2025-01-28 19:00:00-05:00,42.036852216013244,42.120739649311645,41.89797376659171,41.952964782714844,17600
2025-01-29 19:00:00-05:00,42.09277187204357,42.12539456021124,42.055487783964416,42.094635009765625,9100
2025-01-30 19:00:00-05:00,42.09276685928442,42.09276685928442,41.97159536526046,41.99116897583008,8300
2025-02-02 19:00:00-05:00,41.971488135833,41.9996090280214,41.87682459589911,41.9433708190918,10500
2025-02-03 19:00:00-05:00,42.03709761730708,42.065218509512505,42.02397572609362,42.06240463256836,2600
2025-02-04 19:00:00-05:00,42.130825087256994,42.211429963362264,42.130825087256994,42.19456100463867,14400
2025-02-05 19:00:00-05:00,42.18706049162314,42.19643531370569,42.13082586091592,42.15894317626953,10400
2025-02-06 19:00:00-05:00,42.20580433063703,42.20580433063703,42.008975982666016,42.008975982666016,11600
2025-02-09 19:00:00-05:00,42.196438444806574,42.196438444806574,42.05959535091274,42.113956451416016,9000
2025-02-10 19:00:00-05:00,42.03709615378392,42.08114923716604,42.03709615378392,42.05303192138672,5600
2025-02-11 19:00:00-05:00,41.88713026322466,41.972422551281625,41.88713026322466,41.95273971557617,6900
2025-02-12 19:00:00-05:00,41.999609093502535,42.158945322547375,41.999609093502535,42.12614059448242,5600
2025-02-13 19:00:00-05:00,42.15893984744774,42.24329536229499,42.15893984744774,42.18049621582031,3300
2025-02-17 19:00:00-05:00,42.15894521874394,42.262046813964844,42.1383256147892,42.262046813964844,10800
2025-02-18 19:00:00-05:00,42.13082387945929,42.15144348144531,42.08396049759163,42.15144348144531,6500
2025-02-19 19:00:00-05:00,42.205811546603336,42.28079583033442,42.14020208606235,42.225494384765625,8200
2025-02-20 19:00:00-05:00,42.224552997503764,42.25267388854977,42.14207458496094,42.14207458496094,7700
2025-02-23 19:00:00-05:00,42.16832264734193,42.33703013351035,42.14020175344102,42.21893310546875,7500
2025-02-24 19:00:00-05:00,42.290166002344385,42.36046287269228,42.243302613928236,42.31828689575195,9100
2025-02-25 19:00:00-05:00,42.32765760865375,42.44013045452144,42.32765760865375,42.375457763671875,12000
2025-02-26 19:00:00-05:00,42.33140858397961,42.3651500804591,42.28079455153671,42.29485321044922,3300
2025-02-27 19:00:00-05:00,42.327656295470256,42.3932657514782,42.30422281456148,42.381080627441406,7400
2025-03-02 19:00:00-05:00,42.36694272804527,42.44233047411849,42.27271164013932,42.357521057128906,22400
2025-03-03 19:00:00-05:00,42.27271758208799,42.31041146042294,42.13136733567498,42.26706314086914,7800
2025-03-04 19:00:00-05:00,42.25386956783174,42.44233536002516,42.23785164702429,42.328311920166016,7700
2025-03-05 19:00:00-05:00,42.30098558313165,42.30098558313165,42.15492630004883,42.15492630004883,14100
2025-03-06 19:00:00-05:00,42.291554342895935,42.291554342895935,42.10403039879435,42.25386047363281,10900
2025-03-09 20:00:00-04:00,42.11440319356394,42.23501927797319,42.09366904637217,42.1153450012207,6800
2025-03-10 20:00:00-04:00,42.08424803043291,42.09366970183302,41.89578225025876,41.94289779663086,5800
2025-03-11 20:00:00-04:00,42.05597559849521,42.074822534267945,41.94101036868718,41.966453552246094,4800
2025-03-12 20:00:00-04:00,41.93347488786273,41.93347488786273,41.702606201171875,41.702606201171875,6800
2025-03-13 20:00:00-04:00,41.867521274798904,41.960810576880476,41.867521274798904,41.91086959838867,9900
2025-03-16 20:00:00-04:00,41.895778647663626,42.0559758051764,41.895778647663626,42.01451110839844,8600
2025-03-17 20:00:00-04:00,41.971175923908376,42.02300411063831,41.971175923908376,41.99473190307617,21700
2025-03-18 20:00:00-04:00,42.01828656269634,42.29156177082313,42.01828656269634,42.24538803100586,8500
2025-03-19 20:00:00-04:00,42.14079071282592,42.25386874807377,42.14079071282592,42.20769500732422,5800
2025-03-20 20:00:00-04:00,42.24444941059427,42.24444941059427,42.1030991627093,42.21240997314453,6100
2025-03-23 20:00:00-04:00,42.23502178598236,42.333965516104286,42.23502178598236,42.3264274597168,4700
2025-03-24 20:00:00-04:00,42.291554342895935,42.322648370087045,42.25386047363281,42.25386047363281,7800
2025-03-25 20:00:00-04:00,42.31983040351977,42.31983040351977,42.05126782840311,42.07953643798828,3800
2025-03-26 20:00:00-04:00,42.14079138489343,42.14079138489343,41.93347865472785,42.019229888916016,19900
2025-03-27 20:00:00-04:00,41.98059866522318,42.00132922150558,41.8486736755294,41.973060607910156,10400
2025-03-30 20:00:00-04:00,41.839244818698305,41.98059145709234,41.8109726152709,41.973995208740234,6600
2025-03-31 20:00:00-04:00,41.93323271012287,42.08492411651118,41.93323271012287,42.06690979003906,7800
2025-04-01 20:00:00-04:00,42.15128819309592,42.17025007066116,42.04699967479129,42.14086151123047,6600
2025-04-02 20:00:00-04:00,41.72464537682702,41.73507567289788,41.51607200487747,41.652591705322266,9800
2025-04-03 20:00:00-04:00,40.918797957894455,41.203218908130836,40.61541512876117,40.99369430541992,32400
2025-04-06 20:00:00-04:00,40.56800776920283,41.335943888553146,40.33098973402395,40.617305755615234,41700
2025-04-07 20:00:00-04:00,41.098927410088685,41.2411396832259,40.274105629074505,40.405887603759766,40400
2025-04-08 20:00:00-04:00,40.122411608038995,41.60140540907022,39.97072021433898,41.58718490600586,30400
2025-04-09 20:00:00-04:00,41.09892663925619,41.35490655613714,40.56800854493269,40.9178466796875,27600
2025-04-10 20:00:00-04:00,40.90931457762982,41.09892611368733,40.58696990308054,40.9377555847168,29000
2025-04-13 20:00:00-04:00,41.35490314176071,41.35490314176071,41.08944411651599,41.18424987792969,19200
2025-04-14 20:00:00-04:00,41.37387040980971,41.40231141861907,41.288543766773195,41.317935943603516,14800
2025-04-15 20:00:00-04:00,41.28854012022874,41.429804833603605,41.25535774067896,41.3520622253418,17300
2025-04-16 20:00:00-04:00,41.468674970091726,41.554001603189754,41.421268472119905,41.50944137573242,20800
2025-04-20 20:00:00-04:00,41.38335048181675,41.38335048181675,41.1558115762264,41.28285217285156,16600
2025-04-21 20:00:00-04:00,41.440232420429396,41.51607992769104,41.356804502371425,41.446868896484375,37200
2025-04-22 20:00:00-04:00,41.96167732965326,42.00908383672352,41.6014124688586,41.729400634765625,733100
2025-04-23 20:00:00-04:00,41.847899123183694,42.01760482788086,41.7957548718342,42.01760482788086,10700
2025-04-24 20:00:00-04:00,41.98063272542039,42.17024787458997,41.98063272542039,42.127586364746094,5200
2025-04-27 20:00:00-04:00,42.16076931459055,42.16076931459055,42.009077916525754,42.06595993041992,3300
2025-04-28 20:00:00-04:00,42.13232179242948,42.24893569946289,42.07259351198484,42.24893569946289,2800
2025-04-29 20:00:00-04:00,41.99959893184845,42.019508361816406,41.961675174783245,42.019508361816406,1500
2025-04-30 20:00:00-04:00,42.141739580705675,42.141739580705675,42.027143515148744,42.07011795043945,6000
2025-05-01 20:00:00-04:00,42.34228141264281,42.34228141264281,42.157021762140886,42.200950622558594,5200
2025-05-04 20:00:00-04:00,42.151289021340276,42.21813490735615,42.122641825284205,42.19426345825195,3900
2025-05-05 20:00:00-04:00,42.08539404375475,42.17038484683244,42.08539404375475,42.14842224121094,6900
2025-05-06 20:00:00-04:00,42.237236815605,42.237236815605,42.17039092553242,42.1856689453125,5000
2025-05-07 20:00:00-04:00,42.27161220725451,42.34705516740419,42.208587646484375,42.208587646484375,19400
2025-05-08 20:00:00-04:00,42.304077442559034,42.31171645149869,42.24678305409794,42.25823974609375,4600
2025-05-11 20:00:00-04:00,42.58101425913605,42.676507339151094,42.485521179120994,42.634490966796875,7700
2025-05-12 20:00:00-04:00,42.714704198106986,42.77200222935749,42.66695766014524,42.73284912109375,5200
2025-05-13 20:00:00-04:00,42.70516190187437,42.707070743649446,42.58101797276581,42.61444091796875,5600
2025-05-14 20:00:00-04:00,42.657404023199156,42.657404023199156,42.602972899801536,42.64976501464844,7400
2025-05-15 20:00:00-04:00,42.58100298765196,42.71469472141491,42.58100298765196,42.70991897583008,8000
2025-05-18 20:00:00-04:00,42.62876301624776,42.722347259521484,42.62876301624776,42.722347259521484,7000
2025-05-19 20:00:00-04:00,42.67650505837228,42.70706473661418,42.67650505837228,42.687965393066406,3100
2025-05-20 20:00:00-04:00,42.590561956676375,42.62876064567587,42.43777084350586,42.43777084350586,4400
2025-05-21 20:00:00-04:00,42.495068384067224,42.5237155790708,42.40148414708326,42.44350051879883,13400
2025-05-22 20:00:00-04:00,42.30408194019501,42.47597240950784,42.30408194019501,42.39862060546875,5200
2025-05-26 20:00:00-04:00,42.6478611445516,42.70515917960177,42.57146740731229,42.63831329345703,23900
2025-05-27 20:00:00-04:00,42.70516155552624,42.72043957525858,42.628764171208935,42.71089172363281,12300
2025-05-28 20:00:00-04:00,42.762455479322675,42.81879909605946,42.724260430413054,42.7567253112793,12100
2025-05-29 20:00:00-04:00,42.752904182089814,42.81592873983198,42.73380483776046,42.79683303833008,15300
2025-06-01 20:00:00-04:00,42.77473969702946,42.77954363578312,42.71710708931203,42.76993942260742,14400
2025-06-02 20:00:00-04:00,42.841974868975804,42.89961113387678,42.82276644500664,42.8813591003418,366400
2025-06-03 20:00:00-04:00,42.918828321275655,42.986068806149916,42.90922044381841,42.957252502441406,20800
2025-06-04 20:00:00-04:00,42.98606380049074,43.09172845422627,42.83237075805664,42.83237075805664,38400
2025-06-05 20:00:00-04:00,43.0148825874891,43.0148825874891,42.870797413064004,42.886165618896484,14700
2025-06-08 20:00:00-04:00,42.91882328609718,42.93611526489258,42.8803991094393,42.93611526489258,3600
2025-06-09 20:00:00-04:00,42.966856661323504,42.96877677107989,42.86119199541689,42.96589660644531,9400
2025-06-10 20:00:00-04:00,43.04370237420949,43.1109428548602,42.995670318603516,42.995670318603516,13200
2025-06-11 20:00:00-04:00,43.0821242455664,43.0821242455664,42.870798584435875,42.9476432800293,21000
2025-06-12 20:00:00-04:00,42.90921659559031,43.004316985096395,42.88040029446613,42.882320404052734,13000
2025-06-15 20:00:00-04:00,43.12054708533153,43.12054708533153,42.93803773267954,43.03313446044922,10200
2025-06-16 20:00:00-04:00,43.024494292662716,43.053310597245506,42.94764592799966,42.94956970214844,12600
2025-06-17 20:00:00-04:00,43.00527819545726,43.04370237420949,42.93803771480655,42.995670318603516,16800
2025-06-19 20:00:00-04:00,43.034091792059236,43.14936065673828,43.034091792059236,43.14936065673828,8000
2025-06-22 20:00:00-04:00,43.15897235685964,43.24446487426758,43.15897235685964,43.24446487426758,8300
2025-06-23 20:00:00-04:00,43.25502512516233,43.36068977747246,43.24542091328465,43.342437744140625,12900
2025-06-24 20:00:00-04:00,43.38950866423482,43.38950866423482,43.32226818408892,43.378944396972656,11700
2025-06-25 20:00:00-04:00,43.43754180315688,43.50478228498029,43.43754180315688,43.495174407958984,8100
2025-06-26 20:00:00-04:00,43.45676036472013,43.56242137737016,43.44715248626796,43.471168518066406,105400
2025-06-29 20:00:00-04:00,43.572018865562626,43.63925934136562,43.56241098940156,43.58162307739258,3500
2025-06-30 20:00:00-04:00,43.567126748373376,43.62511080191541,43.567126748373376,43.60578155517578,5100
2025-07-01 20:00:00-04:00,43.72176016256106,43.72176016256106,43.5767926449843,43.67826843261719,2800
2025-07-02 20:00:00-04:00,43.65410939373834,43.78941414126395,43.65217757477691,43.721763610839844,5100
2025-07-06 20:00:00-04:00,43.683102872533325,43.702432121189105,43.54490040364926,43.557464599609375,11600
2025-07-07 20:00:00-04:00,43.61544887841838,43.61544887841838,43.50817395324669,43.518802642822266,9800
2025-07-08 20:00:00-04:00,43.605785345195734,43.62511459361537,43.55746406748522,43.61545181274414,5100
2025-07-09 20:00:00-04:00,43.60578933815253,43.60578933815253,43.56810043395868,43.596126556396484,3200
2025-07-10 20:00:00-04:00,43.509142708318464,43.56713045346882,43.48981345993501,43.539100646972656,8300
2025-07-13 20:00:00-04:00,43.54779781702246,43.605781870984444,43.538131350244214,43.58162307739258,2800
2025-07-14 20:00:00-04:00,43.64444618999443,43.64444618999443,43.45115738207676,43.45985794067383,13000
2025-07-15 20:00:00-04:00,43.49948002653643,43.548770904541016,43.451158744710995,43.548770904541016,3200
2025-07-16 20:00:00-04:00,43.49947285648498,43.58645262410482,43.48014729628224,43.58162307739258,3600
2025-07-17 20:00:00-04:00,43.65217624684908,43.65410806575174,43.557465507136506,43.618350982666016,5700
2025-07-20 20:00:00-04:00,43.683099895844656,43.944039204900704,43.683099895844656,43.70436096191406,8500
2025-07-21 20:00:00-04:00,43.799076233480925,43.808742701490765,43.68310442410429,43.78941345214844,11700
2025-07-22 20:00:00-04:00,43.779746843595845,43.80970847031735,43.7507548130141,43.79424285888672,7400
2025-07-23 20:00:00-04:00,43.78070971806738,43.79907305661225,43.78070971806738,43.7981071472168,1000
2025-07-24 20:00:00-04:00,43.808740302809674,43.83773233189709,43.760415338761135,43.80197525024414,6900
2025-07-27 20:00:00-04:00,43.828068123457875,43.876393089997244,43.76041759431557,43.79424285888672,3900
2025-07-28 20:00:00-04:00,43.81840548282326,43.837734732165586,43.761383644261784,43.78941345214844,4500
2025-07-29 20:00:00-04:00,43.717894090992736,43.799074723425264,43.70532989501953,43.70532989501953,3300
2025-07-30 20:00:00-04:00,43.74107964447633,43.799067380782795,43.712087619661396,43.74784469604492,2600
2025-07-31 20:00:00-04:00,43.69438161789163,43.75854469113775,43.67493725091692,43.738128662109375,3000
2025-08-03 20:00:00-04:00,43.81687539296203,43.86548445342042,43.794516041050564,43.85382080078125,5700
2025-08-04 20:00:00-04:00,43.87521743774414,43.88493776836456,43.826608367373375,43.87521743774414,3800
2025-08-05 20:00:00-04:00,43.96270874905638,43.96270874905638,43.87326391912593,43.93354034423828,7800
2025-08-06 20:00:00-04:00,43.97242729626517,43.97242729626517,43.84604077019864,43.87131881713867,2500
2025-08-07 20:00:00-04:00,43.904380798339844,43.91410112866361,43.863548735438414,43.904380798339844,8100
2025-08-10 20:00:00-04:00,43.85868211810689,43.9140965250018,43.85868211810689,43.88687515258789,1500
2025-08-11 20:00:00-04:00,43.93354004676627,43.9918731473737,43.84604225017199,43.950069427490234,8500
2025-08-12 20:00:00-04:00,44.05604318544344,44.098818570537176,44.04048546561786,44.091041564941406,4000
2025-08-13 20:00:00-04:00,44.07937396551837,44.10853866350439,43.982155833142315,44.02687454223633,3200
2025-08-14 20:00:00-04:00,44.12798070120397,44.12798070120397,43.991873839612,44.01131820678711,4100
2025-08-17 20:00:00-04:00,43.992842928335556,44.02589797973633,43.992842928335556,44.02589797973633,10700
2025-08-18 20:00:00-04:00,44.03076623772542,44.06965497531155,43.923824063680634,43.997711181640625,2400
2025-08-19 20:00:00-04:00,43.96270913353031,44.02103852640904,43.95298509562797,43.967567443847656,6200
2025-08-20 20:00:00-04:00,43.95298137487869,43.95298137487869,43.9238166809082,43.9238166809082,2200
2025-08-21 20:00:00-04:00,43.97243139209572,44.22520446777344,43.96271106240073,44.22520446777344,7000
2025-08-24 20:00:00-04:00,44.1960351977274,44.234923933015374,44.1960351977274,44.200897216796875,8200
2025-08-25 20:00:00-04:00,44.23492470701821,44.33214283830531,44.23492470701821,44.31270217895508,5200
2025-08-26 20:00:00-04:00,44.380753802888,44.39533615112305,44.322420701313966,44.39533615112305,5700
2025-08-27 20:00:00-04:00,44.42936597321813,44.42936597321813,44.35742218044297,44.3846435546875,3700
2025-08-28 20:00:00-04:00,44.371027428382234,44.371027428382234,44.32241836728056,44.336029052734375,4000
2025-09-01 20:00:00-04:00,44.206993103027344,44.22654551511378,44.18744069094092,44.206993103027344,4600
2025-09-02 20:00:00-04:00,44.314526796856676,44.38100051879883,44.30181754331508,44.38100051879883,3300
2025-09-03 20:00:00-04:00,44.402507741464895,44.456275939941406,44.402507741464895,44.456275939941406,5500
2025-09-04 20:00:00-04:00,44.59802449145137,44.643972467555336,44.51981858228195,44.540348052978516,5500
2025-09-07 20:00:00-04:00,44.617579412937985,44.64690616437245,44.56870025080019,44.627357482910156,38300
2025-09-08 20:00:00-04:00,44.55892317157771,44.55892317157771,44.461161124069335,44.510040283203125,9400
2025-09-09 20:00:00-04:00,44.52959505925683,44.62051395473359,44.52959505925683,44.56674575805664,8100
2025-09-10 20:00:00-04:00,44.60780218764605,44.72511291503906,44.60780218764605,44.72511291503906,13900
2025-09-11 20:00:00-04:00,44.65667865361318,44.68600540138269,44.637126245353315,44.66156768798828,4400
2025-09-14 20:00:00-04:00,44.734888625177696,44.793545855291015,44.69578753434305,44.78377151489258,12300
2025-09-15 20:00:00-04:00,44.773994805394324,44.773994805394324,44.715341302740136,44.73488998413086,5800
2025-09-16 20:00:00-04:00,44.81310522191212,44.85221004805812,44.700679779052734,44.700679779052734,44700
2025-09-17 20:00:00-04:00,44.72511651140138,44.84242724822739,44.72511651140138,44.794525146484375,8100
2025-09-18 20:00:00-04:00,44.832651317788645,44.87175613842454,44.803324566932204,44.8130989074707,10800
2025-09-21 20:00:00-04:00,44.79354613865624,44.852203369140625,44.76715057140031,44.852203369140625,9500
2025-09-22 20:00:00-04:00,44.85220645453907,44.8815332071782,44.82776500784568,44.8306999206543,3700
2025-09-23 20:00:00-04:00,44.83265276510774,44.83265276510774,44.76422119140625,44.76422119140625,5600
2025-09-24 20:00:00-04:00,44.71534483964647,44.71534483964647,44.637135190933286,44.66646194458008,22200
2025-09-25 20:00:00-04:00,44.637128294987946,44.734886611535536,44.637128294987946,44.69578552246094,2400
2025-09-28 20:00:00-04:00,44.76422273915005,44.80332756240042,44.73489225709167,44.799415588378906,2300
2025-09-29 20:00:00-04:00,44.75444231697944,44.84242630004883,44.72804674913453,44.84242630004883,16700
2025-09-30 20:00:00-04:00,44.71557302763972,44.83358096381477,44.71557302763972,44.82866287231445,4800
2025-10-01 20:00:00-04:00,44.96142255035845,44.96142255035845,44.833578438384095,44.84931182861328,4700
2025-10-02 20:00:00-04:00,44.823743614622884,44.91224674349104,44.81390743270138,44.83062744140625,13200
2025-10-05 20:00:00-04:00,44.853245638133465,44.86307806886568,44.804075981663715,44.8060417175293,14000
2025-10-06 20:00:00-04:00,44.92208311646225,44.92208311646225,44.76473796768707,44.813907623291016,90200
2025-10-07 20:00:00-04:00,44.7903092876759,44.80407694183865,44.69590144444435,44.699832916259766,6900
2025-10-08 20:00:00-04:00,44.705733642540046,44.705733642540046,44.50905126206613,44.553306579589844,11800
2025-10-09 20:00:00-04:00,44.60444047618013,44.61722526189348,44.366458892822266,44.366458892822266,10300
2025-10-12 20:00:00-04:00,44.50904952868233,44.56608963012695,44.46578083219681,44.56608963012695,5500
2025-10-13 20:00:00-04:00,44.420545184702156,44.693936286992255,44.420545184702156,44.6270637512207,4900
2025-10-14 20:00:00-04:00,44.74506794159523,44.804073777298434,44.73523551134677,44.77063751220703,7900
2025-10-15 20:00:00-04:00,44.804077767730014,44.804077767730014,44.666397472160185,44.672298431396484,5500
2025-10-16 20:00:00-04:00,44.715571312608,44.8139106304147,44.64673303986241,44.74015426635742,3700
2025-10-19 20:00:00-04:00,44.74506891156408,44.85324440366287,44.74506891156408,44.84734344482422,158600
2025-10-20 20:00:00-04:00,44.84340771964726,44.92208216807602,44.818824768066406,44.818824768066406,4200
2025-10-21 20:00:00-04:00,44.853245829361164,44.87291444231378,44.745070333823925,44.78932189941406,5800
2025-10-22 20:00:00-04:00,44.76473611032754,44.85324298730405,44.74506749862119,44.804073333740234,15000
2025-10-23 20:00:00-04:00,44.88274641608277,44.93191607226149,44.88274641608277,44.924049377441406,3100
2025-10-26 20:00:00-04:00,44.981088523577526,45.06959540337935,44.8925816437757,45.03025817871094,4400
2025-10-27 20:00:00-04:00,45.020422030081626,45.1089289099488,45.000753417732895,45.010589599609375,11500
2025-10-28 20:00:00-04:00,45.02042194800026,45.07942778493888,44.86307680090152,44.86701202392578,11500
2025-10-29 20:00:00-04:00,44.79424080016866,44.922084910969325,44.79424080016866,44.86307907104492,25100
2025-10-30 20:00:00-04:00,44.86307633175445,44.93191459842752,44.81390667718856,44.818824768066406,14400
2025-11-02 19:00:00-05:00,44.74263996426273,44.811900713015085,44.663482666015625,44.663482666015625,6800
2025-11-03 19:00:00-05:00,44.574433203942085,44.693165378513164,44.538813929013536,44.65853500366211,10300
2025-11-04 19:00:00-05:00,44.64369340118269,44.703061374947445,44.64369340118269,44.69316482543945,2600
2025-11-05 19:00:00-05:00,44.72285051847154,44.72285051847154,44.65358976990693,44.71889114379883,10300
2025-11-06 19:00:00-05:00,44.7129537881877,44.75253243704391,44.66348236433127,44.7446174621582,12100
2025-11-09 19:00:00-05:00,44.79211011369091,44.940524382038845,44.79211011369091,44.91579055786133,7900
2025-11-10 19:00:00-05:00,44.89105283982764,45.00978878350324,44.89105283982764,44.97119903564453,8600
2025-11-11 19:00:00-05:00,44.940527950703114,44.940527950703114,44.82179577171089,44.86928939819336,4700
2025-11-12 19:00:00-05:00,44.811901427445335,44.811901427445335,44.623904728325115,44.6882209777832,9100
2025-11-13 19:00:00-05:00,44.57442940900176,44.73966629414154,44.57442940900176,44.701080322265625,13200
2025-11-16 19:00:00-05:00,44.693163931472235,44.693163931472235,44.55464243655295,44.57938003540039,26700
2025-11-17 19:00:00-05:00,44.6041163805058,44.65358780238247,44.58432705686962,44.63182067871094,7000
2025-11-18 19:00:00-05:00,44.70701639290661,44.72285011702762,44.653589369084706,44.65556716918945,8300
2025-11-19 19:00:00-05:00,44.821791825638876,44.821791825638876,44.64369168561636,44.6525993347168,9900
2025-11-20 19:00:00-05:00,44.67337695033693,44.78221256826658,44.67337695033693,44.77231979370117,3000
2025-11-23 19:00:00-05:00,44.79210940210032,44.89105224609375,44.77232007841612,44.89105224609375,5500
2025-11-24 19:00:00-05:00,44.910846278493146,45.04738998413086,44.89105695273412,45.04738998413086,4800
2025-11-25 19:00:00-05:00,45.033533720379744,45.16710693901825,45.033533720379744,45.12852096557617,6300
2025-11-27 19:00:00-05:00,45.15820626850069,45.15820626850069,45.13347244262695,45.13347244262695,500
2025-11-30 19:00:00-05:00,45.06285797173716,45.14241963891601,44.98528050902802,45.05092239379883,7900
2025-12-01 19:00:00-05:00,45.202092001227996,45.202092001227996,45.062856243587156,45.142417907714844,12100
2025-12-02 19:00:00-05:00,45.112583574421016,45.2219841842303,45.112583574421016,45.19612503051758,3500
2025-12-03 19:00:00-05:00,45.122524976760715,45.21203421697816,45.082746043022745,45.15534591674805,10100
2025-12-04 19:00:00-05:00,45.17225340349904,45.26176264750939,45.162309618115614,45.2120361328125,9900
2025-12-07 19:00:00-05:00,45.18220097058266,45.18220097058266,45.06285657656436,45.09865951538086,9900
2025-12-08 19:00:00-05:00,45.062857430533356,45.11258394615918,45.05290985107422,45.05290985107422,16200
2025-12-09 19:00:00-05:00,45.01312685313742,45.24187565265679,45.01312685313742,45.217010498046875,126800
2025-12-10 19:00:00-05:00,45.17225438149941,45.24187605625025,45.152366810301984,45.18717575073242,3600
2025-12-11 19:00:00-05:00,45.15236435594951,45.15236435594951,45.072798899924905,45.13247299194336,20100
2025-12-14 19:00:00-05:00,45.19214288805675,45.19214288805675,45.13247259045887,45.16230773925781,8300
2025-12-15 19:00:00-05:00,45.13446392892115,45.17822265625,45.11457256361985,45.17822265625,4300
2025-12-16 19:00:00-05:00,45.13247565570695,45.1374456515845,45.092692925346626,45.122528076171875,8700
2025-12-17 19:00:00-05:00,45.20209189661985,45.2916011397375,45.182200532161495,45.22795104980469,9400
2025-12-18 19:00:00-05:00,45.251820014080906,45.28165516488056,45.20507549564213,45.22198486328125,94500
2025-12-21 19:00:00-05:00,45.31149142028556,45.31149142028556,45.16230808736152,45.23192596435547,14000
2025-12-22 19:00:00-05:00,45.172253091306914,45.26176233469865,45.172253091306914,45.25579833984375,5200
2025-12-23 19:00:00-05:00,45.241876272025735,45.342323303222656,45.241876272025735,45.342323303222656,2900
2025-12-25 19:00:00-05:00,45.32143572731569,45.349282878433996,45.32143572731569,45.33635330200195,4400
2025-12-28 19:00:00-05:00,45.291602178701396,45.351272479555405,45.291602178701396,45.330387115478516,7600
2025-12-29 19:00:00-05:00,45.331383099085066,45.44575370041666,45.32640930958245,45.4010009765625,26400
2025-12-30 19:00:00-05:00,45.380001068115234,45.43000030517578,45.31999969482422,45.31999969482422,7400
2026-01-01 19:00:00-05:00,45.45000076293945,45.45000076293945,45.34000015258789,45.380001068115234,155900
2026-01-04 19:00:00-05:00,45.38999938964844,45.54999923706055,45.36000061035156,45.50600051879883,14100
2026-01-05 19:00:00-05:00,45.4900016784668,45.540000915527344,45.47700119018555,45.52000045776367,16600
2026-01-06 19:00:00-05:00,45.56999969482422,45.56999969482422,45.5,45.51499938964844,6500
2026-01-07 19:00:00-05:00,45.52000045776367,45.540000915527344,45.41999816894531,45.529998779296875,8300
2026-01-08 19:00:00-05:00,45.52799987792969,45.56999969482422,45.5099983215332,45.54600143432617,14700
2026-01-11 19:00:00-05:00,45.470001220703125,45.59000015258789,45.470001220703125,45.54899978637695,15500
2026-01-12 19:00:00-05:00,45.54999923706055,45.560001373291016,45.52000045776367,45.558998107910156,6900
2026-01-13 19:00:00-05:00,45.540000915527344,45.61000061035156,45.45000076293945,45.560001373291016,6400
2026-01-14 19:00:00-05:00,45.54999923706055,45.56999969482422,45.54999923706055,45.560001373291016,6700
2026-01-15 19:00:00-05:00,45.54999923706055,45.630001068115234,45.54999923706055,45.595001220703125,32700
2026-01-19 19:00:00-05:00,45.380001068115234,45.5099983215332,45.349998474121094,45.474998474121094,15600
2026-01-20 19:00:00-05:00,45.54999923706055,45.625,45.53499984741211,45.57500076293945,6200
2026-01-21 19:00:00-05:00,45.630001068115234,45.68000030517578,45.540000915527344,45.573001861572266,22300
2026-01-22 19:00:00-05:00,45.59000015258789,45.619998931884766,45.566001892089844,45.595001220703125,4300
