Price,Open,High,Low,Close,Volume
Ticker,MILN,MILN,MILN,MILN,MILN
Date,,,,,
2021-01-25 19:00:00-05:00,38.643460983618304,38.643460983618304,38.13954261631028,38.258113861083984,26100
2021-01-26 19:00:00-05:00,37.71467152859705,37.778898561444755,36.82046840225967,37.05266571044922,103600
2021-01-27 19:00:00-05:00,37.27992706043208,38.00121860612252,37.27992706043208,37.61587142944336,29100
2021-01-28 19:00:00-05:00,37.58622989771017,37.59610895140874,36.68708524343779,37.06254959106445,58300
2021-01-31 19:00:00-05:00,37.70479842436279,37.9320543576016,37.156418583802285,37.91229248046875,24400
2021-02-01 19:00:00-05:00,38.386562452013735,38.85095709602025,38.2482330948694,38.75215148925781,60600
2021-02-02 19:00:00-05:00,39.12761338402075,39.12761338402075,38.47054897832947,38.69286346435547,25500
2021-02-03 19:00:00-05:00,39.127615927437425,39.51296684102599,39.127615927437425,39.48332214355469,52600
2021-02-04 19:00:00-05:00,39.84891109081777,40.0662841796875,39.52284580372474,40.0662841796875,30800
2021-02-07 19:00:00-05:00,40.45162923973612,40.52079391479492,40.21943569871993,40.52079391479492,34300
2021-02-08 19:00:00-05:00,40.550437530153324,40.797455297121815,40.41210818372169,40.61960220336914,35600
2021-02-09 19:00:00-05:00,41.044473813234646,41.15316223575528,40.392347047302884,41.06423568725586,47000
2021-02-10 19:00:00-05:00,41.311258968672625,41.439705513154124,40.92590802765042,41.153167724609375,47700
2021-02-11 19:00:00-05:00,41.291491005625836,41.350772857666016,41.04941087915504,41.350772857666016,26300
2021-02-15 19:00:00-05:00,41.84481184605727,41.84481184605727,41.24209160850048,41.41994094848633,55200
2021-02-16 19:00:00-05:00,41.4495883360789,41.4495883360789,40.58996743205952,41.153167724609375,49200
2021-02-17 19:00:00-05:00,40.88638533467102,41.16304405115401,40.41704927584615,41.05435562133789,41500
2021-02-18 19:00:00-05:00,41.2618471061368,41.43970020407122,41.09783071236287,41.21244430541992,37500
2021-02-21 19:00:00-05:00,41.004952294356514,41.03459322240368,40.31330174278193,40.39234924316406,28600
2021-02-22 19:00:00-05:00,39.52284959017173,40.609726446224386,38.36680804887168,40.4318733215332,177400
2021-02-23 19:00:00-05:00,40.1156804652708,40.49114849477551,39.77973617975431,40.3172492980957,74600
2021-02-24 19:00:00-05:00,40.6196067528251,40.6196067528251,38.70274625417553,38.80155563354492,59300
2021-02-25 19:00:00-05:00,39.493205407317014,39.71255732509557,38.54465423066858,39.35981369018555,39700
2021-02-28 19:00:00-05:00,40.04652710153261,40.60972742016433,39.91808055110274,40.550445556640625,27500
2021-03-01 19:00:00-05:00,40.916025816120516,40.916025816120516,40.283660888671875,40.283660888671875,65400
2021-03-02 19:00:00-05:00,40.26390194814837,40.34294945443692,39.127618545002136,39.21654510498047,51500
2021-03-03 19:00:00-05:00,39.23630013369944,39.34498855128068,37.30956084990145,38.020973205566406,58700
2021-03-04 19:00:00-05:00,38.307516808380484,38.544651760451025,36.38374377333116,38.515010833740234,248000
2021-03-07 19:00:00-05:00,38.65334302267311,39.0436315861937,38.030860900878906,38.030860900878906,38700
2021-03-08 19:00:00-05:00,38.61382219044885,39.3499341387603,38.61382219044885,39.11773681640625,31400
2021-03-09 19:00:00-05:00,39.55249094812457,39.66612080036753,39.07821720022665,39.157264709472656,28000
2021-03-10 19:00:00-05:00,39.93783473165974,40.33306470584705,39.69081694009076,40.293540954589844,49600
2021-03-11 19:00:00-05:00,39.987237388191446,40.51091384887695,39.68093399974204,40.51091384887695,61600
2021-03-14 20:00:00-04:00,40.777696224796664,41.1136405617201,40.471392815804265,41.08399963378906,26400
2021-03-15 20:00:00-04:00,41.281607942690606,41.281607942690606,40.49609325421675,40.72829055786133,30100
2021-03-16 20:00:00-04:00,40.73817734643444,41.132419827185636,40.19473891062211,40.98519515991211,50500
2021-03-17 20:00:00-04:00,40.61960449708953,40.73323056556379,39.75998367487161,39.839027404785156,51000
2021-03-18 20:00:00-04:00,40.21449782762004,40.237222288799,39.493206317666115,40.00700378417969,39800
2021-03-21 20:00:00-04:00,39.89831006361163,40.38246276747625,39.89831006361163,40.12062454223633,184200
2021-03-22 20:00:00-04:00,40.23426179714433,40.244140851025456,39.45862603033008,39.552490234375,27800
2021-03-23 20:00:00-04:00,39.88843153695325,39.88843153695325,38.534775107772035,38.57429885864258,26400
2021-03-24 20:00:00-04:00,38.27788183516458,38.90036400806069,37.793725264830464,38.79167556762695,29800
2021-03-25 20:00:00-04:00,39.295589982467156,39.48332214355469,38.58417755023263,39.48332214355469,27900
2021-03-28 20:00:00-04:00,39.433923627883054,39.65623815253362,38.74227299569183,38.93988800048828,24900
2021-03-29 20:00:00-04:00,38.72250545133903,39.305467557117346,38.62369984799715,39.17702102661133,31400
2021-03-30 20:00:00-04:00,39.47344435113233,39.94771806470411,39.47344435113233,39.641414642333984,18200
2021-03-31 20:00:00-04:00,40.05640425275103,40.36270388876414,39.98723957563889,40.31330108642578,21100
2021-04-04 20:00:00-04:00,40.33306407680699,40.72829404483024,40.3133022014866,40.68877029418945,26100
2021-04-05 20:00:00-04:00,40.68877035038646,41.2707449525816,40.68877035038646,41.05435562133789,85600
2021-04-06 20:00:00-04:00,41.23221146204472,41.38536129464558,41.00001412281594,41.153167724609375,294600
2021-04-07 20:00:00-04:00,41.48911163354342,41.726246612436555,41.327066508252166,41.69660568237305,105900
2021-04-08 20:00:00-04:00,41.726239141057064,41.98313971958271,41.53060300695989,41.953495025634766,22500
2021-04-11 20:00:00-04:00,42.04243055356533,42.11159523890461,41.60768056440518,42.002906799316406,93700
2021-04-12 20:00:00-04:00,42.002906223834046,42.40801527635344,42.002906223834046,42.28944778442383,63500
2021-04-13 20:00:00-04:00,42.33884505633055,42.54634285156863,41.765765779271376,41.78058624267578,38300
2021-04-14 20:00:00-04:00,42.13135472251491,42.41789627075195,42.13135472251491,42.41789627075195,44600
2021-04-15 20:00:00-04:00,42.61551207859176,42.61551207859176,42.15111740662794,42.27956771850586,155500
2021-04-18 20:00:00-04:00,42.34873468602812,42.34873468602812,41.52863373335191,41.724273681640625,33700
2021-04-19 20:00:00-04:00,41.78553142195322,41.78553142195322,40.75793648239691,40.99507522583008,40300
2021-04-20 20:00:00-04:00,40.89626709726124,41.20257053165554,40.53068180208858,41.153167724609375,36800
2021-04-21 20:00:00-04:00,41.29149566921598,41.47922783719964,40.817221953368495,40.97926330566406,44500
2021-04-22 20:00:00-04:00,41.242094511635784,41.73613012319773,41.242094511635784,41.666961669921875,41500
2021-04-25 20:00:00-04:00,41.78552548436452,41.96337857436893,41.627434267604144,41.92385482788086,27600
2021-04-26 20:00:00-04:00,41.99301949963903,42.1807516416695,41.894213902610765,41.92385482788086,24200
2021-04-27 20:00:00-04:00,41.78552515326636,42.04242196501942,41.666953914741676,41.88433074951172,40100
2021-04-28 20:00:00-04:00,42.24004442171441,42.24004442171441,41.41994350443127,41.73612976074219,46500
2021-04-29 20:00:00-04:00,41.657077050255985,41.657077050255985,41.18280337882821,41.21244430541992,50000
2021-05-02 20:00:00-04:00,41.46934496906537,41.54838869650587,41.064235971803534,41.103755950927734,38000
2021-05-03 20:00:00-04:00,40.58996638555468,40.897253571287784,39.87855392101566,40.30342483520508,41400
2021-05-04 20:00:00-04:00,40.78757893171909,40.78757893171909,39.8884342684012,39.98724365234375,30800
2021-05-05 20:00:00-04:00,39.99711615431151,39.99711615431151,39.47343969737228,39.888427734375,49500
2021-05-06 20:00:00-04:00,40.26389781358641,40.779670300820825,40.26389781358641,40.491153717041016,16100
2021-05-09 20:00:00-04:00,40.33306208203857,40.33306208203857,39.61177062988281,39.61177062988281,26300
2021-05-10 20:00:00-04:00,38.88059772799639,39.690815758691045,38.83119492499154,39.6690788269043,219100
2021-05-11 20:00:00-04:00,39.11773602711443,39.32523005895773,38.25811520291206,38.307518005371094,103300
2021-05-12 20:00:00-04:00,38.603937052003126,38.939881372215474,38.20475699639374,38.475486755371094,15900
2021-05-13 20:00:00-04:00,38.87071876446536,39.44379806518555,38.836136425363215,39.44379806518555,13400
2021-05-16 20:00:00-04:00,39.216541619021335,39.3647537955415,38.85095635791508,39.256065368652344,19400
2021-05-17 20:00:00-04:00,39.38451701490006,39.740223235338085,39.29559045979055,39.30546951293945,23000
2021-05-18 20:00:00-04:00,38.54465241972143,39.06833267211914,38.41620588898297,39.06833267211914,81500
2021-05-19 20:00:00-04:00,39.19678586049625,39.92796026599388,39.19678586049625,39.78963088989258,14100
2021-05-20 20:00:00-04:00,40.007001315350365,40.007001315350365,39.582130432128906,39.582130432128906,15900
2021-05-23 20:00:00-04:00,39.93783610306545,40.38246889699611,39.93783610306545,40.34294891357422,12600
2021-05-24 20:00:00-04:00,40.510914382299205,40.609719982871894,40.22437286376953,40.22437286376953,27200
2021-05-25 20:00:00-04:00,40.51091371714011,40.77769335733651,40.51091371714011,40.72829055786133,15300
2021-05-26 20:00:00-04:00,40.65913474358111,40.97531725214263,40.524755481305704,40.886390686035156,19900
2021-05-27 20:00:00-04:00,40.93578767724561,41.03459328367855,40.7579345703125,40.7579345703125,21700
2021-05-31 20:00:00-04:00,40.995069799154216,40.995069799154216,40.644301257151966,40.797454833984375,17900
2021-06-01 20:00:00-04:00,40.94566698447705,40.995073557192605,40.69568661251787,40.90614700317383,25300
2021-06-02 20:00:00-04:00,40.57020450940721,40.57020450940721,40.11568889640035,40.30342483520508,16700
2021-06-03 20:00:00-04:00,40.51091718549822,40.68877029418945,40.41211157808857,40.68877029418945,13700
2021-06-06 20:00:00-04:00,40.69864507212481,40.87649816213373,40.55932820032153,40.86661911010742,13400
2021-06-07 20:00:00-04:00,40.87650218583239,41.12846138301207,40.673949561223374,41.01483154296875,13500
2021-06-08 20:00:00-04:00,41.13340443645229,41.14328348984549,40.80042266845703,40.80042266845703,8700
2021-06-09 20:00:00-04:00,40.945668931255135,41.03459548950195,40.708533955391935,41.03459548950195,23200
2021-06-10 20:00:00-04:00,41.15315613120005,41.380411994945334,41.15315613120005,41.37052917480469,37100
2021-06-13 20:00:00-04:00,41.47922722953808,41.578036607970716,41.4021585527953,41.49898910522461,16200
2021-06-14 20:00:00-04:00,41.498992576887154,41.50887163096067,41.01681483121421,41.0938835144043,39200
2021-06-15 20:00:00-04:00,41.182806002261884,41.182806002261884,40.45163168982163,40.9456672668457,31600
2021-06-16 20:00:00-04:00,40.777692986976184,41.395237397787206,40.777692986976184,41.271728515625,19100
2021-06-17 20:00:00-04:00,40.94567039405781,41.29149758590249,40.89626758642074,40.97531509399414,15100
2021-06-20 20:00:00-04:00,41.06424067730775,41.4199431453377,40.79746099939089,41.33102035522461,26900
2021-06-21 20:00:00-04:00,41.39029666934425,41.8448084585866,41.28160824817933,41.825050354003906,25900
2021-06-22 20:00:00-04:00,41.73612362906602,42.14123261674424,41.73612362906602,42.042423248291016,13700
2021-06-23 20:00:00-04:00,41.99302363380328,42.60562668791081,41.99302363380328,42.43765640258789,56600
2021-06-24 20:00:00-04:00,42.674789688075826,42.931690286244034,42.626374414982855,42.823001861572266,12600
2021-06-27 20:00:00-04:00,42.793361334643414,42.857584600189846,42.58586353596998,42.75383758544922,15500
2021-06-28 20:00:00-04:00,42.84276434872057,42.97121464964177,42.74395497524573,42.90204620361328,39200
2021-06-29 20:00:00-04:00,42.793362929111865,42.89216853658664,42.75383917844503,42.772613525390625,11000
2021-06-30 20:00:00-04:00,42.862525939941406,42.990972470820914,42.69751824498152,42.862525939941406,12700
2021-07-01 20:00:00-04:00,42.90204985633479,43.16685447676245,42.87240892636478,43.11942672729492,23200
2021-07-05 20:00:00-04:00,43.237988246434085,43.237988246434085,42.882285828328754,43.20834732055664,15900
2021-07-06 20:00:00-04:00,43.38620722547124,43.41091051370865,42.82300693023015,42.98109817504883,28100
2021-07-07 20:00:00-04:00,42.2104000920584,42.73407658745096,42.00290228912859,42.50682067871094,21300
2021-07-08 20:00:00-04:00,42.70443201554158,43.2478703395646,42.70443201554158,43.23798751831055,23700
2021-07-11 20:00:00-04:00,43.39607765616671,43.39607765616671,43.11447756450194,43.336795806884766,125400
2021-07-12 20:00:00-04:00,43.36643820796957,43.494888501106715,43.11942044303998,43.1688232421875,40800
2021-07-13 20:00:00-04:00,43.39608418852357,43.445490762618086,42.91193142361352,42.961334228515625,14700
2021-07-14 20:00:00-04:00,42.85264264394731,42.93169014132983,42.328966165960594,42.566104888916016,27000
2021-07-15 20:00:00-04:00,42.763722349739226,42.77360517295383,42.151119232177734,42.151119232177734,11400
2021-07-18 20:00:00-04:00,41.62744132407165,41.94362381119001,41.29149696035932,41.73612976074219,25400
2021-07-19 20:00:00-04:00,41.95350579582174,42.89118674053302,41.79541454121808,42.71432113647461,33000
2021-07-20 20:00:00-04:00,42.96133805846336,43.336806193738234,42.813129630544445,43.32692337036133,28900
2021-07-21 20:00:00-04:00,43.297279278346,43.44055005331187,43.218235543063855,43.405967712402344,29200
2021-07-22 20:00:00-04:00,43.8110691395984,44.453316809718515,43.8110691395984,44.35450744628906,26500
2021-07-25 20:00:00-04:00,44.492842765670225,44.492842765670225,43.93952533286749,44.265586853027344,79200
2021-07-26 20:00:00-04:00,44.2655894586987,44.2655894586987,43.124368417173336,43.63322448730469,115200
2021-07-27 20:00:00-04:00,43.751787280447594,43.95928507688058,43.54429325320674,43.8802375793457,30000
2021-07-28 20:00:00-04:00,44.038328073864506,44.10749274846282,43.80119312358232,43.90987777709961,78100
2021-07-29 20:00:00-04:00,43.43560562701962,43.830835583573894,43.257752523489415,43.267635345458984,37700
2021-08-01 20:00:00-04:00,43.573937677929905,43.68954257929877,43.33680270467437,43.3664436340332,28100
2021-08-02 20:00:00-04:00,43.47513239422139,43.47513239422139,42.951455869250765,43.405967712402344,46600
2021-08-03 20:00:00-04:00,43.425725842306846,43.425725842306846,43.08978151565567,43.29727554321289,18700
2021-08-04 20:00:00-04:00,43.28739714446237,43.94841545760459,43.18858777090059,43.8505973815918,18600
2021-08-05 20:00:00-04:00,43.88023999998178,43.98695337370224,43.45536910027431,43.46525192260742,22600
2021-08-08 20:00:00-04:00,43.5838173286048,43.60456673148439,43.1885873763527,43.44548797607422,12200
2021-08-09 20:00:00-04:00,43.475129304329585,43.672744282278614,43.3170380758088,43.37632369995117,23200
2021-08-10 20:00:00-04:00,43.41584737165924,43.57690496813692,43.22317378830454,43.48501205444336,21900
2021-08-11 20:00:00-04:00,43.5047721862793,43.55417875988032,43.25775439504366,43.5047721862793,10300
2021-08-12 20:00:00-04:00,43.633226643416776,43.633226643416776,43.48501444690074,43.5443000793457,14800
2021-08-15 20:00:00-04:00,43.47513487710337,43.48501393113066,42.966278787862656,43.3565673828125,18600
2021-08-16 20:00:00-04:00,42.99097772193639,43.007777013504445,42.50682492814768,42.803245544433594,27800
2021-08-17 20:00:00-04:00,42.80324696713329,43.15401181446953,42.64515571524664,42.743961334228516,17000
2021-08-18 20:00:00-04:00,42.69455337524414,42.84276555503348,42.31908905304447,42.69455337524414,88900
2021-08-19 20:00:00-04:00,42.49693501102039,43.1589445871021,42.487055958776786,43.09965896606445,55400
2021-08-22 20:00:00-04:00,43.36644380197384,43.704363213227445,43.317040996453656,43.62334442138672,27200
2021-08-23 20:00:00-04:00,43.741906887652526,43.92963903475777,43.69250408780293,43.830833435058594,45400
2021-08-24 20:00:00-04:00,43.72214628387054,44.04524520268617,43.72214628387054,43.98892593383789,20600
2021-08-25 20:00:00-04:00,43.88024020713976,43.99287875176103,43.5986400763942,43.613460540771484,17300
2021-08-26 20:00:00-04:00,43.67274719135323,44.15689996192632,43.67274719135323,44.097618103027344,22700
2021-08-29 20:00:00-04:00,44.14701929526225,44.46320176181085,43.97904523973762,44.37427520751953,46900
2021-08-30 20:00:00-04:00,44.51260314724715,44.51260314724715,44.18654163802935,44.43355941772461,23000
2021-08-31 20:00:00-04:00,44.502723364187275,44.71614633034559,44.433558688543016,44.463199615478516,21400
2021-09-01 20:00:00-04:00,44.720100608301905,44.76259071517642,44.42368000376603,44.50272750854492,20900
2021-09-02 20:00:00-04:00,44.35451318279514,44.61141379174566,44.255707575778665,44.591651916503906,16100
2021-09-06 20:00:00-04:00,44.789266899729164,44.789266899729164,44.4829634872704,44.591651916503906,212400
2021-09-07 20:00:00-04:00,44.61141401772137,44.61141401772137,44.112437030618345,44.265586853027344,21200
2021-09-08 20:00:00-04:00,44.324872479052914,44.557069802829346,44.22606310234362,44.265586853027344,19600
2021-09-09 20:00:00-04:00,44.49284398653143,44.62129429518196,44.04821497131236,44.0580940246582,30700
2021-09-12 20:00:00-04:00,44.33475121931607,44.33475121931607,43.47908426128563,43.75178909301758,31500
2021-09-13 20:00:00-04:00,43.988928967916145,44.0324028329744,43.56405806301792,43.652984619140625,43500
2021-09-14 20:00:00-04:00,43.712269970427755,44.00078656950424,43.415845605761135,43.97904586791992,16200
2021-09-15 20:00:00-04:00,43.97904091057325,44.28534429391226,43.81107064077543,44.18653869628906,15000
2021-09-16 20:00:00-04:00,44.15689770611165,44.32487175919329,43.81996584076842,43.820953369140625,19300
2021-09-19 20:00:00-04:00,43.10954284667969,43.37434366826479,42.48705700266225,43.10954284667969,53500
2021-09-20 20:00:00-04:00,43.425728652649134,43.63322269363454,43.114483821978624,43.28739929199219,25900
2021-09-21 20:00:00-04:00,43.35655566760263,43.94643416341049,43.34667284705306,43.79130554199219,39600
2021-09-22 20:00:00-04:00,43.95928580406634,44.48296229172523,43.95928580406634,44.32487106323242,12000
2021-09-23 20:00:00-04:00,44.04821156161294,44.591649914185915,43.979043116776545,44.463199615478516,13800
2021-09-26 20:00:00-04:00,44.33474709272386,44.45331833290202,44.08772932947392,44.18653869628906,115400
2021-09-27 20:00:00-04:00,43.97904413753487,43.97904413753487,42.988010426949984,43.05025863647461,22500
2021-09-28 20:00:00-04:00,43.25775917183931,43.41387536789928,42.69752520188895,42.783485412597656,19600
2021-09-29 20:00:00-04:00,42.78347803868253,42.98109301327163,42.36947751265843,42.45741653442383,17200
2021-09-30 20:00:00-04:00,42.70443738150921,43.15598286289075,42.34873115550616,42.961334228515625,30300
2021-10-03 20:00:00-04:00,42.82300137629292,42.82300137629292,41.89421590459124,42.05230712890625,39300
2021-10-04 20:00:00-04:00,42.32896371090169,42.87240203171489,42.26967809130334,42.61550521850586,19700
2021-10-05 20:00:00-04:00,42.190636272823525,42.88920325674078,42.11653018727729,42.79829788208008,18000
2021-10-06 20:00:00-04:00,43.30715756792131,43.76166936349787,43.30715756792131,43.435604095458984,31800
2021-10-07 20:00:00-04:00,43.4356028806145,43.593694099401766,43.12930326438466,43.1688232421875,18600
2021-10-10 20:00:00-04:00,43.10954324124837,43.27751351939802,42.566104888916016,42.566104888916016,18000
2021-10-11 20:00:00-04:00,42.75384306032433,43.08978743311023,42.67479555181345,42.842769622802734,174500
2021-10-12 20:00:00-04:00,43.020614102152535,43.30715560913086,42.98109035583996,43.30715560913086,29100
2021-10-13 20:00:00-04:00,43.74190761498418,43.93952258686046,43.61345731788578,43.80119323730469,16500
2021-10-14 20:00:00-04:00,44.21618485684763,44.21618485684763,43.982012472017715,44.12725830078125,21300
2021-10-17 20:00:00-04:00,43.89011796328779,44.44343915523978,43.868381031563985,44.40391540527344,32600
2021-10-18 20:00:00-04:00,44.46320229551742,44.690458210502534,44.40391666888081,44.562007904052734,52300
2021-10-19 20:00:00-04:00,44.72997824583101,44.72997824583101,44.339689716911145,44.45331954956055,13600
2021-10-20 20:00:00-04:00,44.39403117592386,44.937469482421875,44.39403117592386,44.937469482421875,16600
2021-10-21 20:00:00-04:00,44.57188993678989,44.57188993678989,43.94940406030669,44.2260627746582,26000
2021-10-24 20:00:00-04:00,44.206305451810174,44.562007904052734,43.99880764317823,44.562007904052734,17900
2021-10-25 20:00:00-04:00,44.72998568268693,44.739864736685355,44.16184396336417,44.30511474609375,47100
2021-10-26 20:00:00-04:00,44.324866200490135,44.324866200490135,43.73202133178711,43.73202133178711,15400
2021-10-27 20:00:00-04:00,43.979044307847424,44.30510958973722,43.929641505219585,44.255706787109375,19900
2021-10-28 20:00:00-04:00,43.95928688250055,44.295231222438375,43.95928688250055,44.2260627746582,20500
2021-10-31 20:00:00-04:00,44.22605676649627,44.56891752771484,44.22605676649627,44.42367172241211,74000
2021-11-01 20:00:00-04:00,44.324873663453374,45.36630152972402,43.47513184700923,44.53236770629883,26700
2021-11-02 20:00:00-04:00,44.39403879138609,44.8485506333931,44.28535035760344,44.82878875732422,34500
2021-11-03 20:00:00-04:00,44.947360340543646,45.204257192922114,44.80902720705564,44.86831283569336,20700
2021-11-04 20:00:00-04:00,45.125203302967755,45.43150668713273,44.95229162206493,45.026397705078125,21700
2021-11-07 19:00:00-05:00,45.31294460482924,45.31294460482924,44.7892680891886,44.85843276977539,17500
2021-11-08 19:00:00-05:00,44.80902985582791,44.905864185751376,44.46518148162689,44.60153579711914,14600
2021-11-09 19:00:00-05:00,44.34463253717298,44.601529367704984,43.73202573425668,43.919761657714844,29300
2021-11-10 19:00:00-05:00,44.19642105149497,44.19642105149497,43.89011764526367,43.89011764526367,15000
2021-11-11 19:00:00-05:00,44.20630617742632,44.58572439422835,44.03833211712827,44.53236770629883,26600
2021-11-14 19:00:00-05:00,44.71022106853363,44.957238864492375,44.61141545782711,44.680580139160156,15100
2021-11-15 19:00:00-05:00,44.828787089082695,45.05505547324136,44.823849447143566,44.918701171875,14000
2021-11-16 19:00:00-05:00,44.92759526351927,44.92759526351927,44.379215487564615,44.473079681396484,36300
2021-11-17 19:00:00-05:00,44.562006965225464,44.570902259008584,44.166780770218416,44.44343948364258,31800
2021-11-18 19:00:00-05:00,44.51259826411465,44.789260710073535,44.364389874071605,44.42367172241211,30600
2021-11-21 19:00:00-05:00,44.502719284181865,44.54224302926709,43.583812941505194,43.73202133178711,18000
2021-11-22 19:00:00-05:00,43.54429578466281,43.86936977957171,42.99097457732762,43.72214889526367,17100
2021-11-23 19:00:00-05:00,43.32691844927701,43.96027468021542,43.13918628755862,43.900001525878906,43100
2021-11-25 19:00:00-05:00,43.247874274706504,43.361500345123474,42.93169181126201,43.12930679321289,43000
2021-11-28 19:00:00-05:00,43.67274644502007,43.67274644502007,42.990974925793154,43.28739929199219,31500
2021-11-29 19:00:00-05:00,43.030498890955315,43.1144840361725,42.12147521972656,42.12147521972656,29100
2021-11-30 19:00:00-05:00,42.79336503392599,42.882291592704114,41.153166992501404,41.18280792236328,39800
2021-12-01 19:00:00-05:00,41.21244258712535,42.02562690056665,41.2025635350707,41.82307052612305,26600
2021-12-02 19:00:00-05:00,42.04242477353207,42.04242477353207,40.8004194244164,41.40018081665039,23400
2021-12-05 19:00:00-05:00,41.400180820046636,42.04143724863936,41.12351834750998,41.874454498291016,15100
2021-12-06 19:00:00-05:00,42.56611270545464,43.04829046661688,42.56611270545464,42.71432113647461,15100
2021-12-07 19:00:00-05:00,42.911926425105186,43.27751166182724,42.783476131968044,43.1688232421875,14200
2021-12-08 19:00:00-05:00,43.168823953103484,43.168823953103484,42.60562374132442,42.66490936279297,12000
2021-12-09 19:00:00-05:00,42.7439538882794,42.901057584295934,42.19952801182913,42.526580810546875,50700
2021-12-12 19:00:00-05:00,42.32896494308703,42.487056164092714,41.63237302699845,41.825050354003906,21200
2021-12-13 19:00:00-05:00,41.281612114627215,41.58791553303571,40.985191518627715,41.24209213256836,32900
2021-12-14 19:00:00-05:00,40.79745456204317,41.755880917561655,40.51190058120291,41.706478118896484,51800
2021-12-15 19:00:00-05:00,41.558269596898555,41.61162250854769,40.717419417085914,40.86661911010742,23100
2021-12-16 19:00:00-05:00,40.90614325328738,41.10869585992231,40.137424091822176,40.797454833984375,52800
2021-12-19 19:00:00-05:00,40.13544704308215,40.283659215819775,39.9378320691627,40.194732666015625,20300
2021-12-20 19:00:00-05:00,40.64924972390648,41.47922970633827,40.64924972390648,41.449588775634766,12100
2021-12-21 19:00:00-05:00,41.41994172857197,41.75588607788086,41.41994172857197,41.75588607788086,62300
2021-12-22 19:00:00-05:00,41.941644330914784,42.10171061449421,41.6471988083457,42.02266311645508,12800
2021-12-26 19:00:00-05:00,41.913978659252734,42.368494277622496,41.913978659252734,42.27956771850586,18700
2021-12-27 19:00:00-05:00,42.299327927061405,42.526583842689526,42.106654351437726,42.19063949584961,16800
2021-12-28 19:00:00-05:00,42.141238433982025,42.260793451743176,41.997967656841546,42.17087936401367,9900
2021-12-29 19:00:00-05:00,42.1461375291467,42.64587559894939,42.1461375291467,42.33415603637695,26500
2021-12-30 19:00:00-05:00,42.36384828301437,42.423220564913024,42.12634783059487,42.13624572753906,35500
2022-01-02 19:00:00-05:00,42.03728060324881,42.403423472602604,42.027386482430025,42.37373733520508,38600
2022-01-03 19:00:00-05:00,42.37373591826681,42.40738196783146,41.582074156295434,41.898738861083984,131000
2022-01-04 19:00:00-05:00,41.65134980508432,41.853222354093894,40.581614419905016,40.582603454589844,12200
2022-01-05 19:00:00-05:00,40.335198748729454,40.95863396317389,40.04822398964667,40.592491149902344,104800
2022-01-06 19:00:00-05:00,40.394579611536365,40.84681754897777,40.11452806007589,40.137290954589844,19800
2022-01-09 19:00:00-05:00,39.583132605558774,39.79094314575195,38.71230263125281,39.79094314575195,134300
2022-01-10 19:00:00-05:00,39.711774603273,40.46187431226506,39.58906636170637,40.37479019165039,12700
2022-01-11 19:00:00-05:00,40.572711223955665,40.64198140453781,40.0611009223787,40.22636032104492,22300
2022-01-12 19:00:00-05:00,40.33520455189961,40.36489446396229,39.424794447388436,39.434688568115234,21900
2022-01-13 19:00:00-05:00,39.06854811812333,39.16750820621662,38.51438294962506,38.959693908691406,18600
2022-01-17 19:00:00-05:00,38.60345326559203,38.92902692776554,38.32538347565365,38.375850677490234,51700
2022-01-18 19:00:00-05:00,38.346154900148655,38.712297773824595,38.01959228515625,38.01959228515625,22200
2022-01-19 19:00:00-05:00,38.28678131678496,38.93594667526088,37.45355736248212,37.54459762573242,31900
2022-01-20 19:00:00-05:00,37.33678289254744,37.33678289254744,36.30069370075845,36.36699676513672,60900
2022-01-23 19:00:00-05:00,35.585229451374055,36.80241012573242,34.547162180989034,36.80241012573242,59500
2022-01-24 19:00:00-05:00,36.06023379895467,36.43627462981365,35.52586435766666,35.872215270996094,24300
2022-01-25 19:00:00-05:00,36.535226772063545,36.891475542095684,35.3774220444005,35.6841926574707,26000
2022-01-26 19:00:00-05:00,35.87220526682525,36.17303784761515,35.327938079833984,35.327938079833984,15600
2022-01-27 19:00:00-05:00,35.45659575318816,36.367006065857886,35.12013894743153,36.287837982177734,14000
2022-01-30 19:00:00-05:00,36.34721064080327,37.683143615722656,36.34721064080327,37.683143615722656,28400
2022-01-31 19:00:00-05:00,37.80188691856585,38.22443495576231,37.47433527531274,38.16802978515625,41900
2022-02-01 19:00:00-05:00,38.33626185987356,38.33626185987356,37.505016005027805,37.81178283691406,44300
2022-02-02 19:00:00-05:00,36.67377350809808,36.92116808546666,36.15919233417842,36.16908645629883,27400
2022-02-03 19:00:00-05:00,36.47585658983129,37.27939443787512,36.26012622616669,37.00033187866211,10400
2022-02-06 19:00:00-05:00,37.05970393622219,37.33777365578236,36.67376904646962,36.78261947631836,14900
2022-02-07 19:00:00-05:00,36.733140889931875,37.16855770397188,36.44814415659872,37.119075775146484,19700
2022-02-08 19:00:00-05:00,37.58418349253099,38.17793273925781,37.56439147347927,38.17793273925781,14700
2022-02-09 19:00:00-05:00,37.77219832985823,38.3362613805051,37.326891156889495,37.40605545043945,25500
2022-02-10 19:00:00-05:00,37.505017372364115,37.673243863732736,36.26804455368379,36.55501937866211,57300
2022-02-13 19:00:00-05:00,36.31752333184223,36.816268606487746,36.11960692248415,36.43627166748047,13900
2022-02-14 19:00:00-05:00,36.94095991608175,37.1883544921875,36.64408340480154,37.1883544921875,14800
2022-02-15 19:00:00-05:00,36.841999502320256,37.02309100168538,36.5550208905314,37.00033187866211,49600
2022-02-16 19:00:00-05:00,36.743041835898495,36.881582188251734,36.02065015938412,36.03054428100586,28700
2022-02-17 19:00:00-05:00,36.089922524951724,36.109714544337365,35.47044704045385,35.614925384521484,22000
2022-02-21 19:00:00-05:00,35.23887764800351,35.65449864868238,34.48679615876418,34.72429656982422,24800
2022-02-22 19:00:00-05:00,35.04095960089508,35.04095960089508,34.03158950805664,34.03158950805664,17300
2022-02-23 19:00:00-05:00,33.05190773313809,34.97168775358863,32.65607501090841,34.882625579833984,53000
2022-02-24 19:00:00-05:00,35.347743123637606,35.83263444580301,34.852953903093706,35.74357223510742,23300
2022-02-27 19:00:00-05:00,35.55554338207007,35.98106229036739,35.33783498016695,35.783145904541016,32000
2022-02-28 19:00:00-05:00,35.486275913839066,35.7435645925347,34.852946450950064,35.001380920410156,18500
2022-03-01 19:00:00-05:00,35.09044732678102,35.703988620720956,35.04096916435149,35.65450668334961,33300
2022-03-02 19:00:00-05:00,35.94147753426684,35.94147753426684,34.728256795234046,34.912315368652344,14000
2022-03-03 19:00:00-05:00,34.54617674906004,34.744093155151496,33.84357709362975,34.08107376098633,23000
2022-03-06 19:00:00-05:00,34.30867697044405,34.34826100741637,32.7253532409668,32.7253532409668,27300
2022-03-07 19:00:00-05:00,32.65607729190257,33.71987450412697,32.4967559124312,32.863887786865234,29100
2022-03-08 19:00:00-05:00,33.78420165855167,34.174096494955855,33.77430753678941,33.96232604980469,13500
2022-03-09 19:00:00-05:00,33.55659655605018,33.89305329449685,33.269617972534235,33.72482681274414,10200
2022-03-10 19:00:00-05:00,33.893055599839414,33.893055599839414,33.03212356567383,33.03212356567383,9400
2022-03-13 20:00:00-04:00,32.982645544778215,33.2102480938418,32.340407194102575,32.50764465332031,13700
2022-03-14 20:00:00-04:00,32.70556136474147,33.49326709417411,32.62639706539404,33.43785095214844,11200
2022-03-15 20:00:00-04:00,33.88315667324596,34.80346085688359,33.79112361242352,34.72429656982422,27900
2022-03-16 20:00:00-04:00,34.64513021224182,35.43679577142847,34.615444075001726,35.38731384277344,7000
2022-03-17 20:00:00-04:00,35.26856377445554,36.070123414762605,35.26856377445554,35.9909553527832,9000
2022-03-20 20:00:00-04:00,36.00085722235497,36.00085722235497,35.18049451052181,35.46648406982422,16100
2022-03-21 20:00:00-04:00,35.605025327382926,36.24825270609894,35.605025327382926,36.03054428100586,10900
2022-03-22 20:00:00-04:00,35.81283356101038,36.030541972152605,35.48627471923828,35.48627471923828,6900
2022-03-23 20:00:00-04:00,35.64461071860663,36.0107536315918,35.32794596549379,36.0107536315918,17000
2022-03-24 20:00:00-04:00,36.159186660117015,36.159186660117015,35.614919430300304,35.783145904541016,7300
2022-03-27 20:00:00-04:00,35.624808180533755,36.16313734688181,35.555538022177956,36.109703063964844,8900
2022-03-28 20:00:00-04:00,36.60450260677827,37.31996728762948,36.60450260677827,37.292259216308594,11900
2022-03-29 20:00:00-04:00,37.128979626079534,37.128979626079534,36.48377412810342,36.566898345947266,19800
2022-03-30 20:00:00-04:00,36.46595333108291,36.46595333108291,35.990956271899215,36.06022644042969,14700
2022-03-31 20:00:00-04:00,36.157210489801,36.38679489236452,35.96127591729522,36.16908645629883,9800
2022-04-03 20:00:00-04:00,36.31752303264621,37.01616278025471,36.31752303264621,36.99043655395508,128600
2022-04-04 20:00:00-04:00,37.0695955667152,37.0695955667152,36.25022575698638,36.26803970336914,15900
2022-04-05 20:00:00-04:00,35.694083696342865,35.81283201778466,35.19929461957078,35.53575134277344,15500
2022-04-06 20:00:00-04:00,35.53575303820834,35.68616934751692,34.88263157670597,35.45658874511719,10600
2022-04-07 20:00:00-04:00,35.26856650170146,35.57533710318212,35.09044212341478,35.1943473815918,12300
2022-04-10 20:00:00-04:00,34.97169694239301,35.11023729909266,34.714408247799604,34.83315658569336,11100
2022-04-11 20:00:00-04:00,35.00137896210417,35.37741972525827,34.407633567600776,34.534297943115234,7900
2022-04-12 20:00:00-04:00,34.595655796166724,35.257686172686164,34.595655796166724,35.139923095703125,11700
2022-04-13 20:00:00-04:00,35.32794493520547,35.32794493520547,34.734195709228516,34.734195709228516,15600
2022-04-17 20:00:00-04:00,34.73419713421231,34.73419713421231,34.1206596396462,34.46701431274414,27500
2022-04-18 20:00:00-04:00,34.35815689848204,35.4348154617003,34.35815689848204,35.33783721923828,25300
2022-04-19 20:00:00-04:00,35.26856876120432,35.26856876120432,34.26909637451172,34.26909637451172,16700
2022-04-20 20:00:00-04:00,34.496695937483985,34.852944686054535,33.33294952216135,33.348785400390625,8500
2022-04-21 20:00:00-04:00,33.14097512905245,33.29930748790528,32.54722595214844,32.54722595214844,13500
2022-04-24 20:00:00-04:00,32.31963124831972,33.00442084802181,32.260255183769246,32.98265075683594,21400
2022-04-25 20:00:00-04:00,32.69566215574116,32.69566215574116,31.785248317778674,31.860456466674805,18000
2022-04-26 20:00:00-04:00,31.646711805427472,32.161292945549235,31.419109262190403,31.557649612426758,9400
2022-04-27 20:00:00-04:00,31.96337528670308,32.898526389023516,31.661555519462755,32.675872802734375,32300
2022-04-28 20:00:00-04:00,32.33941583997739,32.56701837271687,31.448795838518517,31.468585968017578,9000
2022-05-01 20:00:00-04:00,31.310256716278488,31.973276138305664,31.178643376555208,31.973276138305664,9200
2022-05-02 20:00:00-04:00,31.486403180979806,31.781297847009167,31.458695109337114,31.696191787719727,14300
2022-05-03 20:00:00-04:00,31.656611914930387,32.3691076637568,30.921355153843695,32.34931564331055,7800
2022-05-04 20:00:00-04:00,31.933690962196444,31.94853403213323,30.385000453943142,30.58786392211914,7300
2022-05-05 20:00:00-04:00,30.439426873832147,30.439426873832147,29.439952625430298,29.855575561523438,12300
2022-05-08 20:00:00-04:00,29.13813063075196,29.32714005726044,28.272249680975975,28.43058204650879,32500
2022-05-09 20:00:00-04:00,28.945162876474118,28.945162876474118,27.90610650256331,28.242563247680664,13900
2022-05-10 20:00:00-04:00,27.846729798851598,28.668079625071286,27.460794906853977,27.49542999267578,11700
2022-05-11 20:00:00-04:00,27.114443943515617,28.143606239788074,27.09960087360789,27.813087463378906,41600
2022-05-12 20:00:00-04:00,28.133710673740914,28.99464271642027,28.133710673740914,28.905580520629883,24200
2022-05-15 20:00:00-04:00,28.677977063468568,28.7967272832578,28.272250134350653,28.341520309448242,35800
2022-05-16 20:00:00-04:00,28.856100936268966,29.13318351920267,28.628498397147,29.063913345336914,133900
2022-05-17 20:00:00-04:00,28.460269753586594,28.515685892154366,27.485534605639664,27.50037956237793,10800
2022-05-18 20:00:00-04:00,27.41131811747346,28.20001096636319,27.401422108535645,27.846731185913086,15000
2022-05-19 20:00:00-04:00,28.17329339475725,28.17329339475725,27.099601850073842,27.935794830322266,21300
2022-05-22 20:00:00-04:00,27.975377870793327,28.07433607431436,27.55480597769662,28.005064010620117,51600
2022-05-23 20:00:00-04:00,27.381628380889595,27.381628380889595,26.58996659000459,26.936317443847656,114900
2022-05-24 20:00:00-04:00,26.79777855258046,27.71709757931525,26.79777855258046,27.520170211791992,11500
2022-05-25 20:00:00-04:00,27.64881793985234,28.628500220057596,27.64881793985234,28.46027183532715,12200
2022-05-26 20:00:00-04:00,28.65818579548415,29.430057525634766,28.65818579548415,29.430057525634766,9700
2022-05-30 20:00:00-04:00,29.370681065419348,29.435004176445574,28.856099952150778,29.133182525634766,35800
2022-05-31 20:00:00-04:00,29.36672278877729,29.439950985531148,28.60375809921304,28.806621551513672,9200
2022-06-01 20:00:00-04:00,28.93526542108357,29.850626359448658,28.925369412901883,29.77640724182129,9900
2022-06-02 20:00:00-04:00,29.50921971648119,29.519115724338644,29.17771194687382,29.21234703063965,10100
2022-06-05 20:00:00-04:00,29.667555163705174,29.72693121704705,29.261828236555857,29.36078643798828,30800
2022-06-06 20:00:00-04:00,28.964954238190412,29.598283679383496,28.964954238190412,29.489429473876953,24100
2022-06-07 20:00:00-04:00,29.360786811262177,29.76651374356964,29.360786811262177,29.41026496887207,11500
2022-06-08 20:00:00-04:00,29.06391238275498,29.34099306904124,28.49985122680664,28.49985122680664,5300
2022-06-09 20:00:00-04:00,28.034753544592135,28.034753544592135,27.431110169395836,27.447933197021484,7200
2022-06-12 20:00:00-04:00,26.431632975047346,26.599861345558367,25.852730630550123,25.936843872070312,96900
2022-06-13 20:00:00-04:00,26.105073755025852,26.19413594971935,25.64986865989976,25.8190860748291,9700
2022-06-14 20:00:00-04:00,26.124866981671676,26.671114253571716,26.124866981671676,26.543458938598633,12900
2022-06-15 20:00:00-04:00,25.729034175125975,25.729034175125975,25.214453038630488,25.30648422241211,8100
2022-06-16 20:00:00-04:00,25.362887320074922,25.887364422498294,25.362887320074922,25.81809425354004,6500
2022-06-20 20:00:00-04:00,26.0555974533315,26.44252332173405,26.025909423828125,26.025909423828125,13100
2022-06-21 20:00:00-04:00,25.852729193453552,26.2366859992129,25.80918713572161,25.999187469482422,7700
2022-06-22 20:00:00-04:00,26.105074544830572,26.629551719730163,25.92695203752526,26.577104568481445,13400
2022-06-23 20:00:00-04:00,26.88684000119136,27.66860580444336,26.88684000119136,27.66860580444336,58500
2022-06-26 20:00:00-04:00,27.490484987974096,27.490484987974096,27.1738183564686,27.3420467376709,14400
2022-06-27 20:00:00-04:00,27.431107531592865,27.569649765633937,26.32278098408826,26.37225914001465,16100
2022-06-28 20:00:00-04:00,25.986323925051764,26.27330062340637,25.986323925051764,26.18423843383789,3200
2022-06-29 20:00:00-04:00,25.85767697798265,25.956635173343084,25.343097759555423,25.727052688598633,6200
2022-06-30 20:00:00-04:00,25.795335705414264,26.29309382227237,25.70429544252437,26.181272506713867,5500
2022-07-04 20:00:00-04:00,25.867575431055837,26.956111907958984,25.699347049284707,26.956111907958984,10300
2022-07-05 20:00:00-04:00,26.787882846198045,26.884861091617495,26.540488284430467,26.718612670898438,6600
2022-07-06 20:00:00-04:00,26.995693367477692,27.262878040982336,26.956109334383324,27.21339988708496,54400
2022-07-07 20:00:00-04:00,27.035277064739972,27.287620571522883,26.77897741938527,27.08079719543457,5900
2022-07-10 20:00:00-04:00,26.80767695512038,26.80767695512038,26.302991783252796,26.317834854125977,7300
2022-07-11 20:00:00-04:00,26.36236106924151,26.618662577819237,26.1644465735464,26.278247833251953,7100
2022-07-12 20:00:00-04:00,25.7290374746066,26.322784870745554,25.7290374746066,26.261430740356445,7300
2022-07-13 20:00:00-04:00,25.827991552895398,25.996219923406414,25.66669019962653,25.936843872070312,10000
2022-07-14 20:00:00-04:00,26.23371917126314,26.629550086786985,26.164448996980305,26.573144912719727,4600
2022-07-17 20:00:00-04:00,26.906634297572992,27.32225725586013,26.62955169622463,26.7285099029541,8500
2022-07-18 20:00:00-04:00,27.055069506649843,27.74183705376265,27.034288453997938,27.693347930908203,5600
2022-07-19 20:00:00-04:00,27.797253541680877,28.438500965402017,27.797253541680877,28.389020919799805,5400
2022-07-20 20:00:00-04:00,28.36131392850273,28.648292541503906,28.149543477702267,28.648292541503906,6600
2022-07-21 20:00:00-04:00,28.420685734066883,28.509747924661333,27.846730443275224,27.995168685913086,10700
2022-07-24 20:00:00-04:00,28.113918683844197,28.113918683844197,27.668607704439175,27.91600227355957,23100
2022-07-25 20:00:00-04:00,27.421212370457155,27.421212370457155,27.115432676453715,27.130277633666992,14100
2022-07-26 20:00:00-04:00,27.64881474130734,28.351414339655715,27.549856546301356,28.232666015625,14200
2022-07-27 20:00:00-04:00,28.244542371517074,28.65323829650879,27.87147245658497,28.65323829650879,10400
2022-07-28 20:00:00-04:00,28.54933333656924,29.02433045100628,28.54933333656924,28.964956283569336,4900
2022-07-31 20:00:00-04:00,28.658184535963365,29.177714614897894,28.658184535963365,29.063913345336914,9400
2022-08-01 20:00:00-04:00,29.034225920040626,29.35089065710781,28.999590832390822,29.19255828857422,7400
2022-08-02 20:00:00-04:00,29.469639140979815,29.994114373045303,29.45974313259567,29.905052185058594,13600
2022-08-03 20:00:00-04:00,29.90505471060542,30.033700942993164,29.702191240274686,30.033700942993164,36000
2022-08-04 20:00:00-04:00,29.61807813742133,30.052502185707596,29.61807813742133,30.004013061523438,6100
2022-08-07 20:00:00-04:00,30.459218665306853,30.69572629241696,30.1623440631771,30.271198272705078,8900
2022-08-08 20:00:00-04:00,29.95453399181133,29.95453399181133,29.55870307047735,29.687347412109375,4500
2022-08-09 20:00:00-04:00,30.41963500619141,30.686821585170904,30.41963500619141,30.568071365356445,64700
2022-08-10 20:00:00-04:00,31.12223547208154,31.32014998167924,30.58390430653334,30.775882720947266,9700
2022-08-11 20:00:00-04:00,30.7857800950402,31.25088119506836,30.7857800950402,31.25088119506836,3800
2022-08-14 20:00:00-04:00,31.043069765225088,31.43890067794119,31.043069765225088,31.429004669189453,9400
2022-08-15 20:00:00-04:00,31.24098231141557,31.639782190402208,31.142024117597703,31.567543029785156,21300
2022-08-16 20:00:00-04:00,31.20140043176535,31.21129643997837,30.825359669553006,31.01338005065918,9400
2022-08-17 20:00:00-04:00,30.75609252420211,31.005467048271072,30.75609252420211,30.914424896240234,7200
2022-08-18 20:00:00-04:00,30.577968237791495,30.577968237791495,30.013908924553395,30.033700942993164,8900
2022-08-21 20:00:00-04:00,29.578494291366034,29.578494291366034,29.152975327443528,29.23214340209961,9600
2022-08-22 20:00:00-04:00,29.103493490445718,29.400366183007073,28.95505714416504,28.95505714416504,14800
2022-08-23 20:00:00-04:00,29.141099864863033,29.36078635417705,29.141099864863033,29.25193214416504,3900
2022-08-24 20:00:00-04:00,29.39542152915351,29.855575561523438,29.340994423985133,29.855575561523438,12100
2022-08-25 20:00:00-04:00,29.815993350090192,29.85557738807828,28.648292541503906,28.648292541503906,7800
2022-08-28 20:00:00-04:00,28.410791642064762,28.71756226923933,28.410791642064762,28.489959716796875,4400
2022-08-29 20:00:00-04:00,28.648290692688903,28.648290692688903,28.044647364622378,28.262353897094727,8400
2022-08-30 20:00:00-04:00,28.424645714268983,28.447404835548813,28.07532396839545,28.104021072387695,18200
2022-08-31 20:00:00-04:00,27.886314997829633,28.262353897094727,27.536004211619776,28.262353897094727,24200
2022-09-01 20:00:00-04:00,28.16042806707885,28.460269768762487,27.80714829605028,27.995168685913086,5500
2022-09-05 20:00:00-04:00,27.93579323322943,27.965481259888087,27.510274288475504,27.876419067382812,15100
2022-09-06 20:00:00-04:00,27.826940615266036,28.677976608276367,27.826940615266036,28.677976608276367,5300
2022-09-07 20:00:00-04:00,28.49985463864147,28.945165634155273,28.49985463864147,28.945165634155273,3900
2022-09-08 20:00:00-04:00,29.054017120259097,29.608180394529924,29.054017120259097,29.479536056518555,22300
2022-09-11 20:00:00-04:00,29.657658173039785,29.95947982805549,29.657658173039785,29.92484474182129,6000
2022-09-12 20:00:00-04:00,28.964955195785038,28.964955195785038,28.40287397691408,28.43058204650879,4200
2022-09-13 20:00:00-04:00,28.37120653336036,28.69776725769043,28.321728379283616,28.69776725769043,21300
2022-09-14 20:00:00-04:00,28.50974868681972,29.03917289646738,28.430582502782798,28.46521759033203,44100
2022-09-15 20:00:00-04:00,28.005062329278623,28.005062329278623,27.803189795681607,27.96053123474121,6300
2022-09-18 20:00:00-04:00,27.67850144751486,28.16537449347204,27.67850144751486,28.141624450683594,47300
2022-09-19 20:00:00-04:00,27.80714803711725,27.83881413209647,27.52214940736297,27.66860580444336,8400
2022-09-20 20:00:00-04:00,27.688398984562273,27.846731353579226,27.064965517491856,27.074861526489258,8700
2022-09-21 20:00:00-04:00,26.88684050070129,26.92147558764556,26.34257323088789,26.451425552368164,25000
2022-09-22 20:00:00-04:00,26.09517783200148,26.09517783200148,25.699345044034626,25.996219635009766,6200
2022-09-25 20:00:00-04:00,25.946740812200755,26.055595022754538,25.742888313545603,25.75872230529785,10000
2022-09-26 20:00:00-04:00,26.105071174656743,26.16444722356385,25.65976213267681,25.897260665893555,5200
2022-09-27 20:00:00-04:00,25.936845472402354,26.768091367690214,25.936845472402354,26.738405227661133,12600
2022-09-28 20:00:00-04:00,26.204029915142815,26.204029915142815,25.68944880537379,25.91705322265625,6100
2022-09-29 20:00:00-04:00,25.669662103539313,26.035805024303038,25.372787475585938,25.372787475585938,5700
2022-10-02 20:00:00-04:00,25.610282091920887,26.02590499691783,25.45194973644306,25.897260665893555,12100
2022-10-03 20:00:00-04:00,26.461323827203753,26.995697021484375,26.461323827203753,26.995697021484375,6000
2022-10-04 20:00:00-04:00,26.59986163353608,27.091683637994493,26.490018391086924,27.005590438842773,5200
2022-10-05 20:00:00-04:00,26.84725688361535,27.133246445222916,26.817570744327046,26.844289779663086,20500
2022-10-06 20:00:00-04:00,26.46132543972663,26.46132543972663,25.92695410035287,25.956640243530273,7800
2022-10-09 20:00:00-04:00,26.006116174900583,26.006116174900583,25.64986741343859,25.864604949951172,8500
2022-10-10 20:00:00-04:00,25.62018252057683,25.8161189858478,25.357944865470934,25.5034122467041,6100
2022-10-11 20:00:00-04:00,25.531116198965748,25.778510743093207,25.531116198965748,25.590492248535156,11300
2022-10-12 20:00:00-04:00,24.89778744593092,25.926949683427384,24.878986350952925,25.827991485595703,9600
2022-10-13 20:00:00-04:00,25.43710868176322,25.481639778233717,25.125391006469727,25.125391006469727,2900
2022-10-16 20:00:00-04:00,25.880438642924386,26.12585323717678,25.857677634548253,26.07538604736328,23300
2022-10-17 20:00:00-04:00,26.64934041186806,26.64934041186806,26.20502040256605,26.253509521484375,9600
2022-10-18 20:00:00-04:00,26.08528196808216,26.312884501194713,25.80621943577583,25.96653175354004,7600
2022-10-19 20:00:00-04:00,25.946738819178915,26.377206680137913,25.79830247185227,25.897260665893555,9000
2022-10-20 20:00:00-04:00,25.699346702144368,26.233719867894756,25.49153617377749,26.16444969177246,5000
2022-10-23 20:00:00-04:00,26.184240955574783,26.334657280218483,25.45096420414298,26.31288719177246,6500
2022-10-24 20:00:00-04:00,26.33267687345871,27.213400879758463,26.33267687345871,27.14413070678711,5700
2022-10-25 20:00:00-04:00,26.903662533297855,27.035275858825575,26.768089294433594,26.768089294433594,6700
2022-10-26 20:00:00-04:00,26.624605428981027,26.674083590085402,26.332679748535156,26.332679748535156,4900
2022-10-27 20:00:00-04:00,26.233720449803545,26.78887279323411,26.233720449803545,26.787883758544922,9500
2022-10-30 20:00:00-04:00,26.68892395436698,26.68892395436698,26.41382132958809,26.48111343383789,6000
2022-10-31 20:00:00-04:00,26.985797856519373,26.985797856519373,26.431632707809143,26.491008758544922,4600
2022-11-01 20:00:00-04:00,26.44152969388628,26.44152969388628,25.432161331176758,25.432161331176758,11300
2022-11-02 20:00:00-04:00,25.105600192651675,25.46085803262195,25.071954140683967,25.135286331176758,6300
2022-11-03 20:00:00-04:00,25.590492988559078,25.639971143827143,25.036327834709443,25.346067428588867,6300
2022-11-06 19:00:00-05:00,25.53111634211427,25.585543444122766,25.263931667436196,25.56080436706543,20100
2022-11-07 19:00:00-05:00,25.778512581193354,26.025907142960932,25.531118019425776,25.729034423828125,6000
2022-11-08 19:00:00-05:00,25.491534309309785,25.491534309309785,24.99476525942705,25.036327362060547,6900
2022-11-09 19:00:00-05:00,26.431632557961183,27.04319190979004,26.327727300968565,27.04319190979004,6700
2022-11-10 19:00:00-05:00,27.055068456774656,27.925896452515946,27.055068456774656,27.7774600982666,8100
2022-11-13 19:00:00-05:00,27.56965156884169,27.807150130269253,27.351943138596667,27.39152717590332,20000
2022-11-14 19:00:00-05:00,28.113917245816435,28.361311802282593,28.01495904573584,28.0743350982666,10100
2022-11-15 19:00:00-05:00,27.75272370136584,27.836836951493183,27.60923439382655,27.629026412963867,12500
2022-11-16 19:00:00-05:00,27.055068889816795,27.28267142914016,26.95611068957643,27.1936092376709,10000
2022-11-17 19:00:00-05:00,27.374703860324786,27.41131890570052,27.04319415752271,27.175798416137695,5500
2022-11-20 19:00:00-05:00,27.09465194891116,27.233194188896586,26.78788321656975,27.015485763549805,4600
2022-11-21 19:00:00-05:00,26.78788029603997,27.251992313835427,26.78788029603997,27.223295211791992,6200
2022-11-22 19:00:00-05:00,27.243087929107805,27.530064619340838,27.156994733290833,27.46079444885254,8300
2022-11-24 19:00:00-05:00,27.31334934103309,27.430119605711134,27.31334934103309,27.40142250061035,2700
2022-11-27 19:00:00-05:00,27.26287742634481,27.436054736022538,27.01548288749424,27.084754943847656,6500
2022-11-28 19:00:00-05:00,27.055071562116723,27.168872843018853,26.97689440633271,27.045175552368164,6200
2022-11-29 19:00:00-05:00,27.094652154705106,28.084230422973633,27.005591847034037,28.084230422973633,14800
2022-11-30 19:00:00-05:00,28.104020763918015,28.361311324807705,28.014958574091946,28.163394927978516,10100
2022-12-01 19:00:00-05:00,27.668604480586428,28.242561626042132,27.668604480586428,28.183185577392578,19900
2022-12-04 19:00:00-05:00,27.87641999033647,27.914024070360846,27.401422872895584,27.45090103149414,11800
2022-12-05 19:00:00-05:00,27.421210839770428,27.4311068482033,26.728507236705003,26.876943588256836,11300
2022-12-06 19:00:00-05:00,26.7532436369207,26.91652492851799,26.708712547164208,26.777982711791992,13700
2022-12-07 19:00:00-05:00,26.896733867744647,27.15402440796792,26.782932609323474,27.094648361206055,8800
2022-12-08 19:00:00-05:00,26.96600800382596,27.134236386137648,26.81757164001465,26.81757164001465,11500
2022-12-11 19:00:00-05:00,26.84725715616227,27.193609921984,26.718612813842004,27.183713912963867,45200
2022-12-12 19:00:00-05:00,28.336572945228397,28.336572945228397,27.252985458941296,27.411317825317383,10200
2022-12-13 19:00:00-05:00,27.371732171523696,27.732927978928902,27.084755482237206,27.351940155029297,83100
2022-12-14 19:00:00-05:00,26.710697804198684,26.738405875548278,26.37226107739475,26.440542221069336,4800
2022-12-15 19:00:00-05:00,26.29309233851429,26.324758433059863,25.87549135191871,25.996219635009766,17500
2022-12-18 19:00:00-05:00,25.946738705368855,25.946738705368855,25.45194962480329,25.541011810302734,12300
2022-12-19 19:00:00-05:00,25.2639336968042,25.648879580147224,25.2639336968042,25.531118392944336,13800
2022-12-20 19:00:00-05:00,25.76861710315826,26.119916909381754,25.748825086265793,25.996219635009766,9200
2022-12-21 19:00:00-05:00,25.55091239267237,25.63997459411621,25.23523666116134,25.63997459411621,16200
2022-12-22 19:00:00-05:00,25.511328258609293,25.778512954711914,25.37278601853195,25.778512954711914,14400
2022-12-26 19:00:00-05:00,25.719140785680636,25.80424496066689,25.478673219276445,25.63997459411621,13500
2022-12-27 19:00:00-05:00,25.699344837882833,25.699344837882833,25.263931794565025,25.283721923828125,15200
2022-12-28 19:00:00-05:00,25.48410589868674,26.019777040124374,25.48410589868674,25.95033836364746,10700
2022-12-29 19:00:00-05:00,25.632903116210482,25.890819549560547,25.593222791666463,25.890819549560547,7200
2023-01-02 19:00:00-05:00,26.228097397562763,26.406655091979605,25.861061926587897,26.089218139648438,32300
2023-01-03 19:00:00-05:00,26.37689049848117,26.733012495966083,26.333242522665874,26.559415817260742,6300
2023-01-04 19:00:00-05:00,26.218175155047305,26.486011674602874,26.162624213283845,26.32927703857422,3100
2023-01-05 19:00:00-05:00,26.505847578969746,27.023665182296533,26.337209995644344,26.912561416625977,6500
2023-01-08 19:00:00-05:00,26.972083747727012,27.282574907679727,26.892724990844727,26.892724990844727,14200
2023-01-09 19:00:00-05:00,26.803445880452735,27.32919692993164,26.803445880452735,27.32919692993164,6100
2023-01-10 19:00:00-05:00,27.477997999950528,27.795433044433594,27.477997999950528,27.795433044433594,6100
2023-01-11 19:00:00-05:00,27.91446743643956,28.142625507300608,27.627784106239822,28.06326675415039,4200
2023-01-12 19:00:00-05:00,27.894631283548264,28.28150499799971,27.894631283548264,28.225954055786133,6200
2023-01-16 19:00:00-05:00,28.29142383687821,28.380702673532458,28.095010774651264,28.30134391784668,7700
2023-01-17 19:00:00-05:00,28.441213232589607,28.569179062938872,27.885701932538236,27.934309005737305,5400
2023-01-18 19:00:00-05:00,27.69623274139473,27.791464006824214,27.467083218478297,27.629770278930664,9100
2023-01-19 19:00:00-05:00,27.815273525477945,28.400543212890625,27.73095377653896,28.400543212890625,15800
2023-01-22 19:00:00-05:00,28.519578619805394,28.985811050012977,28.36086111624273,28.93621253967285,73900
2023-01-23 19:00:00-05:00,28.797336539072578,28.926293807203646,28.715001570103997,28.787416458129883,18100
2023-01-24 19:00:00-05:00,28.40054108669342,28.85784679371857,28.2914239796137,28.846935272216797,7700
2023-01-25 19:00:00-05:00,29.134609407549863,29.184207916259766,28.931252494540345,29.184207916259766,5600
2023-01-26 19:00:00-05:00,29.07508859225471,29.76947905857866,29.07508859225471,29.59092140197754,14800
2023-01-29 19:00:00-05:00,29.33300709275819,29.501644681367043,29.13461115396432,29.144529342651367,15000
2023-01-30 19:00:00-05:00,29.20404990768704,29.66532325744629,29.20404990768704,29.66532325744629,16900
2023-01-31 19:00:00-05:00,29.530413602131762,30.35475477233437,29.432208012534264,30.18611717224121,10300
2023-02-01 19:00:00-05:00,30.771389268948827,31.44593968109529,30.771389268948827,31.150327682495117,82500
2023-02-02 19:00:00-05:00,30.404350923151938,31.039222840520804,30.404350923151938,30.572988510131836,12100
2023-02-05 19:00:00-05:00,30.245634565450896,30.384511915745396,30.07699697206672,30.271427154541016,71600
2023-02-06 19:00:00-05:00,30.156356970018052,30.81106720845454,30.14643688857967,30.711868286132812,9500
2023-02-07 19:00:00-05:00,30.483712046729345,30.551167843591436,30.126598575756,30.18611717224121,29100
2023-02-08 19:00:00-05:00,30.54323281857151,30.54323281857151,29.690124728768403,29.749643325805664,8200
2023-02-09 19:00:00-05:00,29.581006341072566,29.588941649626474,29.273491375894267,29.402448654174805,5800
2023-02-12 19:00:00-05:00,29.511565566312395,29.888519184736168,29.511565566312395,29.858760833740234,9000
2023-02-13 19:00:00-05:00,29.660363394210925,30.126597748044762,29.61770874811315,29.967878341674805,4200
2023-02-14 19:00:00-05:00,29.868679812314685,30.572988510131836,29.868679812314685,30.572988510131836,4000
2023-02-15 19:00:00-05:00,30.067079444252926,30.513473668194703,30.037321090698242,30.037321090698242,9500
2023-02-16 19:00:00-05:00,29.62068407270533,29.729801177978516,29.517517502295146,29.729801177978516,5400
2023-02-20 19:00:00-05:00,29.223889271148067,29.371695263743256,28.93621448611305,28.946134567260742,15500
2023-02-21 19:00:00-05:00,28.975893020629883,29.12469234630699,28.931255493401178,28.975893020629883,4300
2023-02-22 19:00:00-05:00,29.213969116938454,29.213969116938454,28.54041022119567,28.93621253967285,8100
2023-02-23 19:00:00-05:00,28.469980173840316,28.630680558625293,28.42037977132615,28.553306579589844,11600
2023-02-26 19:00:00-05:00,28.77749791161723,28.802297169265284,28.58902014778027,28.68821907043457,5200
2023-02-27 19:00:00-05:00,28.57910192842618,28.866778633661475,28.57910192842618,28.678300857543945,14600
2023-02-28 19:00:00-05:00,28.63861950715569,28.63861950715569,28.341022750082857,28.41046142578125,4000
2023-03-01 19:00:00-05:00,28.2041311494396,28.678300857543945,28.2041311494396,28.678300857543945,4100
2023-03-02 19:00:00-05:00,28.747735689740363,29.194129864947676,28.747735689740363,29.17428970336914,28200
2023-03-05 19:00:00-05:00,29.22388795332337,29.590923370988794,29.075090526941903,29.10485076904297,9100
2023-03-06 19:00:00-05:00,29.15445269412279,29.352850547236066,28.97589500473327,28.99573516845703,6000
2023-03-07 19:00:00-05:00,28.94613499220908,29.08302946517011,28.79733755693328,29.060213088989258,13100
2023-03-08 19:00:00-05:00,29.03541507114272,29.238772016180928,28.341024487466708,28.36582374572754,7500
2023-03-09 19:00:00-05:00,28.25174250572313,28.25174250572313,27.5771921604133,27.7388858795166,7300
2023-03-12 20:00:00-04:00,27.39863907063293,27.845031389673608,27.209169864064794,27.54446029663086,13000
2023-03-13 20:00:00-04:00,28.166433239344315,28.197184923720428,27.816263640959967,28.038467407226562,8200
2023-03-14 20:00:00-04:00,27.716075289758134,28.07318878173828,27.587116115715215,28.07318878173828,8900
2023-03-15 20:00:00-04:00,27.845030299885966,28.498749082003584,27.845030299885966,28.479900360107422,4800
2023-03-16 20:00:00-04:00,28.271584912502483,28.39062399727296,27.91446955025312,28.122787475585938,3700
2023-03-19 20:00:00-04:00,28.112868095043854,28.33011277461163,27.98886991251175,28.208099365234375,8200
2023-03-20 20:00:00-04:00,28.569178679884253,28.846935272216797,28.450141491786013,28.846935272216797,6800
2023-03-21 20:00:00-04:00,28.817175772720255,28.817175772720255,28.229921340942383,28.229921340942383,6400
2023-03-22 20:00:00-04:00,28.3509402793738,28.730870080533624,28.10294395016582,28.2418212890625,5500
2023-03-23 20:00:00-04:00,28.241823166619163,28.412445530374164,28.093025737614475,28.33506965637207,4500
2023-03-26 20:00:00-04:00,28.4799018357103,28.549342407699154,28.271585795930108,28.360864639282227,8000
2023-03-27 20:00:00-04:00,28.296382592170378,28.432285618541297,28.10096097276401,28.212064743041992,5700
2023-03-28 20:00:00-04:00,28.559262241479008,28.80725860595703,28.496765538025382,28.80725860595703,6700
2023-03-29 20:00:00-04:00,28.936214782644047,29.104852379758942,28.936214782644047,29.025493621826172,4000
2023-03-30 20:00:00-04:00,29.08501025019732,29.56413897897076,29.08501025019732,29.511564254760742,16400
2023-04-02 20:00:00-04:00,29.42228568254809,29.630603592419,29.42228568254809,29.581003189086914,8400
2023-04-03 20:00:00-04:00,29.640525272378742,29.650445354213645,29.392528902692614,29.491727828979492,8400
2023-04-04 20:00:00-04:00,29.20405167582363,29.313168786845925,29.02648543568179,29.124692916870117,2800
2023-04-05 20:00:00-04:00,29.035410498068234,29.204048076568455,28.795349477693822,29.184207916259766,4900
2023-04-09 20:00:00-04:00,28.975892028221654,29.262577256012776,28.901494259993207,29.213970184326172,6400
2023-04-10 20:00:00-04:00,29.313169479370117,29.432208566643716,29.22389063693044,29.313169479370117,4400
2023-04-11 20:00:00-04:00,29.600846815562537,29.600846815562537,28.96597671508789,28.96597671508789,5700
2023-04-12 20:00:00-04:00,29.293328378807374,29.5899317897072,29.293328378807374,29.571083068847656,6700
2023-04-13 20:00:00-04:00,29.521486282348633,29.645484459664246,29.32308844181884,29.521486282348633,4400
2023-04-16 20:00:00-04:00,29.58100546923086,29.680204391479492,29.452048194751082,29.680204391479492,14500
2023-04-17 20:00:00-04:00,29.918280966392192,29.918280966392192,29.660364522812355,29.759563446044922,8600
2023-04-18 20:00:00-04:00,29.491726628413296,29.737740106954874,29.491726628413296,29.680204391479492,4000
2023-04-19 20:00:00-04:00,29.45204592454734,29.76948093762499,29.45204592454734,29.581003189086914,4100
2023-04-20 20:00:00-04:00,29.34292700773475,29.630603671644256,29.34292700773475,29.60084342956543,2900
2023-04-23 20:00:00-04:00,29.610765597255305,29.749642952620842,29.499663712962878,29.65044403076172,4500
2023-04-24 20:00:00-04:00,29.501646548883787,29.501646548883787,29.065172428608438,29.124692916870117,3700
2023-04-25 20:00:00-04:00,29.096914776162976,29.273487667522907,28.916372338966827,28.926292419433594,7400
2023-04-26 20:00:00-04:00,29.293330560955766,29.688139583226942,29.124692961413874,29.65044403076172,3900
2023-04-27 20:00:00-04:00,29.461967447357008,29.967878341674805,29.40244696044502,29.967878341674805,7000
2023-04-30 20:00:00-04:00,29.85875900604594,30.04227576351487,29.82899876480968,29.878599166870117,9400
2023-05-01 20:00:00-04:00,29.828999529561568,29.878599932893653,29.303248498674932,29.581003189086914,8700
2023-05-02 20:00:00-04:00,29.561164338669315,29.858761095673238,29.372688473835037,29.422286987304688,11300
2023-05-03 20:00:00-04:00,29.233809988871208,29.233809988871208,29.04731700018249,29.11477279663086,8500
2023-05-04 20:00:00-04:00,29.382609918079428,29.64945311158989,29.382609918079428,29.582990646362305,4400
2023-05-07 20:00:00-04:00,29.64052098158083,29.86867904663086,29.64052098158083,29.86867904663086,6600
2023-05-08 20:00:00-04:00,29.571084473124387,29.700043635677343,29.541326121813714,29.638540267944336,4600
2023-05-09 20:00:00-04:00,29.700044437722312,29.829001711695724,29.38260940142277,29.65044403076172,3700
2023-05-10 20:00:00-04:00,29.53140281379777,29.6802002302781,29.485771959262003,29.59092140197754,6700
2023-05-11 20:00:00-04:00,29.610764364469134,29.610764364469134,29.243728936489802,29.323087692260742,6200
2023-05-14 20:00:00-04:00,29.293328158220763,29.551244577074506,29.263567916485442,29.511564254760742,6100
2023-05-15 20:00:00-04:00,29.17429086015801,29.17429086015801,28.975893020629883,28.975893020629883,4600
2023-05-16 20:00:00-04:00,29.124692122362774,29.48180558188067,29.065171635724784,29.422286987304688,4700
2023-05-17 20:00:00-04:00,29.42228506985777,29.918277740478516,29.42228506985777,29.918277740478516,14100
2023-05-18 20:00:00-04:00,29.858759506758542,29.967876608997578,29.442125582773564,29.511564254760742,8400
2023-05-21 20:00:00-04:00,29.501644253424,29.729800431155248,29.501644253424,29.531404495239258,11700
2023-05-22 20:00:00-04:00,29.53338834669282,29.68020289558626,29.283409118652344,29.283409118652344,7800
2023-05-23 20:00:00-04:00,29.068148072772324,29.068148072772324,28.846935749380016,28.975893020629883,11600
2023-05-24 20:00:00-04:00,29.13461529072382,29.13461529072382,28.70806121826172,28.70806121826172,6600
2023-05-25 20:00:00-04:00,28.857847836397816,29.223889946515463,28.857847836397816,29.124692916870117,13400
2023-05-29 20:00:00-04:00,29.34292899180991,29.34292899180991,29.02549395641957,29.11477279663086,25700
2023-05-30 20:00:00-04:00,29.04533391308029,29.114772590071528,28.85685615263119,29.060213088989258,7800
2023-05-31 20:00:00-04:00,29.01557339735663,29.51156610500375,28.928279331680073,29.39352035522461,8200
2023-06-01 20:00:00-04:00,29.690120543521523,30.150400530221823,29.690120543521523,30.146432876586914,11200
2023-06-04 20:00:00-04:00,30.096836232826952,30.285313982626633,29.839911250414175,30.13651466369629,8700
2023-06-05 20:00:00-04:00,30.1662761363221,30.533311570159352,30.161317041784386,30.463871002197266,7800
2023-06-06 20:00:00-04:00,30.63251004103278,30.72972608393641,30.256547840897213,30.334915161132812,8600
2023-06-07 20:00:00-04:00,30.29523533791952,30.572990041876203,30.232738637467254,30.473791122436523,11100
2023-06-08 20:00:00-04:00,30.602748529211233,30.751545953801116,30.47378937372127,30.513469696044922,6000
2023-06-11 20:00:00-04:00,30.558110348770086,30.848761342506865,30.558110348770086,30.8408260345459,9500
2023-06-12 20:00:00-04:00,30.931097498169613,31.158262252807617,30.894393386333874,31.158262252807617,27700
2023-06-13 20:00:00-04:00,31.179093856050645,31.217780848921688,30.862650261210508,31.158262252807617,8000
2023-06-14 20:00:00-04:00,30.93010376785058,31.5550537109375,30.93010376785058,31.5550537109375,6300
2023-06-15 20:00:00-04:00,31.574895001734447,31.574895001734447,31.312019477897536,31.346738815307617,7000
2023-06-19 20:00:00-04:00,31.158258794966116,31.346736535816433,31.068979964671854,31.25249671936035,9200
2023-06-20 20:00:00-04:00,31.088824856438745,31.168183618548404,30.93010733221942,30.989625930786133,23800
2023-06-21 20:00:00-04:00,30.77932162718917,31.071957384054546,30.77932162718917,31.068981170654297,4900
2023-06-22 20:00:00-04:00,30.713851685943354,30.987640623626962,30.713851685943354,30.850746154785156,5800
2023-06-25 20:00:00-04:00,30.731706879129447,31.029303630892368,30.731706879129447,30.801145553588867,8100
2023-06-26 20:00:00-04:00,30.860667748913244,31.35765191113116,30.860667748913244,31.257461547851562,5300
2023-06-27 20:00:00-04:00,31.267378601904156,31.478670830015936,31.227698279821286,31.465774536132812,6000
2023-06-28 20:00:00-04:00,31.360614256222014,31.45982379474051,31.172112726895694,31.271324157714844,6700
2023-06-29 20:00:00-04:00,31.479669047116257,31.677100359443177,31.479669047116257,31.608644485473633,10700
2023-07-02 20:00:00-04:00,31.549115612059495,31.807066481622964,31.549115612059495,31.78722381591797,5800
2023-07-04 20:00:00-04:00,31.68801099369445,31.830874017460108,31.594752739720878,31.767379760742188,7800
2023-07-05 20:00:00-04:00,31.32093014199704,31.32093014199704,30.983612399506864,31.152271270751953,9800
2023-07-06 20:00:00-04:00,31.261402651014365,31.519351612784952,31.261402651014365,31.350692749023438,4800
2023-07-09 20:00:00-04:00,31.271324493618668,31.797141865697167,31.271324493618668,31.767379760742188,12700
2023-07-10 20:00:00-04:00,31.931081280948675,32.40729391863666,31.777301563179513,32.4023323059082,8900
2023-07-11 20:00:00-04:00,32.848783339964854,32.88846867319759,32.62059835077913,32.70988845825195,108100
2023-07-12 20:00:00-04:00,33.01743991962439,33.19502856672596,32.90830714688931,33.08688735961914,33300
2023-07-13 20:00:00-04:00,33.17617451343382,33.250583559549405,32.888465338175536,33.01743698120117,19700
2023-07-16 20:00:00-04:00,32.96783650802686,33.42420649959009,32.96783650802686,33.32499694824219,22900
2023-07-17 20:00:00-04:00,33.2158637076197,33.649416328937015,33.2158637076197,33.59981155395508,18900
2023-07-18 20:00:00-04:00,33.82104996429825,34.01848127244259,33.7664835794031,33.81113052368164,16900
2023-07-19 20:00:00-04:00,33.68215372513151,33.68215372513151,33.13649368286133,33.13649368286133,23400
2023-07-20 20:00:00-04:00,33.29523537122477,33.40436436560869,33.139472512828405,33.196022033691406,18500
2023-07-23 20:00:00-04:00,33.16625456004905,33.44106959443192,33.00751703027351,33.14641189575195,19200
2023-07-24 20:00:00-04:00,33.086881457998395,33.112677298138635,32.9479866027832,32.9479866027832,11800
2023-07-25 20:00:00-04:00,32.908308873877566,33.166259765625,32.89938099815304,33.166259765625,10600
2023-07-26 20:00:00-04:00,33.35475561862181,33.35475561862181,32.5114631652832,32.5114631652832,12300
2023-07-27 20:00:00-04:00,32.86862661158521,33.28531126439371,32.86862661158521,33.26546859741211,9200
2023-07-30 20:00:00-04:00,33.31507059695995,33.66230773925781,33.31507059695995,33.66230773925781,13300
2023-07-31 20:00:00-04:00,33.414283752441406,33.4341264176682,33.25058460277139,33.414283752441406,7300
2023-08-01 20:00:00-04:00,33.04720461952201,33.04720461952201,32.69004420694454,32.878543853759766,16200
2023-08-02 20:00:00-04:00,32.570986647881924,32.67019617525776,32.49161599830055,32.5670166015625,12600
2023-08-03 20:00:00-04:00,32.76940478657086,32.76940478657086,32.243587493896484,32.243587493896484,8800
2023-08-06 20:00:00-04:00,32.4023268454325,32.55610275268555,32.29121096049083,32.55610275268555,22700
2023-08-07 20:00:00-04:00,32.26343707529446,32.39241251261969,31.981677272089364,32.342803955078125,7800
2023-08-08 20:00:00-04:00,32.35272791798762,32.35272791798762,31.84674938250059,31.916196823120117,14100
2023-08-09 20:00:00-04:00,32.318004382830665,32.38249021103206,31.97969505313115,32.05509567260742,6600
2023-08-10 20:00:00-04:00,31.931078718976597,32.05509253502647,31.80706490292673,31.95587921142578,7600
2023-08-13 20:00:00-04:00,31.846744392359838,32.035247802734375,31.80706285008195,32.035247802734375,9700
2023-08-14 20:00:00-04:00,31.936037885814443,31.936037885814443,31.400299162011315,31.437007904052734,9200
2023-08-15 20:00:00-04:00,31.370535405069862,31.499508939770024,31.132427215576172,31.132427215576172,18900
2023-08-16 20:00:00-04:00,31.221717674381285,31.221717674381285,30.75542640686035,30.75542640686035,6900
2023-08-17 20:00:00-04:00,30.50739775038559,30.855628367940707,30.50739775038559,30.79511070251465,6100
2023-08-20 20:00:00-04:00,30.874479984278395,30.89233762532162,30.55700303071845,30.840747833251953,10400
2023-08-21 20:00:00-04:00,30.824875056398433,30.85364748909196,30.666137516843754,30.745506286621094,8900
2023-08-22 20:00:00-04:00,30.735583048378196,31.171120635716594,30.6562142835214,31.072900772094727,7400
2023-08-23 20:00:00-04:00,31.043138670942852,31.07686892947725,30.489540447940684,30.527240753173828,8700
2023-08-24 20:00:00-04:00,30.626452870669677,30.85463783824584,30.398266010792856,30.75542640686035,14500
2023-08-27 20:00:00-04:00,30.9141658347485,31.04314127114416,30.859599449527316,30.973691940307617,14900
2023-08-28 20:00:00-04:00,30.97368900351721,31.578877011606085,30.97368900351721,31.55903434753418,8400
2023-08-29 20:00:00-04:00,31.499510136519245,31.830874698728135,31.499510136519245,31.777299880981445,14900
2023-08-30 20:00:00-04:00,31.842783222403863,32.01541025887091,31.81698737734742,31.8656005859375,5400
2023-08-31 20:00:00-04:00,32.06500887468743,32.14040947949286,31.934050327878094,32.07493209838867,4400
2023-09-04 20:00:00-04:00,31.985641729128414,32.10568548573965,31.935041614815475,32.0302848815918,13900
2023-09-05 20:00:00-04:00,31.955880083736126,32.104698180898836,31.62848367611945,31.777299880981445,6100
2023-09-06 20:00:00-04:00,31.50546332944446,31.740593046775555,31.49951015140297,31.668169021606445,9800
2023-09-07 20:00:00-04:00,31.64832444355715,31.70785054347226,31.527287220399494,31.55903434753418,5000
2023-09-10 20:00:00-04:00,31.727697364765817,31.92612024688264,31.716784465786553,31.836830139160156,6300
2023-09-11 20:00:00-04:00,31.777298940698245,31.896354928746142,31.668168069588987,31.722734451293945,4600
2023-09-12 20:00:00-04:00,31.638403987479013,31.727694085974115,31.499509119731368,31.59872055053711,7700
2023-09-13 20:00:00-04:00,31.72769408177416,31.955879047986702,31.666182956836728,31.926116943359375,12700
2023-09-14 20:00:00-04:00,31.678089833305982,31.767379933257164,31.43998353086972,31.469745635986328,8500
2023-09-17 20:00:00-04:00,31.44990661253499,31.44990661253499,31.261405069676044,31.330852508544922,6900
2023-09-18 20:00:00-04:00,31.211794766589694,31.223701121751322,30.915153945253575,31.14234733581543,6800
2023-09-19 20:00:00-04:00,31.22171731594877,31.271323977222348,30.805030822753906,30.805030822753906,9300
2023-09-20 20:00:00-04:00,30.636370025761202,30.636370025761202,29.981577276674827,30.150236129760742,12800
2023-09-21 20:00:00-04:00,30.247465992273415,30.35858188459895,30.08079026148449,30.09071159362793,6400
2023-09-24 20:00:00-04:00,29.922053249236093,30.180002212524414,29.922053249236093,30.180002212524414,6400
2023-09-25 20:00:00-04:00,30.001421140586235,30.050034342901725,29.723629520768554,29.81291961669922,11000
2023-09-26 20:00:00-04:00,29.902210410043207,30.041107169341853,29.565886140340798,29.82284164428711,6300
2023-09-27 20:00:00-04:00,29.763315374200992,30.051028331122573,29.678986888945058,30.011343002319336,5900
2023-09-28 20:00:00-04:00,30.34866229652846,30.457795064077306,30.024242475226796,30.170082092285156,11400
2023-10-01 20:00:00-04:00,30.041109246620792,30.25937289446736,29.971659916018876,30.070871353149414,22100
2023-10-02 20:00:00-04:00,29.82284077714639,29.902209540594725,29.361509248258994,29.455760955810547,42100
2023-10-03 20:00:00-04:00,29.50536659203837,29.780181629528197,29.50536659203837,29.71371078491211,14300
2023-10-04 20:00:00-04:00,29.60457845359613,29.64426189091642,29.33670815555666,29.569854736328125,6700
2023-10-05 20:00:00-04:00,29.356552083286523,30.009359888309486,29.287104645762884,29.902212142944336,6800
2023-10-08 20:00:00-04:00,29.654182612292722,30.06690094880336,29.644261280091914,30.011343002319336,5100
2023-10-09 20:00:00-04:00,30.10063550570185,30.51633046432836,30.10063550570185,30.318899154663086,4400
2023-10-10 20:00:00-04:00,30.358583450317383,30.437952219257664,30.16016058181633,30.358583450317383,8000
2023-10-11 20:00:00-04:00,30.398266725051155,30.398266725051155,29.852606678060763,30.11055564880371,4600
2023-10-12 20:00:00-04:00,30.011341951055964,30.05102727846907,29.569853091238272,29.614498138427734,5200
2023-10-15 20:00:00-04:00,29.81292082314038,30.326835624444797,29.81292082314038,30.23952865600586,13600
2023-10-16 20:00:00-04:00,30.090713306342312,30.44192053654763,30.090713306342312,30.38834571838379,8700
2023-10-17 20:00:00-04:00,30.017295824530912,30.120475407436363,29.683946257274798,29.733551025390625,4700
2023-10-18 20:00:00-04:00,29.922052900549772,30.07086909893945,29.483540614220004,29.574813842773438,10300
2023-10-19 20:00:00-04:00,29.57481384333493,29.584735175534515,29.247417449951172,29.247417449951172,5000
2023-10-22 20:00:00-04:00,29.029153995763618,29.495445258188262,28.881329361998016,29.27718162536621,7000
2023-10-23 20:00:00-04:00,29.564894238717496,29.817883493838384,29.48056574854436,29.654184341430664,15800
2023-10-24 20:00:00-04:00,29.406155867233068,29.406155867233068,28.850574493408203,28.850574493408203,6200
2023-10-25 20:00:00-04:00,28.68191607490211,28.756325123658144,28.304914895546638,28.379322052001953,15300
2023-10-26 20:00:00-04:00,28.632311580877037,28.632311580877037,28.225546399624584,28.314836502075195,7800
2023-10-29 20:00:00-04:00,28.592624146645782,28.860494434293475,28.562862042885325,28.830730438232422,6100
2023-10-30 20:00:00-04:00,28.709691149780806,28.946805858796655,28.64619690017929,28.910097122192383,3700
2023-10-31 20:00:00-04:00,28.969626684629034,29.015263297279404,28.701756401693288,28.959705352783203,7100
2023-11-01 20:00:00-04:00,29.49544680002873,29.763317108154297,29.47957418142323,29.763317108154297,7100
2023-11-02 20:00:00-04:00,30.011343518872245,30.557003553204204,30.011343518872245,30.53716278076172,8600
2023-11-05 19:00:00-05:00,30.40421937279829,30.460768886111126,30.259371325480522,30.457794189453125,5800
2023-11-06 19:00:00-05:00,30.549066209554525,30.801061987895498,30.549066209554525,30.79511070251465,15800
2023-11-07 19:00:00-05:00,30.775268038443556,30.834794138356237,30.52029567126186,30.79511070251465,5100
2023-11-08 19:00:00-05:00,30.943926718613568,30.943926718613568,30.516327339559698,30.547082901000977,8800
2023-11-09 19:00:00-05:00,30.527240583103104,30.936982326161854,30.527240583103104,30.934005737304688,8200
2023-11-12 19:00:00-05:00,30.824873491473543,30.993532355225465,30.70582128900197,30.91416358947754,4800
2023-11-13 19:00:00-05:00,31.439986779924237,31.902308053271774,31.439986779924237,31.816987991333008,6700
2023-11-14 19:00:00-05:00,32.09477666632525,32.42217498368998,32.09477666632525,32.18406677246094,28800
2023-11-15 19:00:00-05:00,31.96580382611081,32.034259697761605,31.82293890467417,31.975723266601562,8000
2023-11-16 19:00:00-05:00,31.955880762760167,32.03921768786964,31.910246037829648,32.00548553466797,3700
2023-11-19 19:00:00-05:00,31.936033291463705,32.35272163891088,31.936033291463705,32.263431549072266,14800
2023-11-20 19:00:00-05:00,32.15430522131751,32.15430522131751,31.98167818441688,32.05509567260742,5700
2023-11-21 19:00:00-05:00,32.16422117146633,32.45392104561335,32.16422117146633,32.332881927490234,20600
2023-11-23 19:00:00-05:00,32.2931965984727,32.40232936097029,32.27831554624144,32.332881927490234,8600
2023-11-26 19:00:00-05:00,32.27732691428279,32.5213845191798,32.276335348657426,32.4023323059082,4900
2023-11-27 19:00:00-05:00,32.264426067923054,32.58388426201425,32.264426067923054,32.5511474609375,7100
2023-11-28 19:00:00-05:00,32.749566536874156,32.908304068384254,32.531304796423576,32.5511474609375,9800
2023-11-29 19:00:00-05:00,32.481701414288914,32.58983883129513,32.41721180571488,32.57099151611328,4200
2023-11-30 19:00:00-05:00,32.481704926460445,33.218843182855096,32.481704926460445,33.196022033691406,7700
2023-12-03 19:00:00-05:00,33.13649452327978,33.45496116822456,33.10474550150336,33.285308837890625,8900
2023-12-04 19:00:00-05:00,33.13649272181347,33.20097854284558,32.94798930177899,33.10375213623047,5300
2023-12-05 19:00:00-05:00,33.31507544254513,33.55615834629134,33.16625734014315,33.186100006103516,7700
2023-12-06 19:00:00-05:00,33.31507093243805,33.546230579609514,33.309117754995704,33.503570556640625,5000
2023-12-07 19:00:00-05:00,33.334915293959725,33.890498603213,33.334915293959725,33.80120849609375,18100
2023-12-10 19:00:00-05:00,33.77144499549585,34.11868218407937,33.77144499549585,33.999629974365234,10100
2023-12-11 19:00:00-05:00,33.89545451238349,34.12860107421875,33.81509229411828,34.12860107421875,5200
2023-12-12 19:00:00-05:00,34.178211586381074,34.77645492553711,33.97978870563223,34.77645492553711,10900
2023-12-13 19:00:00-05:00,35.071105281001415,35.30028559601841,34.91236774957996,35.170318603515625,7600
2023-12-14 19:00:00-05:00,35.160398327050835,35.195122046691964,34.87764695722977,35.02150344848633,24600
2023-12-17 19:00:00-05:00,35.02149878674167,35.39850182452038,35.02149878674167,35.30921173095703,12700
2023-12-18 19:00:00-05:00,35.37866156885275,35.76161781021302,35.37866156885275,35.72589874267578,10700
2023-12-19 19:00:00-05:00,35.69514422472777,35.90447808960571,35.11079043642235,35.184207916259766,8500
2023-12-20 19:00:00-05:00,35.47787145953504,35.64653222034681,35.329057148396714,35.567161560058594,11000
2023-12-21 19:00:00-05:00,35.51755837569794,35.589984295675144,35.252666543590244,35.39850616455078,9500
2023-12-25 19:00:00-05:00,35.39849890032787,35.53838531433435,35.33897091466942,35.45802688598633,10900
2023-12-26 19:00:00-05:00,35.467950662328505,35.577083423748796,35.43918012368525,35.54732131958008,9900
2023-12-27 19:00:00-05:00,35.551301120519376,35.66078221481964,35.5224387512979,35.61101531982422,9600
2023-12-28 19:00:00-05:00,35.58115991544177,35.58115991544177,35.15319041552154,35.28257751464844,5700
2024-01-01 19:00:00-05:00,34.93920446919549,34.93920446919549,34.536118431760755,34.7252197265625,10900
2024-01-02 19:00:00-05:00,34.376873953613966,34.476400150756284,34.07331411664453,34.1479606628418,8100
2024-01-03 19:00:00-05:00,33.98871847863361,34.22758288456795,33.929000478809385,33.978763580322266,27300
2024-01-04 19:00:00-05:00,33.89914390944572,34.284313434481135,33.89914390944572,34.00862121582031,7300
2024-01-07 19:00:00-05:00,34.09819388896002,34.71427373237857,34.09819388896002,34.645599365234375,12900
2024-01-08 19:00:00-05:00,34.496309898997936,34.72522321465118,34.4505257171947,34.56597900390625,8100
2024-01-09 19:00:00-05:00,34.75010532833115,34.91432698216179,34.63266258504861,34.84465408325195,10600
2024-01-10 19:00:00-05:00,34.91432425189156,34.96906100220675,34.486354773565324,34.90436935424805,9600
2024-01-11 19:00:00-05:00,35.003900882133415,35.148216546497174,34.705318450927734,34.705318450927734,12300
2024-01-15 19:00:00-05:00,34.5659808271988,34.62569883313371,34.347018602119114,34.52616882324219,14800
2024-01-16 19:00:00-05:00,34.157909579369466,34.3072026622162,33.99866539611733,34.23753356933594,13500
2024-01-17 19:00:00-05:00,34.436593123838136,34.73418082446416,34.39678491724389,34.705318450927734,7400
2024-01-18 19:00:00-05:00,34.59683146663261,35.20295262384086,34.59683146663261,35.09347152709961,5500
2024-01-21 19:00:00-05:00,35.272621154785156,35.48063371657388,35.11337696118247,35.272621154785156,8400
2024-01-22 19:00:00-05:00,35.31243773070505,35.32736628255941,35.08054021831629,35.173099517822266,5700
2024-01-23 19:00:00-05:00,35.481635751040415,35.5911130601607,35.09347443137574,35.113380432128906,8900
2024-01-24 19:00:00-05:00,35.33234095144397,35.473668614336546,35.163145648168,35.44182205200195,12700
2024-01-25 19:00:00-05:00,35.42191420756905,35.75035369545792,35.42191420756905,35.69063949584961,5300
2024-01-28 19:00:00-05:00,35.69064193838808,36.20818655160495,35.632913399019984,36.17832565307617,74200
2024-01-29 19:00:00-05:00,36.03898695698186,36.08875005827552,35.88969765310087,35.93946075439453,5800
2024-01-30 19:00:00-05:00,35.700590850225154,35.73144647736532,35.14323806762695,35.14323806762695,8300
2024-01-31 19:00:00-05:00,35.58115603835116,35.70058822631836,35.197976028477704,35.70058822631836,6600
2024-02-01 19:00:00-05:00,35.77026284126834,36.41719456960278,35.77026284126834,36.28780746459961,18200
2024-02-04 19:00:00-05:00,36.07879804414681,36.10567095343556,35.78519309626347,35.95936584472656,8800
2024-02-05 19:00:00-05:00,35.9494051282325,36.337562561035156,35.9494051282325,36.337562561035156,29600
2024-02-06 19:00:00-05:00,36.21813778483596,36.536626194636426,36.15543559271982,36.466957092285156,8000
2024-02-07 19:00:00-05:00,36.486862320091625,36.77549362182617,36.486862320091625,36.77549362182617,9300
2024-02-08 19:00:00-05:00,36.59634379446864,36.755587997625014,36.48785742341768,36.725730895996094,5100
2024-02-11 19:00:00-05:00,36.735678695810684,37.21341126234079,36.735678695810684,36.96459197998047,8100
2024-02-12 19:00:00-05:00,36.13851401000473,36.385340035369204,35.923534544464864,36.12855911254883,9300
2024-02-13 19:00:00-05:00,36.57643738173386,36.984500885009766,36.476911179639735,36.984500885009766,8700
2024-02-14 19:00:00-05:00,37.103929590863814,37.56175994873047,37.0989559389046,37.56175994873047,14400
2024-02-15 19:00:00-05:00,37.203462547831414,37.203462547831414,36.92578087912253,36.95464324951172,8300
2024-02-19 19:00:00-05:00,36.69587255816147,36.728717650253834,36.41719613236332,36.58639144897461,8200
2024-02-20 19:00:00-05:00,36.5565327292493,36.56648762783434,36.287807417673946,36.4968147277832,8300
2024-02-21 19:00:00-05:00,36.9745519103723,37.28109597153514,36.88796099629079,37.187538146972656,36300
2024-02-22 19:00:00-05:00,37.482141959126345,37.56176596339431,37.33284884946466,37.472190856933594,33800
2024-02-25 19:00:00-05:00,37.32289924524001,37.48214346348577,37.26318123964223,37.273136138916016,18000
2024-02-26 19:00:00-05:00,37.551812617199616,37.8454213992259,37.516978063062425,37.770774841308594,6100
2024-02-27 19:00:00-05:00,37.57171502314942,37.85039142957517,37.57171502314942,37.64138412475586,20200
2024-02-28 19:00:00-05:00,38.06935613013866,38.06935613013866,37.840442810317384,37.92006301879883,8400
2024-02-29 19:00:00-05:00,37.88024539266383,38.43759810347351,37.88024539266383,38.37788391113281,30100
2024-03-03 19:00:00-05:00,38.48736630716156,38.48736630716156,38.228595913732065,38.30821990966797,11300
2024-03-04 19:00:00-05:00,38.09821796834892,38.09821796834892,37.72101006972691,37.89020538330078,11600
2024-03-05 19:00:00-05:00,38.1290723039726,38.218647407140956,37.91011009696522,37.95987319946289,12500
2024-03-06 19:00:00-05:00,38.178831357141235,38.44755663814471,38.15494264059998,38.29826354980469,37900
2024-03-07 19:00:00-05:00,38.40774755529695,38.80585995661707,38.18082371434535,38.318172454833984,11400
2024-03-10 20:00:00-04:00,38.198738826741234,38.29925975546164,37.982760825865384,38.09920883178711,10600
2024-03-11 20:00:00-04:00,38.228595913732065,38.45750920702614,38.10418626759304,38.30821990966797,8900
2024-03-12 20:00:00-04:00,38.523203699598625,38.74415537739142,38.49732551835188,38.547088623046875,14100
2024-03-13 20:00:00-04:00,38.57693628117593,38.637649000512155,38.15892174806867,38.37788391113281,8800
2024-03-14 20:00:00-04:00,38.207692484366426,38.3301126609606,37.920055944893214,37.94991683959961,3900
2024-03-17 20:00:00-04:00,38.228599926853136,38.33808103441744,38.0892617160191,38.178836822509766,13000
2024-03-18 20:00:00-04:00,38.05940205165277,38.35201227471388,37.96982695118981,38.318172454833984,5600
2024-03-19 20:00:00-04:00,38.3380809946628,39.09449005126953,38.3380809946628,39.09449005126953,15700
2024-03-20 20:00:00-04:00,39.31344748911131,39.52743222857751,39.31344748911131,39.32339859008789,11000
2024-03-21 20:00:00-04:00,39.2338268590174,39.2338268590174,38.87553024291992,38.87553024291992,25700
2024-03-24 20:00:00-04:00,38.87553044561618,38.95515065071474,38.74614334106445,38.74614334106445,12100
2024-03-25 20:00:00-04:00,38.97505372791323,39.084534823808546,38.726234436035156,38.726234436035156,4500
2024-03-26 20:00:00-04:00,39.134294057700124,39.134294057700124,38.74613660817617,38.935237884521484,10500
2024-03-27 20:00:00-04:00,39.094482974556016,39.094482974556016,38.89543059342055,38.91533279418945,4100
2024-03-31 20:00:00-04:00,38.9451951802926,38.9651011785047,36.45700235399424,38.50727081298828,25300
2024-04-01 20:00:00-04:00,38.11911319778622,38.21864318847656,37.93001191049597,38.21864318847656,7500
2024-04-02 20:00:00-04:00,38.15892825364218,38.480400847479345,38.15892825364218,38.318172454833984,10200
2024-04-03 20:00:00-04:00,38.766049334956755,38.786950065918255,37.83048629760742,37.83048629760742,5800
2024-04-04 20:00:00-04:00,38.041484239911014,38.51623263614642,38.03949477900855,38.387840270996094,26100
2024-04-07 20:00:00-04:00,38.52717971801758,38.625711189422724,38.412724965513746,38.52717971801758,8400
2024-04-08 20:00:00-04:00,38.666519542241964,38.678463901907925,38.32812512626374,38.616756439208984,7300
2024-04-09 20:00:00-04:00,37.999681192898834,38.328120672093156,37.96982409388506,38.089256286621094,13800
2024-04-10 20:00:00-04:00,38.17883207248372,38.53713245386836,38.04446753112397,38.407745361328125,6200
2024-04-11 20:00:00-04:00,38.19873943222066,38.20869053353326,37.66128884099267,37.71105194091797,7300
2024-04-14 20:00:00-04:00,38.0056553379959,38.10916425616969,37.0044059753418,37.0044059753418,7300
2024-04-15 20:00:00-04:00,36.84515851488543,37.21340997698863,36.8133081595445,37.03425979614258,5900
2024-04-16 20:00:00-04:00,37.283086243231935,37.283086243231935,36.795402498960534,36.899906158447266,6000
2024-04-17 20:00:00-04:00,37.034264362284894,37.307967115846125,36.88696451861843,36.93473815917969,3100
2024-04-18 20:00:00-04:00,36.715773849100955,36.75558584673062,36.20818416770648,36.39728546142578,9600
2024-04-21 20:00:00-04:00,36.71577706338163,36.909855822965525,36.38733754588635,36.78544616699219,14300
2024-04-22 20:00:00-04:00,36.984500612387286,37.61451050310049,36.984500612387286,37.53190231323242,15800
2024-04-23 20:00:00-04:00,37.56673781703059,37.56673781703059,37.22336975594344,37.3029899597168,9000
2024-04-24 20:00:00-04:00,36.735682615750115,37.25322723388672,36.705825513618834,37.25322723388672,7500
2024-04-25 20:00:00-04:00,37.61152896250547,37.949923386334696,37.30796909127566,37.89020538330078,5600
2024-04-28 20:00:00-04:00,37.979777953216015,37.979777953216015,37.69114665284915,37.820533752441406,7700
2024-04-29 20:00:00-04:00,37.61152802693428,37.750866233865956,37.20346450805664,37.20346450805664,7700
2024-04-30 20:00:00-04:00,36.93075526395789,37.51199679187957,36.79539978024917,36.8551139831543,13900
2024-05-01 20:00:00-04:00,37.09497916057488,37.472190856933594,36.93474021816932,37.472190856933594,8400
2024-05-02 20:00:00-04:00,37.92005832508296,38.01958831921695,37.721005930177135,37.73095703125,12200
2024-05-05 20:00:00-04:00,37.9698286009749,38.1987419128418,37.9698286009749,38.1987419128418,9300
2024-05-06 20:00:00-04:00,38.1420117255758,38.30822284330526,38.04944863337779,38.119117736816406,3500
2024-05-07 20:00:00-04:00,37.85835449005259,37.920061953315574,37.76081774414561,37.860347747802734,8100
2024-05-08 20:00:00-04:00,37.82551077284834,38.29826592072354,37.82551077284834,38.28831481933594,7000
2024-05-09 20:00:00-04:00,38.23855052795985,38.23855052795985,37.90015990418672,37.93996810913086,17000
2024-05-12 20:00:00-04:00,38.11911504286908,38.11911504286908,37.850389750019424,37.969825744628906,5700
2024-05-13 20:00:00-04:00,38.148977725505745,38.15892882718176,38.03949662366312,38.13902282714844,4800
2024-05-14 20:00:00-04:00,38.34305608050836,38.397796630859375,38.20769680036451,38.397796630859375,9400
2024-05-15 20:00:00-04:00,38.27836011815187,38.418696845539,38.15892791748047,38.15892791748047,8200
2024-05-16 20:00:00-04:00,38.136036625303625,38.30821990966797,38.136036625303625,38.30821990966797,5000
2024-05-19 20:00:00-04:00,38.2684082670656,38.40276901560376,38.14897606873378,38.258453369140625,4400
2024-05-20 20:00:00-04:00,38.02058300885776,38.14897537231445,37.98972738187096,38.14897537231445,10000
2024-05-21 20:00:00-04:00,38.01959140346214,38.01959140346214,37.75584354180306,37.83048629760742,7200
2024-05-22 20:00:00-04:00,37.62645436101664,37.6533272702959,37.193507417834816,37.29303741455078,3800
2024-05-23 20:00:00-04:00,37.55181013429,37.631434136585526,37.377637375120294,37.49209213256836,7100
2024-05-27 20:00:00-04:00,37.46223196417717,37.46223196417717,37.223367570201816,37.39256286621094,11700
2024-05-28 20:00:00-04:00,37.18853286237953,37.2711410491411,37.1536983135452,37.16663360595703,5000
2024-05-29 20:00:00-04:00,37.133795028680225,37.39157070889433,37.12384013018223,37.25322723388672,15200
2024-05-30 20:00:00-04:00,37.22336971328626,37.51199722290039,36.95464440708167,37.51199722290039,4500
2024-06-02 20:00:00-04:00,37.61152502719934,37.77076922194653,36.16538818533705,37.60157012939453,8900
2024-06-03 20:00:00-04:00,37.50204320699294,37.71105049668345,37.487114657255184,37.70109939575195,8300
2024-06-04 20:00:00-04:00,37.79067970543129,37.99968702396181,37.65432568476452,37.92006301879883,11300
2024-06-05 20:00:00-04:00,38.05940205165277,38.40874228578147,38.05940205165277,38.318172454833984,11500
2024-06-06 20:00:00-04:00,38.11911483077794,38.34205594478542,37.999682633514084,38.09920883178711,6300
2024-06-09 20:00:00-04:00,37.969826616693986,38.20172410802528,37.94992061713522,38.15892791748047,9600
2024-06-10 20:00:00-04:00,38.02954280609063,38.1987419128418,37.89020459857873,38.1987419128418,4600
2024-06-11 20:00:00-04:00,38.775998642370624,38.775998642370624,38.535140983859144,38.576942443847656,9300
2024-06-12 20:00:00-04:00,38.527180134721974,38.527180134721974,38.187790998792515,38.268409729003906,13300
2024-06-13 20:00:00-04:00,38.09025498859439,38.168880462646484,38.039497155642415,38.168880462646484,8900
2024-06-16 20:00:00-04:00,38.08925839232927,38.74614118371366,38.08925839232927,38.626708984375,6600
2024-06-17 20:00:00-04:00,38.69737190397883,38.86358300801509,38.56400588790953,38.64661407470703,5100
2024-06-19 20:00:00-04:00,38.57694228358923,38.70931736968414,38.442581533236094,38.49732208251953,10800
2024-06-20 20:00:00-04:00,38.4774203677549,38.74614569506642,38.4774203677549,38.73619079589844,3900
2024-06-23 20:00:00-04:00,38.78595243289109,38.8655726320179,38.661542786952054,38.726234436035156,4400
2024-06-24 20:00:00-04:00,38.682444424408715,38.73618644649143,38.57395805641214,38.706329345703125,4600
2024-06-25 20:00:00-04:00,38.51723040616577,38.78595571976868,38.498319136056615,38.696380615234375,11000
2024-06-26 20:00:00-04:00,38.67248030248106,38.791961669921875,38.60377766159766,38.791961669921875,7500
2024-06-27 20:00:00-04:00,38.45342642845568,38.567932091437996,38.264247287706674,38.32398986816406,8300
2024-06-30 20:00:00-04:00,38.244334436153004,38.244334436153004,37.07938256318792,37.94562911987305,7100
2024-07-01 20:00:00-04:00,37.8958424852757,38.24433135986328,37.8958424852757,38.24433135986328,5000
2024-07-02 20:00:00-04:00,38.14476923671863,38.26723602983484,38.124855041503906,38.124855041503906,6500
2024-07-04 20:00:00-04:00,38.09498310895913,38.49325942993164,38.09498310895913,38.49325942993164,13900
2024-07-07 20:00:00-04:00,38.40861908149264,38.421563496071826,38.265239179512086,38.39368438720703,9700
2024-07-08 20:00:00-04:00,38.393690602193274,38.463388385637614,38.20450764863494,38.28416442871094,6400
2024-07-09 20:00:00-04:00,38.26424671544253,38.33892399033642,37.956577558317804,38.25428771972656,11000
2024-07-10 20:00:00-04:00,38.52312241430959,38.58784448968835,38.234376117809084,38.37377166748047,5400
2024-07-11 20:00:00-04:00,38.4633887961184,38.77204932659611,38.4633887961184,38.61273956298828,7200
2024-07-14 20:00:00-04:00,38.48529352179247,38.861661558857215,38.48529352179247,38.712310791015625,7100
2024-07-15 20:00:00-04:00,38.75213420532865,39.32963445850959,38.75213420532865,39.319679260253906,6000
2024-07-16 20:00:00-04:00,38.93036505433818,39.14045735113066,38.6426138509556,38.75213623046875,5900
2024-07-17 20:00:00-04:00,38.72027336550443,38.83178981418016,38.075069427490234,38.075069427490234,3200
2024-07-18 20:00:00-04:00,38.14476978561314,38.3339489455087,38.03524360947829,38.19455337524414,4400
2024-07-21 20:00:00-04:00,38.274201307857204,38.37377227222298,38.0750669756135,38.314029693603516,6300
2024-07-22 20:00:00-04:00,38.483299617806395,38.51316900891307,38.32398986816406,38.32398986816406,5900
2024-07-23 20:00:00-04:00,38.03524307546896,38.03524307546896,37.437828613551346,37.50752639770508,4100
2024-07-24 20:00:00-04:00,37.328302358016494,37.66683604511585,37.01963806152344,37.01963806152344,16700
2024-07-25 20:00:00-04:00,37.388044179166464,37.4776561565155,37.35319528787763,37.46770095825195,3400
2024-07-28 20:00:00-04:00,37.48761184602442,37.7664029517413,37.48761184602442,37.66683578491211,33800
2024-07-29 20:00:00-04:00,37.826148986816406,38.00835836209429,37.55731305392235,37.826148986816406,3100
2024-07-30 20:00:00-04:00,38.144765615217395,38.60776016483053,38.05515364438118,38.353858947753906,10200
2024-07-31 20:00:00-04:00,38.46338538303713,38.752131692661166,37.56726566835831,37.706661224365234,7900
2024-08-01 20:00:00-04:00,36.78067374085238,36.920073101251646,36.467033726003464,36.68110656738281,12700
2024-08-04 20:00:00-04:00,34.878915397869626,36.22608058572652,34.878915397869626,35.83477783203125,11100
2024-08-05 20:00:00-04:00,35.97416927104622,36.89517890696818,35.97416927104622,36.48196792602539,6800
2024-08-06 20:00:00-04:00,36.76075954910583,37.03955447167986,36.06378173828125,36.06378173828125,18700
2024-08-07 20:00:00-04:00,36.32265564174866,37.04950658264807,36.32265564174866,36.97980880737305,17100
2024-08-08 20:00:00-04:00,36.95591683585661,37.358173682924345,36.90015861144106,37.328304290771484,6400
2024-08-11 20:00:00-04:00,37.13912084725016,37.37808737600186,37.06942306766511,37.12916564941406,12300
2024-08-12 20:00:00-04:00,37.407958898789076,38.17463831614453,37.407958898789076,38.15472412109375,18100
2024-08-13 20:00:00-04:00,38.13480882221518,38.2294002964073,38.0063673954853,38.01532745361328,3900
2024-08-14 20:00:00-04:00,38.4235579690822,38.9214014235672,38.4235579690822,38.85170364379883,5600
2024-08-15 20:00:00-04:00,38.80191914102311,39.0199725330756,38.773044889836314,38.941314697265625,5300
2024-08-18 20:00:00-04:00,39.09066497343701,39.359500885009766,39.045860887296875,39.359500885009766,7800
2024-08-19 20:00:00-04:00,39.40829259715083,39.40829259715083,39.175304493061724,39.2898063659668,6300
2024-08-20 20:00:00-04:00,39.2898021483173,39.62833582889289,39.2898021483173,39.57855224609375,8300
2024-08-21 20:00:00-04:00,39.6382998872982,39.70899281179704,39.35950495117425,39.459075927734375,11500
2024-08-22 20:00:00-04:00,39.49292830929523,39.92604969800555,39.49292830929523,39.837432861328125,5800
2024-08-25 20:00:00-04:00,39.8274745617811,40.010679060836296,39.7577767851575,39.89219284057617,14200
2024-08-26 20:00:00-04:00,39.70799477115759,40.089342277827235,39.693060075325626,39.986785888671875,3500
2024-08-27 20:00:00-04:00,39.857344832528774,39.9121079151202,39.411279052286204,39.55863952636719,5300
2024-08-28 20:00:00-04:00,39.74284423649002,39.96986149185872,39.683101654052734,39.683101654052734,89100
2024-08-29 20:00:00-04:00,39.83743403916166,39.94696021369263,39.49890031708611,39.84739303588867,4200
2024-09-02 20:00:00-04:00,39.727912549799015,39.727912549799015,39.1902406618677,39.269893646240234,11300
2024-09-03 20:00:00-04:00,39.060796304218286,39.2021859394654,38.95127013841611,39.0408821105957,24400
2024-09-04 20:00:00-04:00,39.06079919504454,39.190239564048966,38.94131782271049,39.130496978759766,5400
2024-09-05 20:00:00-04:00,39.09066360839674,39.09066360839674,38.30108467472675,38.37377166748047,4800
2024-09-08 20:00:00-04:00,38.592827158783166,38.78201012314012,38.533088368560584,38.562957763671875,3300
2024-09-09 20:00:00-04:00,38.51515972460543,38.657544500430205,38.30407610810675,38.652565002441406,2800
2024-09-10 20:00:00-04:00,38.374771464213055,39.03092956542969,38.04519780446436,39.03092956542969,2200
2024-09-11 20:00:00-04:00,39.242012782968466,39.60842561053791,39.24002250296508,39.563621520996094,4600
2024-09-12 20:00:00-04:00,39.790638687398534,40.20583996175865,39.790638687398534,40.066444396972656,2800
2024-09-15 20:00:00-04:00,40.116225884486845,40.19488372099984,40.02760905201379,40.146095275878906,3300
2024-09-16 20:00:00-04:00,40.28548955393487,40.484627686126984,40.28548955393487,40.395015716552734,3300
2024-09-17 20:00:00-04:00,40.47467625075288,40.82316516579733,40.36515007795482,40.52445983886719,3800
2024-09-18 20:00:00-04:00,41.29412488795994,41.45044922967228,41.231396882921196,41.24135208129883,4000
2024-09-19 20:00:00-04:00,41.151741270772796,41.25130844116211,41.10095874738433,41.25130844116211,6400
2024-09-22 20:00:00-04:00,41.34092501739716,41.46040639481821,41.28815220823265,41.42057800292969,5700
2024-09-23 20:00:00-04:00,41.6595437932696,41.76906996983544,41.49525452842083,41.73919677734375,7300
2024-09-24 20:00:00-04:00,41.719282932979205,41.7521377446388,41.57988357543945,41.57988357543945,4400
2024-09-25 20:00:00-04:00,41.9582476475844,41.9582476475844,41.57988554143206,41.75910949707031,4700
2024-09-26 20:00:00-04:00,41.83876072840615,41.91841369910256,41.629667407303806,41.67945098876953,9500
2024-09-29 20:00:00-04:00,41.72426208022012,41.76906996983544,41.56097175365811,41.73919677734375,4200
2024-09-30 20:00:00-04:00,41.510185795791635,41.72226835285949,41.241349875045444,41.57988357543945,40200
2024-10-01 20:00:00-04:00,41.26126768774808,41.40066705751368,41.052174330466364,41.35087966918945,5800
2024-10-02 20:00:00-04:00,41.080052979241955,41.18659373501467,40.97252088167756,41.1517448425293,2300
2024-10-03 20:00:00-04:00,41.49026921897141,41.692396566585536,41.36083266319883,41.68940734863281,4800
2024-10-06 20:00:00-04:00,41.46040177792612,41.629670525480854,41.17165166625539,41.25130844116211,11300
2024-10-07 20:00:00-04:00,41.42057724455826,41.74816063421348,41.42057724455826,41.73919677734375,5800
2024-10-08 20:00:00-04:00,41.83876855237686,42.027947716621206,41.818854356417795,41.90846633911133,5800
2024-10-09 20:00:00-04:00,41.688416887414846,41.94829276451661,41.670496770662936,41.72924041748047,14200
2024-10-10 20:00:00-04:00,42.242015994616764,42.242015994616764,42.15738351965174,42.227081298828125,1900
2024-10-13 20:00:00-04:00,42.16734154099139,42.52081375679713,42.16734154099139,42.446136474609375,2900
2024-10-14 20:00:00-04:00,42.484966162183596,42.67514425789966,42.446136709966595,42.54570388793945,6000
2024-10-15 20:00:00-04:00,42.51085315309097,42.72492599487305,42.38639228689777,42.72492599487305,10500
2024-10-16 20:00:00-04:00,42.81453903337761,42.81453903337761,42.37643814086914,42.37643814086914,31400
2024-10-17 20:00:00-04:00,42.59548704053491,42.83445358276367,42.59548704053491,42.83445358276367,3100
2024-10-20 20:00:00-04:00,42.77471105876189,42.77969055708994,42.56163334960437,42.705013275146484,3300
2024-10-21 20:00:00-04:00,42.44613696060085,42.65523031452511,42.44613696060085,42.6452751159668,4500
2024-10-22 20:00:00-04:00,42.60743667511503,42.724927768063544,42.255958536293186,42.43120193481445,3600
2024-10-23 20:00:00-04:00,42.55068196932437,42.64029394581351,42.43617630004883,42.43617630004883,1800
2024-10-24 20:00:00-04:00,42.54868909668671,42.700030129435405,42.31669235229492,42.31669235229492,5700
2024-10-27 20:00:00-04:00,42.67514180034059,42.814537360772874,42.66518280417019,42.78466796875,5300
2024-10-28 20:00:00-04:00,42.30773505176277,42.76873555430543,42.30773505176277,42.665184020996094,2400
2024-10-29 20:00:00-04:00,42.59548779166758,42.87428272889149,42.51583480834961,42.51583480834961,6100
2024-10-30 20:00:00-04:00,42.60544542893496,42.60544542893496,42.256952718086666,42.2768669128418,3500
2024-10-31 20:00:00-04:00,42.38639567818395,42.80458619713904,42.37644047931944,42.39635467529297,15000
2024-11-03 19:00:00-05:00,42.32665012897941,42.73588056050115,42.27786168164321,42.43617630004883,4500
2024-11-04 19:00:00-05:00,42.68509339748958,43.013671875,42.68509339748958,43.013671875,6300
2024-11-05 19:00:00-05:00,43.710656374505504,43.76043995979428,43.41194726628466,43.720611572265625,6400
2024-11-06 19:00:00-05:00,43.9097968240703,44.39270564486276,43.9097968240703,44.35785675048828,7300
2024-11-07 19:00:00-05:00,44.178629840877676,44.45642583730269,44.178629840877676,44.397682189941406,4900
2024-11-10 19:00:00-05:00,44.781017590298795,45.24401215881471,44.781017590298795,45.12453079223633,5100
2024-11-11 19:00:00-05:00,45.17431937592981,45.51982289602963,45.12453578420179,45.13449478149414,14000
2024-11-12 19:00:00-05:00,45.35354116658724,45.67216069623802,45.29380237868047,45.34358596801758,6100
2024-11-13 19:00:00-05:00,45.30375825501357,45.4630680222223,45.015008114996355,45.15440368652344,11200
2024-11-14 19:00:00-05:00,44.865654047377376,44.865654047377376,44.58188342669723,44.73621368408203,11600
2024-11-17 19:00:00-05:00,44.6067766800195,45.04587652937049,44.6067766800195,45.024967193603516,6500
2024-11-18 19:00:00-05:00,44.547036431432396,45.128517253657435,44.547036431432396,45.04487991333008,8500
2024-11-19 19:00:00-05:00,44.659546253258426,45.15440049722757,44.659546253258426,45.094661712646484,17000
2024-11-20 19:00:00-05:00,45.363498790287295,45.72194290161133,45.14444644594126,45.72194290161133,3700
2024-11-21 19:00:00-05:00,45.98082345800864,46.30939817501494,45.98082345800864,46.11026382446289,15600
2024-11-24 19:00:00-05:00,46.801270555155405,46.801270555155405,46.418924096093065,46.628021240234375,4800
2024-11-25 19:00:00-05:00,46.61208908060653,46.652912611084574,46.448798756938714,46.60810852050781,4900
2024-11-26 19:00:00-05:00,46.777371061591964,46.84706884215594,46.52645905156164,46.717628479003906,13700
2024-11-28 19:00:00-05:00,46.78733210278127,46.89486419824675,46.68776112744915,46.767417907714844,5700
2024-12-01 19:00:00-05:00,46.73754201135098,46.90681076049805,46.73754201135098,46.90681076049805,11900
2024-12-02 19:00:00-05:00,46.82217999523758,47.04620803802572,46.69771912741212,46.98646545410156,42700
2024-12-03 19:00:00-05:00,46.916767132113506,47.534095764160156,46.916767132113506,47.534095764160156,6100
2024-12-04 19:00:00-05:00,47.48431215989564,47.48431215989564,47.0422268841784,47.04621124267578,13800
2024-12-05 19:00:00-05:00,47.35487546328477,47.79297637939453,47.35487546328477,47.79297637939453,19300
2024-12-08 19:00:00-05:00,47.81288490022268,47.81288490022268,47.243353397055714,47.3548698425293,12900
2024-12-09 19:00:00-05:00,47.220453913561,47.31006589302033,46.93668327831387,47.09599304199219,4800
2024-12-10 19:00:00-05:00,47.14577417698888,47.62370724139133,47.07607639639773,47.334957122802734,72300
2024-12-11 19:00:00-05:00,47.40465612574083,47.58388007995206,47.21547317504883,47.21547317504883,6800
2024-12-12 19:00:00-05:00,47.30508175797253,47.30508175797253,46.9117887848193,46.92672348022461,7700
2024-12-15 19:00:00-05:00,47.076074981993195,47.305082511089886,46.99841228570274,47.22542953491211,14500
2024-12-16 19:00:00-05:00,47.0362548828125,47.19556464861883,46.94166340371847,47.0362548828125,11800
2024-12-17 19:00:00-05:00,47.07607982221983,47.07607982221983,45.17431781717146,45.283843994140625,11100
2024-12-18 19:00:00-05:00,45.7717287520544,45.7717287520544,45.191243097608,45.253971099853516,6100
2024-12-19 19:00:00-05:00,45.09466176765069,45.99077772165769,45.08470277137891,45.58254623413086,19100
2024-12-22 19:00:00-05:00,45.72194703246664,45.72194703246664,45.19323897685701,45.69207763671875,5300
2024-12-23 19:00:00-05:00,45.682115814939905,46.11623612166455,45.682115814939905,46.09034729003906,3900
2024-12-25 19:00:00-05:00,45.9668818628625,46.208833810331804,45.901164643429304,46.06047439575195,5400
2024-12-26 19:00:00-05:00,45.81155432595108,45.81155432595108,45.27388626633379,45.652244567871094,3000
2024-12-29 19:00:00-05:00,45.07866399455657,45.25722384451467,44.64972308144224,45.128543853759766,5100
2024-12-30 19:00:00-05:00,45.177419698847935,45.177419698847935,44.7674292039461,44.84922790527344,6000
2025-01-01 19:00:00-05:00,45.208340922789645,45.208340922789645,44.589869535473795,44.889129638671875,9200
2025-01-02 19:00:00-05:00,45.18839106513659,45.42780143788499,45.03876291180528,45.28814697265625,20200
2025-01-05 19:00:00-05:00,45.76696347184696,45.806862029171576,45.487650738782136,45.67718505859375,5800
2025-01-06 19:00:00-05:00,45.78691361139606,46.13604976315997,44.91905436792807,45.0188102722168,8400
2025-01-07 19:00:00-05:00,45.08863864028283,45.3080940246582,44.870176438881956,45.3080940246582,9700
2025-01-09 19:00:00-05:00,44.839256901040315,44.906089366494214,44.34048875710282,44.55994415283203,17600
2025-01-12 19:00:00-05:00,44.16092987927272,44.56991958618164,44.04322057230286,44.56991958618164,5400
2025-01-13 19:00:00-05:00,44.86718462137003,45.01282481776983,44.560941794158595,44.75944900512695,7600
2025-01-14 19:00:00-05:00,45.5874064729843,45.60935163075456,45.347996103448004,45.56745529174805,35300
2025-01-15 19:00:00-05:00,45.567455606422854,45.77194855623383,45.53753073701119,45.54750442504883,7100
2025-01-16 19:00:00-05:00,46.076197777145296,46.076197777145296,45.8268137159467,46.006370544433594,5200
2025-01-20 19:00:00-05:00,46.06622269047948,46.26573069444114,46.001384206443866,46.21585464477539,8800
2025-01-21 19:00:00-05:00,46.34753114477976,46.51511650452824,46.16597653308676,46.225830078125,8100
2025-01-22 19:00:00-05:00,46.05624680940215,46.61287450241484,46.05624680940215,46.59491729736328,7800
2025-01-23 19:00:00-05:00,46.74953865904546,46.858267463269165,46.60489544421514,46.79442596435547,6100
2025-01-26 19:00:00-05:00,46.046273005381714,47.01388438258482,46.046273005381714,46.96400833129883,4200
2025-01-27 19:00:00-05:00,46.93408188707065,47.55255332407027,46.89916826898113,47.30316925048828,4200
2025-01-28 19:00:00-05:00,47.36301838756849,47.71215834125043,47.33309351922095,47.58247756958008,5200
2025-01-29 19:00:00-05:00,47.84183648476149,48.28673678916195,47.84183648476149,48.11117172241211,3500
2025-01-30 19:00:00-05:00,48.26080797442355,48.308690052399186,47.722137451171875,47.722137451171875,4700
2025-02-02 19:00:00-05:00,46.8842025676947,47.88173879253927,46.87422887977768,47.632354736328125,17800
2025-02-03 19:00:00-05:00,47.76203604859462,48.200950622558594,47.76203604859462,48.200950622558594,6300
2025-02-04 19:00:00-05:00,48.06129535817278,48.13112258911133,47.83784821916943,48.13112258911133,13300
2025-02-05 19:00:00-05:00,48.26180069845706,48.372527280498566,48.12414021210288,48.350582122802734,5500
2025-02-06 19:00:00-05:00,48.36055451665615,48.36055451665615,48.190975189208984,48.190975189208984,9100
2025-02-09 19:00:00-05:00,48.325644589422026,48.5730346818116,48.325644589422026,48.56006622314453,6100
2025-02-10 19:00:00-05:00,48.275766773229414,48.37053393368928,48.18798233600453,48.3106803894043,4200
2025-02-11 19:00:00-05:00,47.971519979818375,48.570040227226016,47.95156879753159,48.54011535644531,3200
2025-02-12 19:00:00-05:00,48.709697292452496,49.33814239501953,48.666800158687806,49.33814239501953,3700
2025-02-13 19:00:00-05:00,49.46782319815634,49.577552795410156,49.36008757749292,49.577552795410156,3300
2025-02-17 19:00:00-05:00,49.64737715215505,49.64737715215505,49.328165872440586,49.517696380615234,11600
2025-02-18 19:00:00-05:00,49.338141450889985,49.45784853934439,49.14362218877504,49.39799499511719,4800
2025-02-19 19:00:00-05:00,48.929152788436106,48.929152788436106,48.40245376496339,48.729644775390625,8100
2025-02-20 19:00:00-05:00,48.72964513406733,48.72964513406733,47.14356231689453,47.14356231689453,5200
2025-02-23 19:00:00-05:00,47.27324117336843,47.44980703380318,46.744548190925286,47.02385711669922,8900
2025-02-24 19:00:00-05:00,46.79741581335865,46.921110855034996,46.2358031844321,46.74454879760742,6900
2025-02-25 19:00:00-05:00,47.1286005220346,47.552552680324915,46.95902118083804,47.10366439819336,5300
2025-02-26 19:00:00-05:00,47.063758753453016,47.17348834554356,46.34553146362305,46.34553146362305,5300
2025-02-27 19:00:00-05:00,46.175953464267565,46.98395538330078,46.175953464267565,46.98395538330078,3700
2025-03-02 19:00:00-05:00,47.1335872736175,47.36202316358295,46.06123505606804,46.26573181152344,6200
2025-03-03 19:00:00-05:00,45.89663981072858,46.3315664246202,45.10858908890648,45.71708679199219,31200
2025-03-04 19:00:00-05:00,45.896641313586954,46.465240478515625,45.64725725040548,46.465240478515625,6600
2025-03-05 19:00:00-05:00,45.382911239423386,45.94053592855334,44.689623840761016,44.74947738647461,5600
2025-03-06 19:00:00-05:00,44.49011597277479,44.739500039450206,43.53747081683011,44.61979675292969,5200
2025-03-09 20:00:00-04:00,44.041230347749604,44.041230347749604,42.65465165712791,43.13347244262695,16600
2025-03-10 20:00:00-04:00,43.10354022257801,43.2232473117637,42.34541435089592,42.634700775146484,11500
2025-03-11 20:00:00-04:00,43.49257957830145,43.49257957830145,42.71450251025561,42.94393539428711,8300
2025-03-12 20:00:00-04:00,42.53993044121478,42.594795235007915,41.675066003115894,41.74688720703125,45500
2025-03-13 20:00:00-04:00,42.26560792157713,42.864131927490234,42.26560792157713,42.864131927490234,9200
2025-03-16 20:00:00-04:00,42.993809157587314,43.90156695708147,42.993809157587314,43.69208526611328,6400
2025-03-17 20:00:00-04:00,43.48260394654281,43.48260394654281,42.65963580465437,42.8242301940918,4500
2025-03-18 20:00:00-04:00,42.90403292198468,43.552433013916016,42.879096798632766,43.552433013916016,26400
2025-03-19 20:00:00-04:00,43.28309603206887,43.98935185938255,43.28309603206887,43.542457580566406,3900
2025-03-20 20:00:00-04:00,42.914010105164955,43.572383880615234,42.83520617188865,43.572383880615234,6000
2025-03-23 20:00:00-04:00,44.14197710188648,44.59984588623047,44.14197710188648,44.59984588623047,6600
2025-03-24 20:00:00-04:00,44.76743158498506,44.819305419921875,44.59984622035643,44.819305419921875,5900
2025-03-25 20:00:00-04:00,44.73949919289876,44.87217474075307,43.60230847922437,44.07115173339844,6700
2025-03-26 20:00:00-04:00,43.861671771141005,44.49011689233715,43.71203980592348,44.08112716674805,10500
2025-03-27 20:00:00-04:00,43.76191254916623,43.80181491091263,42.61474818869721,42.844181060791016,17200
2025-03-30 20:00:00-04:00,41.82769191287355,43.07361522688936,41.82769191287355,43.003787994384766,3700
2025-03-31 20:00:00-04:00,42.81425652943178,43.30305099487305,42.81425652943178,43.30305099487305,5100
2025-04-01 20:00:00-04:00,43.313023060816676,44.119034833628405,43.313023060816676,43.94646072387695,4300
2025-04-02 20:00:00-04:00,41.65711174081378,41.75587065979369,40.88901218407292,40.958839416503906,8700
2025-04-03 20:00:00-04:00,39.55231421179244,39.92140156232841,38.70440610802746,38.74430847167969,11400
2025-04-06 20:00:00-04:00,37.287908891431776,39.093447204166786,36.78116101677192,38.5847053527832,12600
2025-04-07 20:00:00-04:00,40.20070991816702,40.20070991816702,37.55125541672823,37.936302185058594,15900
2025-04-08 20:00:00-04:00,37.74677026676799,42.006250331996696,37.68691672437439,41.64713668823242,9200
2025-04-09 20:00:00-04:00,40.83913111739434,40.83913111739434,39.66203808373214,40.19073486328125,25000
2025-04-10 20:00:00-04:00,40.2406122194245,40.77130299270195,39.70493650474413,40.58974838256836,7600
2025-04-13 20:00:00-04:00,41.029662931971416,41.42767814998673,40.809206756814866,41.06357955932617,8200
2025-04-14 20:00:00-04:00,41.30797735649624,41.30797735649624,41.048619597061425,41.20822525024414,5600
2025-04-15 20:00:00-04:00,41.01769598487775,41.075551752762806,40.00320323835335,40.48002624511719,2600
2025-04-16 20:00:00-04:00,40.71144916192974,41.04861765803712,40.64162192979193,40.8491096496582,3200
2025-04-20 20:00:00-04:00,40.45009515295563,40.524911134571546,39.644087182962785,40.031131744384766,4700
2025-04-21 20:00:00-04:00,40.45009413046163,41.42767919771458,40.45009413046163,41.17829513549805,3900
2025-04-22 20:00:00-04:00,42.415241510185865,42.86413358060822,41.68704050941129,41.916473388671875,47400
2025-04-23 20:00:00-04:00,41.79677172418044,42.57484880618902,41.79677172418044,42.53494644165039,8100
2025-04-24 20:00:00-04:00,42.69455021890936,42.89405822753906,42.62472298668378,42.89405822753906,7700
2025-04-27 20:00:00-04:00,43.05366482230091,43.05366482230091,42.44516709495326,42.834205627441406,2900
2025-04-28 20:00:00-04:00,42.63470270953687,43.23621392640668,42.63470270953687,43.23322296142578,3800
2025-04-29 20:00:00-04:00,42.016222806690465,43.05366134643555,42.016222806690465,43.05366134643555,8700
2025-04-30 20:00:00-04:00,43.3130219838038,43.72201549783588,43.3130219838038,43.35292434692383,4500
2025-05-01 20:00:00-04:00,43.74196421701244,44.310559590383406,43.74196421701244,44.23075866699219,5600
2025-05-04 20:00:00-04:00,44.04122623486987,44.42028726381684,44.01129756025919,44.111053466796875,5700
2025-05-05 20:00:00-04:00,43.622262172702676,44.02925792896588,43.5973260482504,43.91154861450195,45000
2025-05-06 20:00:00-04:00,44.12601701669901,44.290611412672106,43.971400114281224,44.16093063354492,8400
2025-05-07 20:00:00-04:00,44.59984651761878,44.84923058958753,44.37240760469306,44.55994415283203,5500
2025-05-08 20:00:00-04:00,44.10606394230408,44.3604367428657,44.10606394230408,44.28063201904297,3000
2025-05-11 20:00:00-04:00,45.84676805795285,45.84676805795285,45.268198974843465,45.80686569213867,6600
2025-05-12 20:00:00-04:00,46.016347600764846,46.52409241817396,46.016347600764846,46.395408630371094,4200
2025-05-13 20:00:00-04:00,46.52509181590825,46.66474628723764,46.47122400402435,46.604896545410156,4100
2025-05-14 20:00:00-04:00,46.32757694654322,46.45525993461897,46.16597352705222,46.295654296875,5600
2025-05-15 20:00:00-04:00,46.38543531241696,46.854278564453125,46.38543531241696,46.854278564453125,3700
2025-05-18 20:00:00-04:00,46.1161000700961,46.875226734234786,46.1161000700961,46.854278564453125,3900
2025-05-19 20:00:00-04:00,46.69467225990161,46.806395830496506,46.59491635379993,46.65476989746094,3600
2025-05-20 20:00:00-04:00,46.126074719040915,46.34652707964448,45.60735544788846,45.70710754394531,4800
2025-05-21 20:00:00-04:00,45.70710754394531,46.44428519926379,45.70710754394531,45.70710754394531,4600
2025-05-22 20:00:00-04:00,45.29811974046568,45.7859133705757,45.29811974046568,45.587406158447266,7900
2025-05-26 20:00:00-04:00,46.07620035043256,46.66474691994265,46.03630179043959,46.56499481201172,6800
2025-05-27 20:00:00-04:00,46.604895421349966,46.717615984018714,46.47621162998648,46.555015563964844,4500
2025-05-28 20:00:00-04:00,46.71462242505332,46.71462242505332,46.1859256474607,46.235801696777344,3200
2025-05-29 20:00:00-04:00,45.7729524168415,46.574968652143845,45.7729524168415,46.4353141784668,4300
2025-06-01 20:00:00-04:00,46.355508085449245,46.88420104980469,46.17096251992018,46.88420104980469,3200
2025-06-02 20:00:00-04:00,46.90415638096883,47.23234438656745,46.839317892622894,47.10366439819336,2700
2025-06-03 20:00:00-04:00,47.23932665778092,47.61240577119987,47.23932665778092,47.49270248413086,11200
2025-06-04 20:00:00-04:00,47.667269134778024,47.88173957885359,47.46277618408203,47.46277618408203,4800
2025-06-05 20:00:00-04:00,47.68223078651061,47.821885249141054,47.363019498984244,47.632354736328125,3400
2025-06-08 20:00:00-04:00,47.64232856582868,47.70218210940476,47.432846871260466,47.5026741027832,5300
2025-06-09 20:00:00-04:00,47.637343940021616,47.637343940021616,47.38297113476188,47.482723236083984,5800
2025-06-10 20:00:00-04:00,47.692209062928185,47.76502726022472,47.336086372073595,47.46277618408203,2500
2025-06-11 20:00:00-04:00,47.0837146437483,47.20541191228946,47.06376346089094,47.13359069824219,2600
2025-06-12 20:00:00-04:00,46.72858996266924,46.73557268599209,46.10612679334734,46.225830078125,3900
2025-06-15 20:00:00-04:00,46.666741872767815,47.03183745768852,46.666741872767815,46.98395538330078,4400
2025-06-16 20:00:00-04:00,46.61486846209492,46.8073937496663,46.245781115425146,46.35551071166992,2800
2025-06-17 20:00:00-04:00,46.383440802746826,46.60090220960486,46.285682678222656,46.285682678222656,2900
2025-06-19 20:00:00-04:00,46.60489574643049,46.754523903732974,46.44030134862877,46.53506851196289,4000
2025-06-22 20:00:00-04:00,46.27570492467542,46.865248438609896,45.98641850580508,46.78445053100586,6600
2025-06-23 20:00:00-04:00,47.32910538881525,47.64233095813101,47.32910538881525,47.47275161743164,4000
2025-06-24 20:00:00-04:00,47.432847942416025,47.5206323805836,47.073734283447266,47.073734283447266,3000
2025-06-25 20:00:00-04:00,47.372998270723365,47.791961669921875,47.293193544038616,47.791961669921875,4500
2025-06-26 20:00:00-04:00,48.109294861099535,48.47852472155943,48.109294861099535,48.31885528564453,5100
2025-06-29 20:00:00-04:00,48.51843958087967,48.69307327270508,48.42862742412247,48.69307327270508,15400
2025-06-30 20:00:00-04:00,48.71802084315017,48.89764515028135,48.62820868958458,48.777896881103516,10000
2025-07-01 20:00:00-04:00,48.61024872557781,48.847750538912855,48.61024872557781,48.757938385009766,5700
2025-07-02 20:00:00-04:00,48.93756444507882,49.22695959654297,48.93756444507882,49.187042236328125,2100
2025-07-06 20:00:00-04:00,49.00741703206962,49.1571014200634,48.82779272109395,49.0772705078125,9800
2025-07-07 20:00:00-04:00,49.25689667757858,49.25689667757858,48.70106093959388,48.877689361572266,6600
2025-07-08 20:00:00-04:00,48.97748020575096,48.990449731004674,48.74795729537601,48.947540283203125,8500
2025-07-09 20:00:00-04:00,48.9774829073549,49.20101403882141,48.86970679369549,49.067291259765625,3300
2025-07-10 20:00:00-04:00,48.80783484561897,48.80783484561897,48.538398374715605,48.57831573486328,5600
2025-07-13 20:00:00-04:00,48.47852628793264,48.80883235632248,48.47852628793264,48.76791763305664,4700
2025-07-14 20:00:00-04:00,48.797855267722504,48.797855267722504,48.18912887573242,48.18912887573242,6300
2025-07-15 20:00:00-04:00,48.41864987505728,48.41864987505728,48.08933736546912,48.29391098022461,3300
2025-07-16 20:00:00-04:00,48.5573588454601,48.857728790868755,48.48151738519299,48.77290725708008,6300
2025-07-17 20:00:00-04:00,48.67012314071172,48.728004455566406,48.5104575051346,48.728004455566406,23500
2025-07-20 20:00:00-04:00,48.90463068148141,49.02737484671903,48.757938385009766,48.757938385009766,5900
2025-07-21 20:00:00-04:00,48.85772809338224,49.285832821579746,48.807833298144075,49.199012756347656,2700
2025-07-22 20:00:00-04:00,49.33672605226232,49.346707295564244,49.06728958404455,49.33073806762695,9400
2025-07-23 20:00:00-04:00,49.21697774887632,49.35668470118407,48.87768780467364,48.94255065917969,7800
2025-07-24 20:00:00-04:00,49.19701776814573,49.236935126815,49.00542129864512,49.16608428955078,3000
2025-07-27 20:00:00-04:00,49.216976907449535,49.34670642097268,49.01739391896675,49.13714599609375,8300
2025-07-28 20:00:00-04:00,49.07727078599667,49.07727078599667,48.37773485489585,48.428627014160156,14000
2025-07-29 20:00:00-04:00,48.588291669496236,48.59328229104266,48.23902429582361,48.265968322753906,7100
2025-07-30 20:00:00-04:00,48.66812575081033,49.007415683681515,48.231040954589844,48.231040954589844,2600
2025-07-31 20:00:00-04:00,47.690176061056334,47.690176061056334,47.20119790937979,47.375831604003906,7000
2025-08-03 20:00:00-04:00,47.959611746613874,48.26896177007885,47.83985966650262,48.26297378540039,5200
2025-08-04 20:00:00-04:00,48.1292556144551,48.219067772662754,47.859819139832126,47.8897590637207,2900
2025-08-05 20:00:00-04:00,47.85483162312646,48.398691379438695,47.846845105720575,48.27395248413086,3400
2025-08-06 20:00:00-04:00,48.737979120011495,48.737979120011495,48.024472518890256,48.30388641357422,5100
2025-08-07 20:00:00-04:00,48.558356749391024,48.558356749391024,48.08933728742805,48.1991081237793,7500
2025-08-10 20:00:00-04:00,48.17914821240271,48.17914821240271,47.91969299316406,47.91969299316406,3900
2025-08-11 20:00:00-04:00,48.49847888681621,48.92758097275551,48.49847888681621,48.91261291503906,4600
2025-08-12 20:00:00-04:00,49.0573122050302,49.55127716064453,49.0573122050302,49.55127716064453,4700
2025-08-13 20:00:00-04:00,49.137148327826594,49.39660356045608,49.137148327826594,49.29681396484375,10500
2025-08-14 20:00:00-04:00,49.48142360683889,49.69497729401448,49.396602072450634,49.498390197753906,8200
2025-08-17 20:00:00-04:00,49.42653996402585,49.78479123805732,49.42653996402585,49.67601776123047,5000
2025-08-18 20:00:00-04:00,49.666038098749,49.815722486326905,49.33672559396556,49.40159225463867,12800
2025-08-19 20:00:00-04:00,49.0573120049793,49.09922409057617,48.75793942118322,49.09922409057617,4100
2025-08-20 20:00:00-04:00,48.84775132822615,48.940555572509766,48.728003056663354,48.940555572509766,5100
2025-08-21 20:00:00-04:00,48.96749927415442,50.043246598570875,48.96749927415442,49.966407775878906,15800
2025-08-24 20:00:00-04:00,49.875598202840465,50.005327716618794,49.66603777754931,49.703956604003906,4500
2025-08-25 20:00:00-04:00,49.5961857579221,49.82570486950924,49.581217699494744,49.711944580078125,9400
2025-08-26 20:00:00-04:00,49.56624610962171,49.745870425205595,49.56624610962171,49.661048889160156,3400
2025-08-27 20:00:00-04:00,49.795767548680104,49.83568110127835,49.61614323843682,49.82071304321289,5300
2025-08-28 20:00:00-04:00,49.725916029271225,49.725916029271225,49.40658094882135,49.54828643798828,10200
2025-09-01 20:00:00-04:00,48.907624543532535,49.06130599975586,48.72800403594298,49.06130599975586,10100
2025-09-02 20:00:00-04:00,49.17706177412447,49.39959554110032,49.027377381034434,49.369659423828125,2800
2025-09-03 20:00:00-04:00,49.54628936792926,50.0701904296875,49.516349445308165,50.0701904296875,7500
2025-09-04 20:00:00-04:00,49.66603973241285,49.95543488733635,49.66603973241285,49.94545364379883,19400
2025-09-07 20:00:00-04:00,50.09514092084957,50.11509960082817,49.88657785415738,50.04524612426758,4600
2025-09-08 20:00:00-04:00,50.04524619439567,50.140045166015625,49.84566320105904,50.140045166015625,4100
2025-09-09 20:00:00-04:00,50.1450371699761,50.1450371699761,49.5363107365475,49.58121871948242,3600
2025-09-10 20:00:00-04:00,49.74088409130793,50.09514210415578,49.74088409130793,50.02029800415039,4700
2025-09-11 20:00:00-04:00,49.81572161318525,49.81572161318525,49.6859959075706,49.763832092285156,4400
2025-09-14 20:00:00-04:00,49.83568262148646,50.02828026972259,49.83568262148646,49.96541213989258,4800
2025-09-15 20:00:00-04:00,49.98936390226613,49.98936390226613,49.69597549070044,49.943458557128906,9500
2025-09-16 20:00:00-04:00,49.96541014483728,50.18495181233868,49.96541014483728,49.97539138793945,5100
2025-09-17 20:00:00-04:00,50.165993239999466,50.59409799235377,50.165993239999466,50.399505615234375,5400
2025-09-18 20:00:00-04:00,50.57613227040207,50.75376185653289,50.40449066890508,50.61006164550781,3900
2025-09-21 20:00:00-04:00,50.3945128862249,50.63401323628848,50.3945128862249,50.52424240112305,7200
2025-09-22 20:00:00-04:00,50.53421989577627,50.53721579144053,50.10511779785156,50.10511779785156,2700
2025-09-23 20:00:00-04:00,50.075182254180866,50.0911476754764,49.83568190110306,49.91950607299805,3400
2025-09-24 20:00:00-04:00,49.4365190509333,49.626120798114655,49.4365190509333,49.58021545410156,3200
2025-09-25 20:00:00-04:00,49.49639234241918,49.79576873779297,49.48042692099863,49.79576873779297,3300
2025-09-28 20:00:00-04:00,49.915517526644344,50.07518316268334,49.745870647067825,49.94545364379883,8600
2025-09-29 20:00:00-04:00,49.596184992136166,49.596184992136166,48.97847850705735,49.36167526245117,2700
2025-09-30 20:00:00-04:00,49.167083442168554,49.43651991290027,49.09722996531911,49.30179977416992,181000
2025-10-01 20:00:00-04:00,49.321756694218955,49.685995930561155,49.127164328978104,49.59618377685547,15400
2025-10-02 20:00:00-04:00,49.676014524196056,49.76782521024497,49.39260736913943,49.406578063964844,7900
2025-10-05 20:00:00-04:00,49.49639159294631,49.62612110852866,48.89764642472291,49.36167526245117,8400
2025-10-06 20:00:00-04:00,49.44649701577083,49.44649701577083,48.897646641346405,49.13215637207031,6800
2025-10-07 20:00:00-04:00,49.16708462912828,49.296814149292956,49.00741899151372,49.27685546875,57100
2025-10-08 20:00:00-04:00,49.28683242336875,49.28683242336875,48.8477528759075,48.917606353759766,11100
2025-10-09 20:00:00-04:00,49.03735160697515,49.03735160697515,47.41075542281342,47.485599517822266,5200
2025-10-12 20:00:00-04:00,47.88975953438142,48.24900436401367,47.8698008538359,48.24900436401367,4600
2025-10-13 20:00:00-04:00,47.839859617938195,48.80484257187383,47.60834578207027,48.59827423095703,3700
2025-10-14 20:00:00-04:00,48.93756281368711,49.176061990571526,48.478524606705925,48.51744079589844,3400
2025-10-15 20:00:00-04:00,48.66812717521162,48.745963361643206,47.6801934631129,47.89274978637695,2400
2025-10-16 20:00:00-04:00,47.80992474511426,48.23802949640177,47.772005916841316,48.154205322265625,4200
2025-10-19 20:00:00-04:00,48.47852727131225,48.89265752062907,48.47852727131225,48.84675598144531,2400
2025-10-20 20:00:00-04:00,48.9655050897419,49.34670711850821,48.9655050897419,49.30878448486328,8800
2025-10-21 20:00:00-04:00,48.37873419385082,48.887671034196586,48.318858151830995,48.54438781738281,5700
2025-10-22 20:00:00-04:00,48.698065344556326,48.792868125825635,48.438610109936505,48.74297332763672,6800
2025-10-23 20:00:00-04:00,49.167082683152294,49.167082683152294,48.951534271240234,48.951534271240234,3800
2025-10-26 20:00:00-04:00,49.2369376238091,49.45947138991904,49.2369376238091,49.4315299987793,10000
2025-10-27 20:00:00-04:00,49.695976230597985,49.695976230597985,49.296814040804556,49.349700927734375,6400
2025-10-28 20:00:00-04:00,48.857731085794555,48.857731085794555,48.05940289290166,48.19811248779297,8100
2025-10-29 20:00:00-04:00,46.9716781299458,47.71013406540195,46.95171944988169,47.03654098510742,5600
2025-10-30 20:00:00-04:00,47.211179553197375,47.3588692209418,47.001615311142615,47.16826629638672,8900
2025-11-02 19:00:00-05:00,47.38082026720724,47.38082026720724,46.767107050507235,47.13433837890625,6200
2025-11-03 19:00:00-05:00,46.572513606050116,46.70723374903532,46.392893093285025,46.44677734375,7700
2025-11-04 19:00:00-05:00,46.55255723535326,46.90182461940189,46.49268119520393,46.732181549072266,5200
2025-11-05 19:00:00-05:00,46.36295010462554,46.36295010462554,45.56661668929427,45.60154342651367,7700
2025-11-06 19:00:00-05:00,45.40495745804806,45.95380783081055,45.32013592366446,45.95380783081055,6500
2025-11-09 19:00:00-05:00,46.36295150896769,46.626399993896484,46.24320323583523,46.626399993896484,4700
2025-11-10 19:00:00-05:00,46.74215986748827,46.86689876510574,46.56253555038078,46.841949462890625,4700
2025-11-11 19:00:00-05:00,46.96170160543774,47.086440503214554,46.85193076631749,47.02057647705078,4400
2025-11-12 19:00:00-05:00,46.81201256454415,46.81201256454415,46.043620511233875,46.10349655151367,5100
2025-11-13 19:00:00-05:00,45.784163240174315,46.15338928859904,45.64445629248544,45.80910873413086,8600
2025-11-16 19:00:00-05:00,45.74824188878234,45.89393682965798,44.91598052362415,45.1634635925293,6900
2025-11-17 19:00:00-05:00,44.79623229562382,45.14550349293024,44.64654790254596,44.911991119384766,7600
2025-11-18 19:00:00-05:00,44.92595964591715,45.00579055702518,44.42700407962318,44.81618881225586,4900
2025-11-19 19:00:00-05:00,45.47481110255832,45.47481110255832,43.63865442211146,43.71050262451172,6200
2025-11-20 19:00:00-05:00,43.86817410466326,44.90500527172453,43.86817410466326,44.636566162109375,4000
2025-11-23 19:00:00-05:00,44.78625348960264,45.08562607333519,44.78625348960264,44.95689392089844,9300
2025-11-24 19:00:00-05:00,45.25526811098025,45.98374658400154,45.25526811098025,45.89493179321289,6300
2025-11-25 19:00:00-05:00,46.083539312601566,46.43280670833396,46.083539312601566,46.15339279174805,5100
2025-11-27 19:00:00-05:00,46.22324348115246,46.67230425336958,46.22324348115246,46.57849884033203,6800
2025-11-30 19:00:00-05:00,46.31305816145485,46.8569217393375,46.31305816145485,46.592472076416016,8600
2025-12-01 19:00:00-05:00,46.52261568280537,46.871886861352365,46.422826092779864,46.702239990234375,6000
2025-12-02 19:00:00-05:00,46.90381741722006,46.9916348444832,46.77209317968977,46.83695983886719,4600
2025-12-03 19:00:00-05:00,46.92178474723679,46.92178474723679,46.60744409189395,46.78207778930664,4400
2025-12-04 19:00:00-05:00,46.76211869924806,47.43071736541151,46.76211869924806,47.03155517578125,4900
2025-12-07 19:00:00-05:00,47.11138523535903,47.11138523535903,46.61442818505977,46.712223052978516,5100
2025-12-08 19:00:00-05:00,46.58349197701836,46.88186720939699,46.58349197701836,46.76012420654297,4500
2025-12-09 19:00:00-05:00,46.582494747142526,47.09242894985431,46.582494747142526,46.99163818359375,3900
2025-12-10 19:00:00-05:00,46.87188857747324,47.41075771276102,46.87188857747324,47.340904235839844,9600
2025-12-11 19:00:00-05:00,47.66323031460173,47.710133021389595,47.201196207714,47.25109100341797,9200
2025-12-14 19:00:00-05:00,47.400781544186565,47.400781544186565,46.89683532714844,46.89683532714844,4300
2025-12-15 19:00:00-05:00,47.06148901871783,47.131342493695406,46.83196991425882,47.00859832763672,4400
2025-12-16 19:00:00-05:00,47.02755896413107,47.750045641582034,46.62739562988281,46.62739562988281,4900
2025-12-17 19:00:00-05:00,46.93176194083051,47.87977833052067,46.93176194083051,47.095420837402344,7000
2025-12-18 19:00:00-05:00,47.009598682948116,47.62031980030283,46.52261528574658,46.993629455566406,4300
2025-12-21 19:00:00-05:00,47.051511215430686,47.19121816429645,46.97566975651372,47.04851531982422,10600
2025-12-22 19:00:00-05:00,46.88685433642259,47.013587951660156,46.82697829911418,47.013587951660156,4100
2025-12-23 19:00:00-05:00,46.96170110772341,47.390803216066224,46.96170110772341,47.30099105834961,3400
2025-12-25 19:00:00-05:00,47.3908023857957,47.3908023857957,47.19121939361885,47.32793045043945,2300
2025-12-28 19:00:00-05:00,47.12136565695596,47.350884764335795,47.11138441370135,47.29500198364258,4600
2025-12-29 19:00:00-05:00,47.20000076293945,47.34000015258789,47.034000396728516,47.19900131225586,13600
2025-12-30 19:00:00-05:00,47.07500076293945,47.130001068115234,46.92499923706055,46.92499923706055,3800
2026-01-01 19:00:00-05:00,46.88100051879883,47.0099983215332,46.619998931884766,46.70500183105469,6600
2026-01-04 19:00:00-05:00,46.709999084472656,47.939998626708984,46.709999084472656,47.55500030517578,7000
2026-01-05 19:00:00-05:00,47.400001525878906,48.220001220703125,47.400001525878906,48.165000915527344,4900
2026-01-06 19:00:00-05:00,48.20000076293945,48.31999969482422,48.0,48.0,47900
2026-01-07 19:00:00-05:00,47.62099838256836,48.560001373291016,47.62099838256836,48.314998626708984,4800
2026-01-08 19:00:00-05:00,48.31999969482422,49.09000015258789,47.77000045776367,48.380001068115234,7700
2026-01-11 19:00:00-05:00,48.04999923706055,48.349998474121094,47.8120002746582,48.185001373291016,5100
2026-01-12 19:00:00-05:00,48.209999084472656,48.209999084472656,47.880001068115234,48.150001525878906,5900
2026-01-13 19:00:00-05:00,47.88999938964844,47.88999938964844,46.810001373291016,47.56999969482422,14600
2026-01-14 19:00:00-05:00,47.82099914550781,47.82099914550781,47.459999084472656,47.564998626708984,3700
2026-01-15 19:00:00-05:00,47.26499938964844,47.31999969482422,47.11000061035156,47.11000061035156,5900
2026-01-19 19:00:00-05:00,46.380001068115234,46.779998779296875,46.220001220703125,46.30099868774414,18300
2026-01-20 19:00:00-05:00,46.38399887084961,47.9900016784668,45.310001373291016,47.016998291015625,15300
2026-01-21 19:00:00-05:00,47.31999969482422,47.810001373291016,47.119998931884766,47.319000244140625,22100
2026-01-22 19:00:00-05:00,47.321998596191406,48.5099983215332,47.150001525878906,47.27000045776367,23400
