Date,Open,High,Low,Close,Volume
2024-12-18 19:00:00-05:00,0.0280000008642673,0.0289999991655349,0.0270000007003545,0.0280000008642673,109900
2024-12-19 19:00:00-05:00,0.0260000005364418,0.0309999994933605,0.0260000005364418,0.0309999994933605,212000
2024-12-22 19:00:00-05:00,0.0280000008642673,0.0320000015199184,0.0280000008642673,0.0309999994933605,183700
2024-12-23 19:00:00-05:00,0.0309999994933605,0.0320000015199184,0.0289999991655349,0.0299999993294477,160100
2024-12-25 19:00:00-05:00,0.0260000005364418,0.0309999994933605,0.0260000005364418,0.0299999993294477,107100
2024-12-26 19:00:00-05:00,0.0289999991655349,0.0299999993294477,0.025000000372529,0.0270000007003545,326500
2024-12-29 19:00:00-05:00,0.0270000007003545,0.0309999994933605,0.0260000005364418,0.0270000007003545,318000
2024-12-30 19:00:00-05:00,0.0410000011324882,0.0509999990463256,0.0340000018477439,0.0460000000894069,3664800
2025-01-01 19:00:00-05:00,0.0469999983906745,0.0469999983906745,0.0399999991059303,0.0399999991059303,836600
2025-01-02 19:00:00-05:00,0.0450000017881393,0.0529999993741512,0.0419999994337558,0.0509999990463256,848000
2025-01-05 19:00:00-05:00,0.0549999997019767,0.0599999986588954,0.050000000745058,0.050000000745058,850600
2025-01-06 19:00:00-05:00,0.050000000745058,0.0540000014007091,0.0489999987185001,0.0509999990463256,211100
2025-01-07 19:00:00-05:00,0.050000000745058,0.0529999993741512,0.0469999983906745,0.0469999983906745,209600
2025-01-09 19:00:00-05:00,0.0469999983906745,0.0549999997019767,0.0469999983906745,0.0480000004172325,302300
2025-01-12 19:00:00-05:00,0.0509999990463256,0.0520000010728836,0.0469999983906745,0.0469999983906745,90400
2025-01-13 19:00:00-05:00,0.0469999983906745,0.0520000010728836,0.0469999983906745,0.0480000004172325,76700
2025-01-14 19:00:00-05:00,0.0460000000894069,0.0489999987185001,0.0439999997615814,0.0460000000894069,142600
2025-01-15 19:00:00-05:00,0.0450000017881393,0.0480000004172325,0.0450000017881393,0.0450000017881393,1100
2025-01-16 19:00:00-05:00,0.0450000017881393,0.0450000017881393,0.0450000017881393,0.0450000017881393,3700
2025-01-20 19:00:00-05:00,0.0450000017881393,0.0480000004172325,0.0450000017881393,0.0480000004172325,4000
2025-01-21 19:00:00-05:00,0.0460000000894069,0.0460000000894069,0.0439999997615814,0.0439999997615814,7200
2025-01-22 19:00:00-05:00,0.0460000000894069,0.050000000745058,0.0439999997615814,0.0469999983906745,103400
2025-01-23 19:00:00-05:00,0.0450000017881393,0.0509999990463256,0.0450000017881393,0.0480000004172325,59100
2025-01-26 19:00:00-05:00,0.0480000004172325,0.0480000004172325,0.0419999994337558,0.0439999997615814,47600
2025-01-27 19:00:00-05:00,0.0439999997615814,0.0469999983906745,0.0439999997615814,0.0439999997615814,9300
2025-01-28 19:00:00-05:00,0.0469999983906745,0.0469999983906745,0.0430000014603138,0.0439999997615814,180000
2025-01-29 19:00:00-05:00,0.0430000014603138,0.0469999983906745,0.0430000014603138,0.0450000017881393,61200
2025-01-30 19:00:00-05:00,0.0430000014603138,0.0450000017881393,0.0430000014603138,0.0439999997615814,24900
2025-02-02 19:00:00-05:00,0.0439999997615814,0.0480000004172325,0.0419999994337558,0.0450000017881393,82400
2025-02-03 19:00:00-05:00,0.0450000017881393,0.0480000004172325,0.0450000017881393,0.0450000017881393,114300
2025-02-04 19:00:00-05:00,0.0439999997615814,0.0450000017881393,0.0439999997615814,0.0439999997615814,24400
2025-02-05 19:00:00-05:00,0.0460000000894069,0.0469999983906745,0.0439999997615814,0.0460000000894069,15900
2025-02-06 19:00:00-05:00,0.0430000014603138,0.0460000000894069,0.0419999994337558,0.0419999994337558,142800
2025-02-09 19:00:00-05:00,0.0430000014603138,0.0450000017881393,0.0399999991059303,0.0450000017881393,151200
2025-02-10 19:00:00-05:00,0.0450000017881393,0.0450000017881393,0.0399999991059303,0.0399999991059303,487800
2025-02-11 19:00:00-05:00,0.0410000011324882,0.0439999997615814,0.0399999991059303,0.0399999991059303,167600
2025-02-12 19:00:00-05:00,0.0390000008046627,0.0419999994337558,0.0379999987781047,0.0410000011324882,28900
2025-02-13 19:00:00-05:00,0.0379999987781047,0.0419999994337558,0.0379999987781047,0.0419999994337558,35100
2025-02-17 19:00:00-05:00,0.0399999991059303,0.0419999994337558,0.0399999991059303,0.0419999994337558,13600
2025-02-18 19:00:00-05:00,0.0399999991059303,0.0450000017881393,0.0399999991059303,0.0439999997615814,89100
2025-02-19 19:00:00-05:00,0.0419999994337558,0.0430000014603138,0.0410000011324882,0.0430000014603138,50200
2025-02-20 19:00:00-05:00,0.0450000017881393,0.0450000017881393,0.0410000011324882,0.0410000011324882,35100
2025-02-23 19:00:00-05:00,0.0410000011324882,0.0439999997615814,0.0410000011324882,0.0410000011324882,39500
2025-02-24 19:00:00-05:00,0.0419999994337558,0.0450000017881393,0.0390000008046627,0.0390000008046627,205900
2025-02-25 19:00:00-05:00,0.0410000011324882,0.0430000014603138,0.0410000011324882,0.0430000014603138,5200
2025-02-26 19:00:00-05:00,0.0419999994337558,0.0419999994337558,0.0419999994337558,0.0419999994337558,500
2025-02-27 19:00:00-05:00,0.0430000014603138,0.0430000014603138,0.0379999987781047,0.0379999987781047,23500
2025-03-02 19:00:00-05:00,0.0379999987781047,0.0430000014603138,0.0379999987781047,0.0399999991059303,205500
2025-03-03 19:00:00-05:00,0.0410000011324882,0.0419999994337558,0.0379999987781047,0.0379999987781047,2800
2025-03-04 19:00:00-05:00,0.0379999987781047,0.0379999987781047,0.0379999987781047,0.0379999987781047,10700
2025-03-05 19:00:00-05:00,0.0370000004768371,0.0439999997615814,0.0370000004768371,0.0379999987781047,13800
2025-03-06 19:00:00-05:00,0.0399999991059303,0.0399999991059303,0.0399999991059303,0.0399999991059303,4900
2025-03-09 20:00:00-04:00,0.0450000017881393,0.0450000017881393,0.0359999984502792,0.0359999984502792,155200
2025-03-10 20:00:00-04:00,0.0399999991059303,0.0399999991059303,0.0359999984502792,0.0359999984502792,5300
2025-03-11 20:00:00-04:00,0.0390000008046627,0.0430000014603138,0.0350000001490116,0.0379999987781047,129700
2025-03-12 20:00:00-04:00,0.0359999984502792,0.0399999991059303,0.0340000018477439,0.0359999984502792,13900
2025-03-13 20:00:00-04:00,0.0340000018477439,0.0379999987781047,0.0340000018477439,0.0340000018477439,56100
2025-03-16 20:00:00-04:00,0.0350000001490116,0.0370000004768371,0.0350000001490116,0.0350000001490116,3700
2025-03-17 20:00:00-04:00,0.0350000001490116,0.0350000001490116,0.0350000001490116,0.0350000001490116,0
2025-03-18 20:00:00-04:00,0.0350000001490116,0.0399999991059303,0.0340000018477439,0.0370000004768371,3600
2025-03-19 20:00:00-04:00,0.0439999997615814,0.0439999997615814,0.0340000018477439,0.0370000004768371,21200
2025-03-20 20:00:00-04:00,0.0340000018477439,0.0399999991059303,0.032999999821186,0.032999999821186,336800
2025-03-23 20:00:00-04:00,0.032999999821186,0.0359999984502792,0.032999999821186,0.0340000018477439,4600
2025-03-24 20:00:00-04:00,0.0359999984502792,0.0359999984502792,0.032999999821186,0.0350000001490116,40700
2025-03-25 20:00:00-04:00,0.0340000018477439,0.0359999984502792,0.032999999821186,0.0340000018477439,495100
2025-03-26 20:00:00-04:00,0.032999999821186,0.0350000001490116,0.032999999821186,0.032999999821186,229700
2025-03-27 20:00:00-04:00,0.032999999821186,0.032999999821186,0.032999999821186,0.032999999821186,1700
2025-03-30 20:00:00-04:00,0.0379999987781047,0.0379999987781047,0.0299999993294477,0.0299999993294477,261900
2025-03-31 20:00:00-04:00,0.0299999993294477,0.0299999993294477,0.0299999993294477,0.0299999993294477,5200
2025-04-01 20:00:00-04:00,0.0299999993294477,0.0299999993294477,0.0280000008642673,0.0280000008642673,230400
2025-04-02 20:00:00-04:00,0.0280000008642673,0.0289999991655349,0.0280000008642673,0.0280000008642673,5700
2025-04-03 20:00:00-04:00,0.0299999993294477,0.0299999993294477,0.025000000372529,0.025000000372529,300600
2025-04-06 20:00:00-04:00,0.025000000372529,0.0270000007003545,0.025000000372529,0.0270000007003545,10200
2025-04-07 20:00:00-04:00,0.0280000008642673,0.0280000008642673,0.025000000372529,0.0270000007003545,28600
2025-04-08 20:00:00-04:00,0.0260000005364418,0.0260000005364418,0.0240000002086162,0.0260000005364418,187900
2025-04-09 20:00:00-04:00,0.025000000372529,0.0260000005364418,0.025000000372529,0.0260000005364418,85400
2025-04-10 20:00:00-04:00,0.025000000372529,0.0260000005364418,0.0240000002086162,0.0240000002086162,91700
2025-04-13 20:00:00-04:00,0.025000000372529,0.0270000007003545,0.025000000372529,0.0270000007003545,64400
2025-04-14 20:00:00-04:00,0.0260000005364418,0.0270000007003545,0.025000000372529,0.0270000007003545,280400
2025-04-15 20:00:00-04:00,0.025000000372529,0.0260000005364418,0.025000000372529,0.0260000005364418,3100
2025-04-16 20:00:00-04:00,0.025000000372529,0.0270000007003545,0.025000000372529,0.025000000372529,12300
2025-04-20 20:00:00-04:00,0.025000000372529,0.025000000372529,0.0240000002086162,0.025000000372529,164500
2025-04-21 20:00:00-04:00,0.025000000372529,0.0260000005364418,0.025000000372529,0.025000000372529,18400
2025-04-22 20:00:00-04:00,0.025000000372529,0.025000000372529,0.025000000372529,0.025000000372529,700
2025-04-23 20:00:00-04:00,0.0230000000447034,0.025000000372529,0.0230000000447034,0.025000000372529,2500
2025-04-24 20:00:00-04:00,0.025000000372529,0.0260000005364418,0.025000000372529,0.025000000372529,24800
2025-04-27 20:00:00-04:00,0.0240000002086162,0.0240000002086162,0.0240000002086162,0.0240000002086162,100
2025-04-28 20:00:00-04:00,0.0260000005364418,0.0260000005364418,0.0230000000447034,0.0230000000447034,215000
2025-04-29 20:00:00-04:00,0.0219999998807907,0.0219999998807907,0.0219999998807907,0.0219999998807907,200
2025-04-30 20:00:00-04:00,0.0240000002086162,0.0240000002086162,0.0219999998807907,0.0219999998807907,92300
2025-05-01 20:00:00-04:00,0.0219999998807907,0.0240000002086162,0.0219999998807907,0.0240000002086162,37000
2025-05-04 20:00:00-04:00,0.0240000002086162,0.025000000372529,0.0209999997168779,0.0240000002086162,374600
2025-05-05 20:00:00-04:00,0.0240000002086162,0.0240000002086162,0.0219999998807907,0.0240000002086162,5200
2025-05-06 20:00:00-04:00,0.0219999998807907,0.0230000000447034,0.0219999998807907,0.0230000000447034,1500
2025-05-07 20:00:00-04:00,0.0240000002086162,0.0240000002086162,0.0230000000447034,0.0230000000447034,15000
2025-05-08 20:00:00-04:00,0.0230000000447034,0.0240000002086162,0.0230000000447034,0.0230000000447034,11700
2025-05-11 20:00:00-04:00,0.0230000000447034,0.0240000002086162,0.0230000000447034,0.0240000002086162,54100
2025-05-12 20:00:00-04:00,0.0230000000447034,0.0240000002086162,0.0230000000447034,0.0240000002086162,9300
2025-05-13 20:00:00-04:00,0.0240000002086162,0.025000000372529,0.0230000000447034,0.0240000002086162,71700
2025-05-14 20:00:00-04:00,0.0240000002086162,0.0240000002086162,0.0230000000447034,0.0240000002086162,38200
2025-05-15 20:00:00-04:00,0.0240000002086162,0.0240000002086162,0.0240000002086162,0.0240000002086162,25300
2025-05-18 20:00:00-04:00,0.0240000002086162,0.0240000002086162,0.0240000002086162,0.0240000002086162,21200
2025-05-19 20:00:00-04:00,0.0240000002086162,0.0240000002086162,0.0240000002086162,0.0240000002086162,10200
2025-05-20 20:00:00-04:00,0.0240000002086162,0.0240000002086162,0.0240000002086162,0.0240000002086162,6800
2025-05-21 20:00:00-04:00,0.0240000002086162,0.0240000002086162,0.0230000000447034,0.0230000000447034,18700
2025-05-22 20:00:00-04:00,0.0240000002086162,0.025000000372529,0.0230000000447034,0.0240000002086162,89700
2025-05-26 20:00:00-04:00,0.0240000002086162,0.025000000372529,0.0240000002086162,0.0240000002086162,21600
2025-05-27 20:00:00-04:00,0.0240000002086162,0.0240000002086162,0.0240000002086162,0.0240000002086162,40100
2025-05-28 20:00:00-04:00,0.0240000002086162,0.0240000002086162,0.0240000002086162,0.0240000002086162,25200
2025-05-29 20:00:00-04:00,0.025000000372529,0.0260000005364418,0.0240000002086162,0.025000000372529,136500
2025-06-01 20:00:00-04:00,0.0240000002086162,0.0270000007003545,0.0240000002086162,0.025000000372529,47000
2025-06-02 20:00:00-04:00,0.025000000372529,0.0260000005364418,0.0240000002086162,0.0260000005364418,5000
2025-06-03 20:00:00-04:00,0.025000000372529,0.0260000005364418,0.0240000002086162,0.0240000002086162,64300
2025-06-04 20:00:00-04:00,0.0260000005364418,0.0260000005364418,0.0240000002086162,0.0240000002086162,46600
2025-06-05 20:00:00-04:00,0.025000000372529,0.025000000372529,0.0240000002086162,0.0240000002086162,28300
2025-06-08 20:00:00-04:00,0.0240000002086162,0.0240000002086162,0.0240000002086162,0.0240000002086162,24400
2025-06-09 20:00:00-04:00,0.025000000372529,0.0260000005364418,0.0240000002086162,0.0240000002086162,22200
2025-06-10 20:00:00-04:00,0.025000000372529,0.0280000008642673,0.025000000372529,0.0280000008642673,59100
2025-06-11 20:00:00-04:00,0.0280000008642673,0.0370000004768371,0.0280000008642673,0.032999999821186,188000
2025-06-12 20:00:00-04:00,0.0299999993294477,0.0350000001490116,0.0270000007003545,0.0270000007003545,220400
2025-06-15 20:00:00-04:00,0.0280000008642673,0.0289999991655349,0.0270000007003545,0.0289999991655349,3100
2025-06-16 20:00:00-04:00,0.032999999821186,0.032999999821186,0.0280000008642673,0.0280000008642673,66400
2025-06-17 20:00:00-04:00,0.0299999993294477,0.032999999821186,0.0280000008642673,0.0280000008642673,4000
2025-06-19 20:00:00-04:00,0.0280000008642673,0.032999999821186,0.0280000008642673,0.0280000008642673,7500
2025-06-22 20:00:00-04:00,0.0270000007003545,0.032999999821186,0.0270000007003545,0.0280000008642673,47700
2025-06-23 20:00:00-04:00,0.0270000007003545,0.0299999993294477,0.0270000007003545,0.0289999991655349,25200
2025-06-24 20:00:00-04:00,0.0289999991655349,0.0299999993294477,0.0270000007003545,0.0289999991655349,18300
2025-06-25 20:00:00-04:00,0.0289999991655349,0.0289999991655349,0.0270000007003545,0.0289999991655349,43200
2025-06-26 20:00:00-04:00,0.0280000008642673,0.0299999993294477,0.0260000005364418,0.0289999991655349,28400
2025-06-29 20:00:00-04:00,0.0270000007003545,0.0270000007003545,0.0270000007003545,0.0270000007003545,400
2025-06-30 20:00:00-04:00,0.0260000005364418,0.0270000007003545,0.0260000005364418,0.0260000005364418,89600
2025-07-01 20:00:00-04:00,0.0260000005364418,0.0260000005364418,0.0260000005364418,0.0260000005364418,0
2025-07-02 20:00:00-04:00,0.0260000005364418,0.0289999991655349,0.0260000005364418,0.0289999991655349,2200
2025-07-06 20:00:00-04:00,0.0260000005364418,0.0299999993294477,0.0260000005364418,0.0260000005364418,56000
2025-07-07 20:00:00-04:00,0.0270000007003545,0.0280000008642673,0.0260000005364418,0.0280000008642673,17300
2025-07-08 20:00:00-04:00,0.0289999991655349,0.0309999994933605,0.0260000005364418,0.0280000008642673,46900
2025-07-09 20:00:00-04:00,0.0260000005364418,0.0299999993294477,0.0260000005364418,0.0270000007003545,270600
2025-07-10 20:00:00-04:00,0.0299999993294477,0.0299999993294477,0.0270000007003545,0.0270000007003545,9900
2025-07-13 20:00:00-04:00,0.0280000008642673,0.0280000008642673,0.0260000005364418,0.0260000005364418,52200
2025-07-14 20:00:00-04:00,0.0260000005364418,0.0299999993294477,0.0260000005364418,0.0299999993294477,26100
2025-07-15 20:00:00-04:00,0.0260000005364418,0.0299999993294477,0.0260000005364418,0.0299999993294477,27100
2025-07-16 20:00:00-04:00,0.0260000005364418,0.0289999991655349,0.0260000005364418,0.0270000007003545,40400
2025-07-17 20:00:00-04:00,0.025000000372529,0.0260000005364418,0.025000000372529,0.025000000372529,38100
2025-07-20 20:00:00-04:00,0.025000000372529,0.0260000005364418,0.025000000372529,0.0260000005364418,81100
2025-07-21 20:00:00-04:00,0.025000000372529,0.0270000007003545,0.025000000372529,0.025000000372529,375500
2025-07-22 20:00:00-04:00,0.0240000002086162,0.025000000372529,0.0240000002086162,0.025000000372529,15000
2025-07-23 20:00:00-04:00,0.0240000002086162,0.0260000005364418,0.0240000002086162,0.0240000002086162,171500
2025-07-24 20:00:00-04:00,0.0240000002086162,0.0270000007003545,0.0240000002086162,0.025000000372529,58700
2025-07-27 20:00:00-04:00,0.0280000008642673,0.0280000008642673,0.025000000372529,0.0260000005364418,1500
2025-07-28 20:00:00-04:00,0.0260000005364418,0.0260000005364418,0.0240000002086162,0.025000000372529,263000
2025-07-29 20:00:00-04:00,0.025000000372529,0.0260000005364418,0.0240000002086162,0.0260000005364418,158700
2025-07-30 20:00:00-04:00,0.0230000000447034,0.025000000372529,0.0230000000447034,0.0240000002086162,9700
2025-07-31 20:00:00-04:00,0.025000000372529,0.0260000005364418,0.0230000000447034,0.0230000000447034,8400
2025-08-03 20:00:00-04:00,0.0230000000447034,0.0230000000447034,0.0230000000447034,0.0230000000447034,700
2025-08-04 20:00:00-04:00,0.0230000000447034,0.0240000002086162,0.0230000000447034,0.0230000000447034,35700
2025-08-05 20:00:00-04:00,0.0230000000447034,0.0240000002086162,0.0230000000447034,0.0240000002086162,18100
2025-08-06 20:00:00-04:00,0.0230000000447034,0.0240000002086162,0.0230000000447034,0.0240000002086162,4100
2025-08-07 20:00:00-04:00,0.0240000002086162,0.025000000372529,0.0230000000447034,0.0230000000447034,8200
2025-08-10 20:00:00-04:00,0.0230000000447034,0.0230000000447034,0.0230000000447034,0.0230000000447034,52900
2025-08-11 20:00:00-04:00,0.025000000372529,0.025000000372529,0.0230000000447034,0.0230000000447034,106300
2025-08-12 20:00:00-04:00,0.0240000002086162,0.0270000007003545,0.0209999997168779,0.0230000000447034,206900
2025-08-13 20:00:00-04:00,0.0230000000447034,0.025000000372529,0.0219999998807907,0.0219999998807907,159600
2025-08-14 20:00:00-04:00,0.0230000000447034,0.0230000000447034,0.0219999998807907,0.0230000000447034,7700
2025-08-17 20:00:00-04:00,0.025000000372529,0.025000000372529,0.0219999998807907,0.0240000002086162,204000
2025-08-18 20:00:00-04:00,0.0240000002086162,0.025000000372529,0.0219999998807907,0.0219999998807907,39200
2025-08-19 20:00:00-04:00,0.025000000372529,0.025000000372529,0.0219999998807907,0.0230000000447034,8500
2025-08-20 20:00:00-04:00,0.0219999998807907,0.025000000372529,0.0219999998807907,0.0240000002086162,8600
2025-08-21 20:00:00-04:00,0.0240000002086162,0.025000000372529,0.0230000000447034,0.0230000000447034,33900
2025-08-24 20:00:00-04:00,0.0219999998807907,0.0240000002086162,0.0219999998807907,0.0219999998807907,32300
2025-08-25 20:00:00-04:00,0.0219999998807907,0.0219999998807907,0.0209999997168779,0.0209999997168779,30600
2025-08-26 20:00:00-04:00,0.0209999997168779,0.0219999998807907,0.0209999997168779,0.0219999998807907,30400
2025-08-27 20:00:00-04:00,0.0209999997168779,0.0230000000447034,0.0209999997168779,0.0219999998807907,48100
2025-08-28 20:00:00-04:00,0.0209999997168779,0.0209999997168779,0.0199999995529651,0.0199999995529651,364800
2025-09-01 20:00:00-04:00,0.0199999995529651,0.0209999997168779,0.0199999995529651,0.0199999995529651,17800
2025-09-02 20:00:00-04:00,0.0199999995529651,0.0199999995529651,0.0189999993890523,0.0189999993890523,64000
2025-09-03 20:00:00-04:00,0.0189999993890523,0.0199999995529651,0.0179999992251396,0.0179999992251396,139700
2025-09-04 20:00:00-04:00,0.0179999992251396,0.0189999993890523,0.0170000009238719,0.0170000009238719,68600
2025-09-07 20:00:00-04:00,0.0179999992251396,0.0179999992251396,0.0160000007599592,0.0160000007599592,89300
2025-09-08 20:00:00-04:00,0.0160000007599592,0.0170000009238719,0.0149999996647238,0.0160000007599592,309700
2025-09-09 20:00:00-04:00,0.0160000007599592,0.0189999993890523,0.0160000007599592,0.0170000009238719,87300
2025-09-10 20:00:00-04:00,0.0179999992251396,0.0199999995529651,0.0170000009238719,0.0199999995529651,31100
2025-09-11 20:00:00-04:00,0.0209999997168779,0.0219999998807907,0.0170000009238719,0.0219999998807907,28700
2025-09-14 20:00:00-04:00,0.0179999992251396,0.0179999992251396,0.0179999992251396,0.0179999992251396,1700
2025-09-15 20:00:00-04:00,0.0179999992251396,0.0199999995529651,0.0179999992251396,0.0179999992251396,26100
2025-09-16 20:00:00-04:00,0.0179999992251396,0.0179999992251396,0.0179999992251396,0.0179999992251396,4900
2025-09-17 20:00:00-04:00,0.0199999995529651,0.0209999997168779,0.0179999992251396,0.0199999995529651,233200
2025-09-18 20:00:00-04:00,0.0179999992251396,0.0209999997168779,0.0179999992251396,0.0179999992251396,1900
2025-09-21 20:00:00-04:00,0.0179999992251396,0.0240000002086162,0.0179999992251396,0.0209999997168779,123400
2025-09-22 20:00:00-04:00,0.0179999992251396,0.0199999995529651,0.0179999992251396,0.0179999992251396,2800
2025-09-23 20:00:00-04:00,0.0179999992251396,0.0199999995529651,0.0179999992251396,0.0179999992251396,13100
2025-09-24 20:00:00-04:00,0.0179999992251396,0.0179999992251396,0.0179999992251396,0.0179999992251396,1900
2025-09-25 20:00:00-04:00,0.0199999995529651,0.0219999998807907,0.0179999992251396,0.0179999992251396,13000
2025-09-28 20:00:00-04:00,0.0189999993890523,0.0189999993890523,0.0189999993890523,0.0189999993890523,200
2025-09-29 20:00:00-04:00,0.0199999995529651,0.0199999995529651,0.0179999992251396,0.0179999992251396,6000
2025-09-30 20:00:00-04:00,0.0179999992251396,0.0199999995529651,0.0179999992251396,0.0199999995529651,600
2025-10-01 20:00:00-04:00,0.0189999993890523,0.0219999998807907,0.0189999993890523,0.0189999993890523,28600
2025-10-02 20:00:00-04:00,0.0189999993890523,0.0219999998807907,0.0179999992251396,0.0189999993890523,32600
2025-10-05 20:00:00-04:00,0.0179999992251396,0.0199999995529651,0.0179999992251396,0.0179999992251396,67600
2025-10-06 20:00:00-04:00,0.0199999995529651,0.0209999997168779,0.0179999992251396,0.0179999992251396,187400
2025-10-07 20:00:00-04:00,0.0189999993890523,0.0189999993890523,0.0179999992251396,0.0179999992251396,55800
2025-10-08 20:00:00-04:00,0.0179999992251396,0.0189999993890523,0.0179999992251396,0.0179999992251396,45100
2025-10-09 20:00:00-04:00,0.0189999993890523,0.0199999995529651,0.0179999992251396,0.0179999992251396,71400
2025-10-12 20:00:00-04:00,0.0179999992251396,0.0179999992251396,0.0160000007599592,0.0170000009238719,267400
2025-10-13 20:00:00-04:00,0.0160000007599592,0.0170000009238719,0.0160000007599592,0.0170000009238719,125100
2025-10-14 20:00:00-04:00,0.0189999993890523,0.0189999993890523,0.0179999992251396,0.0179999992251396,29900
2025-10-15 20:00:00-04:00,0.0160000007599592,0.0179999992251396,0.0160000007599592,0.0160000007599592,16700
2025-10-16 20:00:00-04:00,0.0170000009238719,0.0170000009238719,0.0170000009238719,0.0170000009238719,4700
2025-10-19 20:00:00-04:00,0.0160000007599592,0.0179999992251396,0.0149999996647238,0.0179999992251396,8300
2025-10-20 20:00:00-04:00,0.0160000007599592,0.0179999992251396,0.0160000007599592,0.0160000007599592,67000
2025-10-21 20:00:00-04:00,0.0179999992251396,0.0280000008642673,0.0170000009238719,0.0230000000447034,2745600
2025-10-22 20:00:00-04:00,0.025000000372529,0.025000000372529,0.0219999998807907,0.0240000002086162,871400
2025-10-23 20:00:00-04:00,0.0240000002086162,0.025000000372529,0.0230000000447034,0.0240000002086162,294200
2025-10-26 20:00:00-04:00,0.0230000000447034,0.0270000007003545,0.0230000000447034,0.0270000007003545,613900
2025-10-27 20:00:00-04:00,0.0270000007003545,0.0289999991655349,0.0270000007003545,0.0270000007003545,67100
2025-10-28 20:00:00-04:00,0.0289999991655349,0.0299999993294477,0.0260000005364418,0.0280000008642673,116400
2025-10-29 20:00:00-04:00,0.0270000007003545,0.0289999991655349,0.0270000007003545,0.0289999991655349,24100
2025-10-30 20:00:00-04:00,0.0289999991655349,0.0289999991655349,0.025000000372529,0.0270000007003545,261700
2025-11-02 19:00:00-05:00,0.0270000007003545,0.0270000007003545,0.0230000000447034,0.0230000000447034,161600
2025-11-03 19:00:00-05:00,0.0240000002086162,0.0260000005364418,0.0230000000447034,0.0240000002086162,374900
2025-11-04 19:00:00-05:00,0.0240000002086162,0.025000000372529,0.0240000002086162,0.0240000002086162,122300
2025-11-05 19:00:00-05:00,0.0240000002086162,0.0240000002086162,0.0230000000447034,0.0230000000447034,91100
2025-11-06 19:00:00-05:00,0.0230000000447034,0.0240000002086162,0.0230000000447034,0.0240000002086162,13200
2025-11-09 19:00:00-05:00,0.0240000002086162,0.0260000005364418,0.0240000002086162,0.025000000372529,35400
2025-11-10 19:00:00-05:00,0.025000000372529,0.025000000372529,0.0240000002086162,0.0240000002086162,12100
2025-11-11 19:00:00-05:00,0.0240000002086162,0.0240000002086162,0.0240000002086162,0.0240000002086162,0
2025-11-12 19:00:00-05:00,0.0240000002086162,0.0240000002086162,0.0240000002086162,0.0240000002086162,300
2025-11-13 19:00:00-05:00,0.0240000002086162,0.025000000372529,0.0240000002086162,0.025000000372529,19800
2025-11-16 19:00:00-05:00,0.0240000002086162,0.0240000002086162,0.0219999998807907,0.0230000000447034,143400
2025-11-17 19:00:00-05:00,0.0230000000447034,0.0230000000447034,0.0230000000447034,0.0230000000447034,1000
2025-11-18 19:00:00-05:00,0.0219999998807907,0.0240000002086162,0.0219999998807907,0.0240000002086162,9100
2025-11-19 19:00:00-05:00,0.0199999995529651,0.0230000000447034,0.0199999995529651,0.0199999995529651,74300
2025-11-20 19:00:00-05:00,0.0199999995529651,0.0289999991655349,0.0199999995529651,0.0209999997168779,22000
2025-11-23 19:00:00-05:00,0.0230000000447034,0.0230000000447034,0.0209999997168779,0.0219999998807907,4100
2025-11-24 19:00:00-05:00,0.0240000002086162,0.0240000002086162,0.0209999997168779,0.0209999997168779,8500
2025-11-25 19:00:00-05:00,0.0209999997168779,0.0209999997168779,0.0209999997168779,0.0209999997168779,7900
2025-11-27 19:00:00-05:00,0.0209999997168779,0.0240000002086162,0.0209999997168779,0.0219999998807907,16000
2025-11-30 19:00:00-05:00,0.0209999997168779,0.025000000372529,0.0209999997168779,0.0209999997168779,100800
2025-12-01 19:00:00-05:00,0.025000000372529,0.0270000007003545,0.0240000002086162,0.0260000005364418,147400
2025-12-02 19:00:00-05:00,0.0260000005364418,0.0260000005364418,0.0240000002086162,0.0240000002086162,4400
2025-12-03 19:00:00-05:00,0.025000000372529,0.0260000005364418,0.0240000002086162,0.025000000372529,11200
2025-12-04 19:00:00-05:00,0.0240000002086162,0.0280000008642673,0.0240000002086162,0.0240000002086162,53300
2025-12-07 19:00:00-05:00,0.0240000002086162,0.025000000372529,0.0240000002086162,0.025000000372529,3600
2025-12-08 19:00:00-05:00,0.0240000002086162,0.0260000005364418,0.0240000002086162,0.0260000005364418,3700
2025-12-09 19:00:00-05:00,0.0260000005364418,0.0260000005364418,0.0240000002086162,0.0240000002086162,9500
2025-12-10 19:00:00-05:00,0.0240000002086162,0.0240000002086162,0.0240000002086162,0.0240000002086162,300
2025-12-11 19:00:00-05:00,0.0240000002086162,0.0240000002086162,0.0240000002086162,0.0240000002086162,4600
2025-12-14 19:00:00-05:00,0.0240000002086162,0.0280000008642673,0.0240000002086162,0.0240000002086162,12500
2025-12-15 19:00:00-05:00,0.025000000372529,0.025000000372529,0.0240000002086162,0.0240000002086162,40600
2025-12-16 19:00:00-05:00,0.0240000002086162,0.0260000005364418,0.0240000002086162,0.0240000002086162,7200
2025-12-17 19:00:00-05:00,0.0280000008642673,0.0280000008642673,0.0230000000447034,0.0230000000447034,34200
2025-12-18 00:00:00,0.02800000086426735,0.02800000086426735,0.023000000044703484,0.023000000044703484,34200
